# Blender 4.1.1
# www.blender.org
mtllib SPACE.mtl
o SugoiMan
v -4.144184 0.036029 1.365977
v -4.131886 0.028726 1.365949
v -4.119592 0.022088 1.365920
v -4.107213 0.016107 1.365891
v -4.094661 0.010780 1.365862
v -4.081851 0.006099 1.365832
v -4.068693 0.002061 1.365801
v -4.055101 -0.001342 1.365770
v -4.040988 -0.004113 1.365737
v -4.026266 -0.006259 1.365703
v -4.010847 -0.007786 1.365667
v -3.994645 -0.008697 1.365629
v -3.977571 -0.009000 1.365589
v -3.946371 -0.007007 1.365517
v -3.917416 -0.001220 1.365449
v -3.890750 0.008070 1.365387
v -3.866416 0.020575 1.365331
v -3.844458 0.036005 1.365280
v -3.824919 0.054070 1.365234
v -3.807844 0.074481 1.365194
v -3.793276 0.096948 1.365161
v -3.781259 0.121183 1.365133
v -3.771837 0.146894 1.365111
v -3.765052 0.173794 1.365095
v -3.760949 0.201593 1.365085
v -3.759572 0.230000 1.365082
v -3.761076 0.260582 1.365086
v -3.765503 0.289470 1.365096
v -3.772722 0.316534 1.365113
v -3.782599 0.341643 1.365136
v -3.795006 0.364665 1.365165
v -3.809811 0.385470 1.365199
v -3.826882 0.403926 1.365239
v -3.846089 0.419903 1.365283
v -3.867301 0.433268 1.365333
v -3.890386 0.443892 1.365386
v -3.915213 0.451642 1.365444
v -3.941652 0.456389 1.365506
v -3.969571 0.458000 1.365571
v -3.996254 0.456560 1.365633
v -4.021320 0.452234 1.365691
v -4.044680 0.445010 1.365746
v -4.066243 0.434878 1.365796
v -4.085918 0.421826 1.365842
v -4.103616 0.405843 1.365883
v -4.119247 0.386920 1.365919
v -4.132720 0.365044 1.365950
v -4.143946 0.340205 1.365977
v -4.152834 0.312392 1.365997
v -4.159295 0.281594 1.366012
v -4.163237 0.247801 1.366022
v -4.164571 0.211000 1.366025
v -3.848572 0.211000 1.365289
v -3.852458 0.191226 1.365298
v -3.857653 0.172987 1.365310
v -3.864151 0.156291 1.365325
v -3.871945 0.141147 1.365344
v -3.881031 0.127561 1.365365
v -3.891404 0.115543 1.365389
v -3.903058 0.105101 1.365416
v -3.915987 0.096244 1.365446
v -3.930186 0.088978 1.365479
v -3.945649 0.083312 1.365515
v -3.962371 0.079255 1.365554
v -3.980347 0.076815 1.365596
v -3.999571 0.076000 1.365641
v -4.011981 0.076352 1.365669
v -4.024295 0.077398 1.365698
v -4.036525 0.079122 1.365727
v -4.048681 0.081506 1.365755
v -4.060774 0.084534 1.365783
v -4.072816 0.088191 1.365811
v -4.084816 0.092460 1.365839
v -4.096787 0.097324 1.365867
v -4.108738 0.102766 1.365895
v -4.120682 0.108772 1.365922
v -4.132627 0.115324 1.365950
v -4.144587 0.122405 1.365978
v -4.156571 0.130000 1.366006
v -4.156571 0.044000 1.366006
v -4.075243 0.285240 1.365817
v -4.072672 0.299544 1.365811
v -4.068889 0.312862 1.365802
v -4.063925 0.325144 1.365790
v -4.057815 0.336343 1.365776
v -4.050590 0.346408 1.365759
v -4.042284 0.355290 1.365740
v -4.032929 0.362941 1.365718
v -4.022558 0.369311 1.365694
v -4.011204 0.374351 1.365668
v -3.998900 0.378012 1.365639
v -3.985678 0.380245 1.365608
v -3.971571 0.381000 1.365575
v -3.956359 0.380294 1.365540
v -3.942111 0.378193 1.365507
v -3.928833 0.374720 1.365476
v -3.916529 0.369901 1.365447
v -3.905206 0.363761 1.365421
v -3.894868 0.356323 1.365397
v -3.885522 0.347612 1.365375
v -3.877173 0.337654 1.365356
v -3.869826 0.326472 1.365339
v -3.863487 0.314091 1.365324
v -3.858162 0.300535 1.365312
v -3.853854 0.285830 1.365301
v -3.850571 0.270000 1.365294
v -4.076571 0.270000 1.365820
v -3.662094 0.339426 1.364855
v -3.651160 0.346039 1.364830
v -3.640710 0.351876 1.364806
v -3.630682 0.356976 1.364782
v -3.621018 0.361376 1.364760
v -3.611657 0.365116 1.364738
v -3.602540 0.368233 1.364717
v -3.593605 0.370766 1.364696
v -3.584793 0.372752 1.364675
v -3.576044 0.374230 1.364655
v -3.567297 0.375239 1.364635
v -3.558493 0.375816 1.364614
v -3.549572 0.376000 1.364594
v -3.531338 0.374931 1.364551
v -3.514076 0.371782 1.364511
v -3.497871 0.366635 1.364473
v -3.482807 0.359578 1.364438
v -3.468969 0.350693 1.364406
v -3.456443 0.340066 1.364377
v -3.445312 0.327781 1.364351
v -3.435661 0.313923 1.364328
v -3.427575 0.298576 1.364310
v -3.421138 0.281826 1.364295
v -3.416436 0.263757 1.364284
v -3.413553 0.244453 1.364277
v -3.412573 0.224000 1.364275
v -3.413625 0.203204 1.364277
v -3.416731 0.183773 1.364284
v -3.421814 0.165760 1.364296
v -3.428798 0.149216 1.364312
v -3.437607 0.134193 1.364333
v -3.448163 0.120744 1.364357
v -3.460390 0.108919 1.364386
v -3.474213 0.098771 1.364418
v -3.489554 0.090352 1.364454
v -3.506337 0.083713 1.364493
v -3.524485 0.078907 1.364535
v -3.543922 0.075985 1.364580
v -3.564572 0.075000 1.364628
v -3.573311 0.075178 1.364649
v -3.582009 0.075710 1.364669
v -3.590695 0.076598 1.364689
v -3.599401 0.077840 1.364709
v -3.608156 0.079438 1.364730
v -3.616991 0.081391 1.364750
v -3.625934 0.083698 1.364771
v -3.635017 0.086361 1.364792
v -3.644269 0.089379 1.364814
v -3.653721 0.092751 1.364836
v -3.663402 0.096479 1.364858
v -3.673342 0.100562 1.364882
v -3.683572 0.105000 1.364905
v -3.683572 0.017000 1.364905
v -3.676186 0.013809 1.364888
v -3.667943 0.010717 1.364869
v -3.658944 0.007750 1.364848
v -3.649289 0.004936 1.364825
v -3.639079 0.002303 1.364802
v -3.628417 -0.000123 1.364777
v -3.617402 -0.002315 1.364751
v -3.606135 -0.004244 1.364725
v -3.594719 -0.005883 1.364699
v -3.583254 -0.007206 1.364672
v -3.571840 -0.008184 1.364645
v -3.560579 -0.008792 1.364619
v -3.549572 -0.009000 1.364594
v -3.519384 -0.007374 1.364523
v -3.490763 -0.002593 1.364457
v -3.463857 0.005194 1.364394
v -3.438814 0.015841 1.364336
v -3.415781 0.029200 1.364282
v -3.394905 0.045123 1.364233
v -3.376334 0.063463 1.364190
v -3.360216 0.084072 1.364153
v -3.346698 0.106804 1.364121
v -3.335927 0.131510 1.364096
v -3.328051 0.158043 1.364078
v -3.323217 0.186255 1.364067
v -3.321573 0.216000 1.364063
v -3.323084 0.249177 1.364066
v -3.327549 0.280328 1.364077
v -3.334870 0.309343 1.364094
v -3.344950 0.336113 1.364117
v -3.357691 0.360529 1.364147
v -3.372992 0.382482 1.364182
v -3.390757 0.401862 1.364224
v -3.410887 0.418560 1.364271
v -3.433284 0.432467 1.364323
v -3.457849 0.443474 1.364380
v -3.484485 0.451471 1.364442
v -3.513092 0.456350 1.364509
v -3.543572 0.458000 1.364579
v -3.555282 0.457789 1.364607
v -3.566456 0.457166 1.364633
v -3.577164 0.456144 1.364658
v -3.587472 0.454737 1.364682
v -3.597450 0.452959 1.364705
v -3.607166 0.450823 1.364727
v -3.616688 0.448343 1.364750
v -3.626085 0.445532 1.364771
v -3.635424 0.442405 1.364793
v -3.644774 0.438974 1.364815
v -3.654203 0.435254 1.364837
v -3.663779 0.431258 1.364859
v -3.673572 0.427000 1.364882
v -3.673572 0.332000 1.364882
v -3.255521 0.020101 1.363909
v -3.247226 0.014848 1.363890
v -3.239593 0.010208 1.363872
v -3.232524 0.006153 1.363856
v -3.225925 0.002652 1.363840
v -3.219700 -0.000324 1.363826
v -3.213754 -0.002806 1.363812
v -3.207990 -0.004824 1.363799
v -3.202314 -0.006407 1.363785
v -3.196630 -0.007587 1.363772
v -3.190842 -0.008392 1.363759
v -3.184855 -0.008853 1.363745
v -3.178573 -0.009000 1.363730
v -3.169890 -0.008750 1.363710
v -3.161833 -0.007991 1.363691
v -3.154388 -0.006714 1.363674
v -3.147540 -0.004907 1.363658
v -3.141277 -0.002559 1.363643
v -3.135585 0.000340 1.363630
v -3.130450 0.003802 1.363618
v -3.125858 0.007837 1.363607
v -3.121796 0.012457 1.363598
v -3.118250 0.017673 1.363590
v -3.115207 0.023494 1.363583
v -3.112653 0.029933 1.363577
v -3.110573 0.037000 1.363572
v -3.101539 0.030130 1.363551
v -3.092439 0.023825 1.363530
v -3.083278 0.018082 1.363508
v -3.074064 0.012900 1.363487
v -3.064800 0.008274 1.363465
v -3.055492 0.004203 1.363444
v -3.046146 0.000684 1.363422
v -3.036767 -0.002286 1.363400
v -3.027361 -0.004711 1.363378
v -3.017934 -0.006591 1.363356
v -3.008489 -0.007931 1.363334
v -2.999034 -0.008733 1.363312
v -2.989573 -0.009000 1.363290
v -2.974743 -0.008098 1.363256
v -2.960754 -0.005475 1.363223
v -2.947666 -0.001258 1.363193
v -2.935540 0.004429 1.363165
v -2.924435 0.011460 1.363139
v -2.914411 0.019708 1.363115
v -2.905529 0.029049 1.363095
v -2.897849 0.039357 1.363077
v -2.891430 0.050506 1.363062
v -2.886333 0.062370 1.363050
v -2.882618 0.074824 1.363041
v -2.880345 0.087743 1.363036
v -2.879574 0.101000 1.363034
v -2.880971 0.120466 1.363038
v -2.884998 0.137897 1.363047
v -2.891409 0.153460 1.363062
v -2.899958 0.167321 1.363082
v -2.910400 0.179648 1.363106
v -2.922489 0.190607 1.363134
v -2.935979 0.200364 1.363166
v -2.950624 0.209086 1.363200
v -2.966178 0.216939 1.363236
v -2.982396 0.224091 1.363274
v -2.999032 0.230707 1.363312
v -3.015839 0.236954 1.363351
v -3.032573 0.243000 1.363390
v -3.111573 0.271000 1.363574
v -3.111573 0.295000 1.363574
v -3.111094 0.307342 1.363573
v -3.109656 0.318539 1.363570
v -3.107260 0.328620 1.363564
v -3.103905 0.337611 1.363556
v -3.099591 0.345539 1.363546
v -3.094319 0.352433 1.363534
v -3.088088 0.358319 1.363520
v -3.080899 0.363224 1.363503
v -3.072751 0.367176 1.363484
v -3.063645 0.370203 1.363463
v -3.053580 0.372330 1.363439
v -3.042556 0.373587 1.363414
v -3.030574 0.374000 1.363386
v -3.019252 0.373590 1.363359
v -3.007916 0.372349 1.363333
v -2.996589 0.370264 1.363307
v -2.985292 0.367322 1.363280
v -2.974047 0.363508 1.363254
v -2.962875 0.358810 1.363228
v -2.951799 0.353214 1.363202
v -2.940840 0.346705 1.363177
v -2.930021 0.339270 1.363152
v -2.919363 0.330896 1.363127
v -2.908888 0.321569 1.363103
v -2.898618 0.311274 1.363079
v -2.888574 0.300000 1.363055
v -2.888574 0.397000 1.363055
v -2.896900 0.406089 1.363075
v -2.905729 0.414436 1.363095
v -2.915066 0.422042 1.363117
v -2.924916 0.428911 1.363140
v -2.935285 0.435045 1.363164
v -2.946179 0.440447 1.363189
v -2.957602 0.445121 1.363216
v -2.969561 0.449067 1.363244
v -2.982060 0.452290 1.363273
v -2.995105 0.454792 1.363303
v -3.008703 0.456576 1.363335
v -3.022857 0.457645 1.363368
v -3.037574 0.458000 1.363402
v -3.058212 0.457179 1.363450
v -3.078031 0.454697 1.363496
v -3.096886 0.450528 1.363540
v -3.114633 0.444644 1.363581
v -3.131125 0.437017 1.363620
v -3.146220 0.427620 1.363655
v -3.159772 0.416427 1.363686
v -3.171636 0.403409 1.363714
v -3.181667 0.388540 1.363737
v -3.189721 0.371792 1.363756
v -3.195653 0.353137 1.363770
v -3.199319 0.332549 1.363778
v -3.200573 0.310000 1.363781
v -3.200573 0.079000 1.363781
v -3.200679 0.075270 1.363782
v -3.200995 0.071917 1.363782
v -3.201519 0.068927 1.363783
v -3.202248 0.066286 1.363785
v -3.203179 0.063982 1.363787
v -3.204309 0.062000 1.363790
v -3.205636 0.060326 1.363793
v -3.207156 0.058947 1.363797
v -3.208868 0.057850 1.363801
v -3.210769 0.057020 1.363805
v -3.212855 0.056444 1.363810
v -3.215124 0.056109 1.363815
v -3.217573 0.056000 1.363821
v -3.219807 0.056158 1.363826
v -3.222341 0.056628 1.363832
v -3.225156 0.057401 1.363839
v -3.228233 0.058469 1.363846
v -3.231554 0.059823 1.363853
v -3.235098 0.061457 1.363862
v -3.238847 0.063360 1.363870
v -3.242782 0.065526 1.363880
v -3.246883 0.067945 1.363889
v -3.251132 0.070611 1.363899
v -3.255510 0.073514 1.363909
v -3.259996 0.076646 1.363920
v -3.264573 0.080000 1.363930
v -3.264573 0.026000 1.363930
v -3.094238 0.215988 1.363534
v -3.077411 0.209902 1.363495
v -3.061244 0.203668 1.363457
v -3.045892 0.197213 1.363421
v -3.031506 0.190464 1.363388
v -3.018239 0.183345 1.363357
v -3.006246 0.175785 1.363329
v -2.995677 0.167708 1.363304
v -2.986688 0.159041 1.363284
v -2.979430 0.149711 1.363267
v -2.974056 0.139643 1.363254
v -2.970720 0.128764 1.363246
v -2.969574 0.117000 1.363244
v -2.970045 0.108664 1.363245
v -2.971429 0.100759 1.363248
v -2.973679 0.093326 1.363253
v -2.976747 0.086407 1.363261
v -2.980589 0.080043 1.363269
v -2.985157 0.074274 1.363280
v -2.990405 0.069141 1.363292
v -2.996286 0.064685 1.363306
v -3.002755 0.060948 1.363321
v -3.009765 0.057969 1.363337
v -3.017269 0.055792 1.363355
v -3.025220 0.054455 1.363373
v -3.033574 0.054000 1.363393
v -3.040000 0.054246 1.363408
v -3.046355 0.054976 1.363422
v -3.052639 0.056175 1.363437
v -3.058852 0.057831 1.363451
v -3.064994 0.059929 1.363466
v -3.071064 0.062455 1.363480
v -3.077065 0.065397 1.363494
v -3.082994 0.068740 1.363508
v -3.088851 0.072471 1.363521
v -3.094638 0.076576 1.363535
v -3.100354 0.081042 1.363548
v -3.105999 0.085854 1.363561
v -3.111573 0.091000 1.363574
v -3.111573 0.222000 1.363574
v -2.410575 -0.230000 1.361943
v -2.410575 0.449000 1.361943
v -2.564575 0.449000 1.362301
v -2.601083 0.447585 1.362386
v -2.634890 0.443363 1.362465
v -2.665959 0.436366 1.362537
v -2.694249 0.426628 1.362603
v -2.719724 0.414180 1.362662
v -2.742346 0.399056 1.362715
v -2.762075 0.381288 1.362761
v -2.778874 0.360909 1.362800
v -2.792704 0.337952 1.362832
v -2.803527 0.312450 1.362857
v -2.811306 0.284436 1.362875
v -2.816000 0.253941 1.362886
v -2.817574 0.221000 1.362890
v -2.815913 0.190581 1.362886
v -2.811036 0.161733 1.362875
v -2.803097 0.134605 1.362856
v -2.792252 0.109348 1.362831
v -2.778657 0.086112 1.362800
v -2.762468 0.065046 1.362762
v -2.743840 0.046303 1.362718
v -2.722929 0.030030 1.362670
v -2.699890 0.016380 1.362616
v -2.674880 0.005502 1.362558
v -2.648053 -0.002455 1.362496
v -2.619567 -0.007339 1.362429
v -2.589575 -0.009000 1.362360
v -2.582914 -0.008893 1.362344
v -2.576299 -0.008567 1.362329
v -2.569707 -0.008017 1.362313
v -2.563112 -0.007238 1.362298
v -2.556489 -0.006223 1.362283
v -2.549814 -0.004969 1.362267
v -2.543063 -0.003469 1.362251
v -2.536211 -0.001717 1.362235
v -2.529234 0.000291 1.362219
v -2.522106 0.002561 1.362203
v -2.514803 0.005099 1.362185
v -2.507301 0.007910 1.362168
v -2.499575 0.011000 1.362150
v -2.499575 -0.230000 1.362150
v -2.505840 0.088107 1.362165
v -2.512168 0.085430 1.362179
v -2.518550 0.082971 1.362194
v -2.524979 0.080733 1.362209
v -2.531446 0.078720 1.362224
v -2.537943 0.076933 1.362239
v -2.544462 0.075375 1.362255
v -2.550994 0.074050 1.362270
v -2.557532 0.072959 1.362285
v -2.564067 0.072106 1.362300
v -2.570592 0.071493 1.362315
v -2.577097 0.071124 1.362330
v -2.583575 0.071000 1.362346
v -2.602304 0.072117 1.362389
v -2.620115 0.075395 1.362431
v -2.636907 0.080721 1.362470
v -2.652580 0.087983 1.362506
v -2.667032 0.097070 1.362540
v -2.680162 0.107868 1.362570
v -2.691869 0.120268 1.362598
v -2.702052 0.134155 1.362621
v -2.710611 0.149419 1.362641
v -2.717443 0.165948 1.362657
v -2.722449 0.183629 1.362669
v -2.725526 0.202350 1.362676
v -2.726574 0.222000 1.362678
v -2.725704 0.242762 1.362676
v -2.723098 0.262099 1.362670
v -2.718758 0.279970 1.362660
v -2.712686 0.296332 1.362646
v -2.704885 0.311147 1.362628
v -2.695359 0.324371 1.362606
v -2.684109 0.335966 1.362579
v -2.671139 0.345889 1.362549
v -2.656451 0.354100 1.362515
v -2.640047 0.360557 1.362477
v -2.621932 0.365220 1.362435
v -2.602107 0.368048 1.362389
v -2.580575 0.369000 1.362339
v -2.499575 0.369000 1.362150
v -2.499575 0.091000 1.362150
v -2.281230 0.544010 1.361642
v -2.267977 0.554699 1.361611
v -2.254840 0.564129 1.361580
v -2.241838 0.572362 1.361550
v -2.228995 0.579462 1.361520
v -2.216333 0.585492 1.361491
v -2.203872 0.590514 1.361462
v -2.191635 0.594591 1.361434
v -2.179645 0.597786 1.361405
v -2.167922 0.600161 1.361378
v -2.156488 0.601780 1.361352
v -2.145365 0.602706 1.361326
v -2.134576 0.603000 1.361301
v -2.120369 0.602422 1.361268
v -2.106876 0.600722 1.361236
v -2.094168 0.597949 1.361207
v -2.082322 0.594152 1.361179
v -2.071409 0.589379 1.361154
v -2.061503 0.583681 1.361131
v -2.052679 0.577106 1.361110
v -2.045011 0.569704 1.361092
v -2.038571 0.561523 1.361077
v -2.033434 0.552613 1.361065
v -2.029673 0.543023 1.361057
v -2.027363 0.532802 1.361051
v -2.026576 0.522000 1.361049
v -2.031544 0.493970 1.361061
v -2.045375 0.469701 1.361093
v -2.066456 0.448230 1.361142
v -2.093176 0.428598 1.361204
v -2.123925 0.409843 1.361276
v -2.157090 0.391002 1.361353
v -2.191061 0.371116 1.361432
v -2.224227 0.349223 1.361509
v -2.254976 0.324361 1.361581
v -2.281696 0.295569 1.361643
v -2.302777 0.261885 1.361692
v -2.316607 0.222350 1.361724
v -2.321576 0.176000 1.361736
v -2.320162 0.151845 1.361732
v -2.316014 0.128853 1.361723
v -2.309274 0.107158 1.361707
v -2.300085 0.086895 1.361686
v -2.288588 0.068196 1.361659
v -2.274925 0.051196 1.361627
v -2.259238 0.036029 1.361591
v -2.241670 0.022827 1.361550
v -2.222363 0.011726 1.361505
v -2.201458 0.002859 1.361456
v -2.179096 -0.003640 1.361404
v -2.155422 -0.007638 1.361349
v -2.130576 -0.009000 1.361291
v -2.113742 -0.008644 1.361252
v -2.097376 -0.007569 1.361214
v -2.081447 -0.005768 1.361177
v -2.065924 -0.003232 1.361141
v -2.050779 0.000046 1.361106
v -2.035980 0.004076 1.361071
v -2.021498 0.008865 1.361037
v -2.007303 0.014421 1.361004
v -1.993364 0.020753 1.360972
v -1.979652 0.027868 1.360940
v -1.966137 0.035776 1.360909
v -1.952789 0.044484 1.360878
v -1.939577 0.054000 1.360847
v -1.939577 0.178000 1.360847
v -1.951341 0.163748 1.360874
v -1.963544 0.150543 1.360903
v -1.976158 0.138399 1.360932
v -1.989160 0.127335 1.360962
v -2.002526 0.117365 1.360993
v -2.016230 0.108507 1.361025
v -2.030248 0.100777 1.361058
v -2.044556 0.094191 1.361091
v -2.059128 0.088766 1.361125
v -2.073941 0.084518 1.361160
v -2.088970 0.081463 1.361195
v -2.104190 0.079619 1.361230
v -2.119576 0.079000 1.361266
v -2.136389 0.079826 1.361305
v -2.151764 0.082197 1.361341
v -2.165715 0.085956 1.361373
v -2.178260 0.090944 1.361402
v -2.189414 0.097002 1.361428
v -2.199195 0.103972 1.361451
v -2.207619 0.111696 1.361471
v -2.214702 0.120016 1.361487
v -2.220460 0.128772 1.361501
v -2.224910 0.137807 1.361511
v -2.228069 0.146963 1.361518
v -2.229952 0.156080 1.361523
v -2.230576 0.165000 1.361524
v -2.225608 0.195454 1.361513
v -2.211777 0.222279 1.361480
v -2.190696 0.246283 1.361431
v -2.163976 0.268274 1.361369
v -2.133227 0.289060 1.361297
v -2.100062 0.309451 1.361220
v -2.066091 0.330254 1.361141
v -2.032925 0.352277 1.361064
v -2.002176 0.376330 1.360993
v -1.975456 0.403220 1.360930
v -1.954375 0.433757 1.360881
v -1.940545 0.468747 1.360849
v -1.935576 0.509000 1.360838
v -1.937014 0.533891 1.360841
v -1.941257 0.557278 1.360851
v -1.948197 0.579075 1.360867
v -1.957730 0.599198 1.360889
v -1.969748 0.617562 1.360917
v -1.984144 0.634082 1.360951
v -2.000813 0.648675 1.360989
v -2.019647 0.661255 1.361033
v -2.040540 0.671737 1.361082
v -2.063387 0.680038 1.361135
v -2.088079 0.686071 1.361192
v -2.114511 0.689754 1.361254
v -2.142576 0.691000 1.361319
v -2.154574 0.690716 1.361347
v -2.166561 0.689864 1.361375
v -2.178526 0.688444 1.361403
v -2.190459 0.686456 1.361431
v -2.202348 0.683899 1.361458
v -2.214182 0.680775 1.361486
v -2.225951 0.677083 1.361513
v -2.237643 0.672822 1.361541
v -2.249249 0.667994 1.361567
v -2.260755 0.662598 1.361594
v -2.272152 0.656633 1.361621
v -2.283429 0.650101 1.361647
v -2.294575 0.643000 1.361673
v -2.294575 0.532000 1.361673
v -1.547578 0.390000 1.359935
v -1.555701 0.399600 1.359954
v -1.564348 0.408543 1.359974
v -1.573476 0.416807 1.359995
v -1.583040 0.424376 1.360017
v -1.592999 0.431229 1.360040
v -1.603306 0.437347 1.360064
v -1.613920 0.442712 1.360089
v -1.624795 0.447304 1.360114
v -1.635890 0.451103 1.360140
v -1.647159 0.454092 1.360166
v -1.658559 0.456250 1.360193
v -1.670046 0.457559 1.360220
v -1.681577 0.458000 1.360247
v -1.701457 0.456934 1.360293
v -1.720406 0.453729 1.360337
v -1.738309 0.448377 1.360379
v -1.755052 0.440871 1.360417
v -1.770519 0.431202 1.360453
v -1.784595 0.419362 1.360486
v -1.797168 0.405342 1.360515
v -1.808120 0.389135 1.360541
v -1.817339 0.370732 1.360562
v -1.824708 0.350126 1.360580
v -1.830114 0.327307 1.360592
v -1.833442 0.302268 1.360600
v -1.834577 0.275000 1.360603
v -1.834577 -0.000000 1.360603
v -1.745577 -0.000000 1.360395
v -1.745577 0.278000 1.360395
v -1.744980 0.292813 1.360394
v -1.743214 0.306756 1.360390
v -1.740317 0.319772 1.360383
v -1.736328 0.331808 1.360374
v -1.731285 0.342809 1.360362
v -1.725226 0.352720 1.360348
v -1.718189 0.361487 1.360332
v -1.710213 0.369055 1.360313
v -1.701335 0.375370 1.360292
v -1.691594 0.380376 1.360270
v -1.681029 0.384020 1.360245
v -1.669677 0.386246 1.360219
v -1.657577 0.387000 1.360191
v -1.648711 0.386676 1.360170
v -1.640076 0.385682 1.360150
v -1.631622 0.383989 1.360130
v -1.623296 0.381567 1.360111
v -1.615047 0.378386 1.360092
v -1.606822 0.374416 1.360073
v -1.598570 0.369626 1.360053
v -1.590238 0.363987 1.360034
v -1.581776 0.357468 1.360014
v -1.573131 0.350041 1.359994
v -1.564250 0.341673 1.359973
v -1.555083 0.332336 1.359952
v -1.545578 0.322000 1.359930
v -1.545578 -0.000000 1.359930
v -1.456578 -0.000000 1.359723
v -1.456578 0.682000 1.359723
v -1.545578 0.682000 1.359930
v -1.545578 0.390000 1.359930
v -1.323098 0.340280 1.359412
v -1.311754 0.346900 1.359386
v -1.300578 0.352872 1.359360
v -1.289597 0.358211 1.359334
v -1.278843 0.362929 1.359309
v -1.268346 0.367042 1.359285
v -1.258136 0.370562 1.359261
v -1.248242 0.373503 1.359238
v -1.238696 0.375878 1.359216
v -1.229526 0.377702 1.359195
v -1.220763 0.378988 1.359174
v -1.212437 0.379749 1.359155
v -1.204579 0.380000 1.359136
v -1.196506 0.379703 1.359118
v -1.188923 0.378829 1.359100
v -1.181855 0.377407 1.359084
v -1.175331 0.375463 1.359068
v -1.169378 0.373025 1.359055
v -1.164023 0.370119 1.359042
v -1.159294 0.366774 1.359031
v -1.155217 0.363017 1.359022
v -1.151820 0.358874 1.359014
v -1.149130 0.354374 1.359007
v -1.147175 0.349543 1.359003
v -1.145982 0.344410 1.359000
v -1.145579 0.339000 1.358999
v -1.146120 0.334305 1.359000
v -1.147778 0.329420 1.359004
v -1.150605 0.324294 1.359011
v -1.154653 0.318878 1.359020
v -1.159973 0.313124 1.359033
v -1.166618 0.306982 1.359048
v -1.174639 0.300403 1.359067
v -1.184089 0.293338 1.359089
v -1.195019 0.285737 1.359114
v -1.207481 0.277553 1.359143
v -1.221527 0.268734 1.359176
v -1.237209 0.259233 1.359212
v -1.254578 0.249000 1.359253
v -1.270830 0.237997 1.359291
v -1.285468 0.227543 1.359325
v -1.298546 0.217547 1.359355
v -1.310120 0.207920 1.359382
v -1.320243 0.198572 1.359406
v -1.328971 0.189412 1.359426
v -1.336358 0.180351 1.359443
v -1.342458 0.171298 1.359457
v -1.347327 0.162162 1.359469
v -1.351019 0.152855 1.359477
v -1.353588 0.143286 1.359483
v -1.355090 0.133364 1.359487
v -1.355578 0.123000 1.359488
v -1.354478 0.105243 1.359485
v -1.351254 0.088483 1.359478
v -1.346017 0.072793 1.359466
v -1.338879 0.058248 1.359449
v -1.329952 0.044921 1.359428
v -1.319349 0.032885 1.359404
v -1.307180 0.022215 1.359375
v -1.293559 0.012985 1.359344
v -1.278597 0.005267 1.359309
v -1.262406 -0.000864 1.359271
v -1.245098 -0.005335 1.359231
v -1.226785 -0.008071 1.359188
v -1.207579 -0.009000 1.359143
v -1.195087 -0.008801 1.359114
v -1.182948 -0.008190 1.359086
v -1.171087 -0.007144 1.359059
v -1.159431 -0.005643 1.359031
v -1.147906 -0.003663 1.359005
v -1.136439 -0.001184 1.358978
v -1.124955 0.001817 1.358951
v -1.113381 0.005361 1.358924
v -1.101643 0.009471 1.358897
v -1.089668 0.014168 1.358869
v -1.077381 0.019474 1.358841
v -1.064710 0.025411 1.358811
v -1.051579 0.032000 1.358781
v -1.051579 0.128000 1.358781
v -1.064869 0.119141 1.358811
v -1.077949 0.111022 1.358842
v -1.090786 0.103638 1.358872
v -1.103347 0.096983 1.358901
v -1.115600 0.091052 1.358930
v -1.127511 0.085839 1.358957
v -1.139048 0.081339 1.358984
v -1.150178 0.077546 1.359010
v -1.160869 0.074455 1.359035
v -1.171087 0.072060 1.359059
v -1.180800 0.070356 1.359081
v -1.189974 0.069338 1.359102
v -1.198578 0.069000 1.359123
v -1.206769 0.069728 1.359142
v -1.214680 0.070988 1.359160
v -1.222248 0.072781 1.359178
v -1.229406 0.075107 1.359194
v -1.236089 0.077965 1.359210
v -1.242231 0.081355 1.359224
v -1.247766 0.085278 1.359237
v -1.252630 0.089734 1.359248
v -1.256757 0.094722 1.359258
v -1.260080 0.100243 1.359266
v -1.262536 0.106296 1.359271
v -1.264057 0.112882 1.359275
v -1.264578 0.120000 1.359276
v -1.261042 0.133846 1.359268
v -1.251196 0.146982 1.359245
v -1.236189 0.159728 1.359210
v -1.217168 0.172402 1.359166
v -1.195279 0.185325 1.359115
v -1.171670 0.198817 1.359060
v -1.147487 0.213195 1.359004
v -1.123878 0.228781 1.358949
v -1.101989 0.245893 1.358898
v -1.082968 0.264852 1.358854
v -1.067961 0.285976 1.358819
v -1.058115 0.309586 1.358796
v -1.054579 0.336000 1.358787
v -1.055597 0.352999 1.358790
v -1.058602 0.368889 1.358797
v -1.063526 0.383626 1.358808
v -1.070295 0.397167 1.358824
v -1.078839 0.409468 1.358844
v -1.089088 0.420486 1.358868
v -1.100969 0.430177 1.358895
v -1.114413 0.438496 1.358927
v -1.129348 0.445401 1.358961
v -1.145703 0.450848 1.358999
v -1.163407 0.454792 1.359041
v -1.182389 0.457191 1.359085
v -1.202579 0.458000 1.359132
v -1.212290 0.457787 1.359154
v -1.222045 0.457144 1.359177
v -1.231852 0.456071 1.359200
v -1.241719 0.454563 1.359223
v -1.251654 0.452618 1.359246
v -1.261666 0.450233 1.359269
v -1.271763 0.447406 1.359293
v -1.281952 0.444134 1.359317
v -1.292242 0.440414 1.359341
v -1.302642 0.436243 1.359365
v -1.313159 0.431619 1.359389
v -1.323802 0.426539 1.359414
v -1.334578 0.421000 1.359439
v -1.334578 0.333000 1.359439
v -0.858579 0.057000 1.358331
v -0.849785 0.048023 1.358311
v -0.840521 0.039576 1.358289
v -0.830850 0.031692 1.358267
v -0.820835 0.024403 1.358244
v -0.810539 0.017742 1.358220
v -0.800024 0.011742 1.358195
v -0.789354 0.006436 1.358170
v -0.778591 0.001856 1.358145
v -0.767797 -0.001965 1.358120
v -0.757037 -0.004994 1.358095
v -0.746372 -0.007198 1.358070
v -0.735865 -0.008544 1.358046
v -0.725580 -0.009000 1.358022
v -0.705076 -0.007853 1.357974
v -0.685632 -0.004443 1.357929
v -0.667348 0.001188 1.357886
v -0.650327 0.008995 1.357847
v -0.634667 0.018936 1.357810
v -0.620472 0.030965 1.357777
v -0.607842 0.045040 1.357748
v -0.596877 0.061117 1.357722
v -0.587680 0.079152 1.357701
v -0.580350 0.099102 1.357684
v -0.574990 0.120922 1.357671
v -0.571700 0.144569 1.357664
v -0.570580 0.170000 1.357661
v -0.570580 0.449000 1.357661
v -0.659580 0.449000 1.357868
v -0.659580 0.164000 1.357868
v -0.660130 0.149945 1.357870
v -0.661778 0.136873 1.357873
v -0.664520 0.124809 1.357880
v -0.668356 0.113777 1.357889
v -0.673281 0.103802 1.357900
v -0.679292 0.094908 1.357914
v -0.686388 0.087121 1.357931
v -0.694566 0.080464 1.357950
v -0.703822 0.074963 1.357971
v -0.714154 0.070641 1.357995
v -0.725560 0.067523 1.358022
v -0.738036 0.065635 1.358051
v -0.751580 0.065000 1.358082
v -0.760772 0.065389 1.358104
v -0.769874 0.066551 1.358125
v -0.778867 0.068478 1.358146
v -0.787731 0.071161 1.358166
v -0.796448 0.074593 1.358187
v -0.804998 0.078764 1.358207
v -0.813362 0.083668 1.358226
v -0.821522 0.089295 1.358245
v -0.829458 0.095638 1.358264
v -0.837151 0.102688 1.358281
v -0.844581 0.110437 1.358299
v -0.851731 0.118877 1.358315
v -0.858579 0.128000 1.358331
v -0.858579 0.449000 1.358331
v -0.947579 0.449000 1.358539
v -0.947579 -0.000000 1.358539
v -0.858579 -0.000000 1.358331
v -0.316534 0.680469 1.357070
v -0.346646 0.675999 1.357140
v -0.373954 0.668777 1.357204
v -0.398492 0.658987 1.357261
v -0.420297 0.646816 1.357311
v -0.439403 0.632449 1.357356
v -0.455847 0.616072 1.357394
v -0.469663 0.597871 1.357426
v -0.480888 0.578031 1.357452
v -0.489557 0.556738 1.357473
v -0.495705 0.534178 1.357487
v -0.499367 0.510537 1.357495
v -0.500580 0.486000 1.357498
v -0.499296 0.461744 1.357495
v -0.495417 0.438471 1.357486
v -0.488905 0.416347 1.357471
v -0.479723 0.395540 1.357450
v -0.467831 0.376216 1.357422
v -0.453192 0.358542 1.357388
v -0.435768 0.342683 1.357347
v -0.415519 0.328807 1.357300
v -0.392409 0.317081 1.357247
v -0.366398 0.307670 1.357186
v -0.337448 0.300742 1.357119
v -0.305522 0.296463 1.357044
v -0.270581 0.295000 1.356963
v -0.168581 0.295000 1.356726
v -0.168581 -0.000000 1.356726
v -0.070582 -0.000000 1.356498
v -0.070582 0.682000 1.356498
v -0.283581 0.682000 1.356993
v -0.279581 0.383000 1.356984
v -0.295956 0.383688 1.357022
v -0.311351 0.385733 1.357058
v -0.325707 0.389108 1.357091
v -0.338969 0.393786 1.357122
v -0.351078 0.399739 1.357150
v -0.361978 0.406940 1.357176
v -0.371610 0.415362 1.357198
v -0.379918 0.424977 1.357217
v -0.386843 0.435759 1.357234
v -0.392330 0.447679 1.357246
v -0.396320 0.460711 1.357256
v -0.398756 0.474827 1.357261
v -0.399581 0.490000 1.357263
v -0.399085 0.501583 1.357262
v -0.397536 0.513150 1.357258
v -0.394837 0.524542 1.357252
v -0.390893 0.535600 1.357243
v -0.385607 0.546168 1.357231
v -0.378885 0.556085 1.357215
v -0.370631 0.565194 1.357196
v -0.360750 0.573336 1.357173
v -0.349145 0.580352 1.357146
v -0.335721 0.586086 1.357115
v -0.320383 0.590377 1.357079
v -0.303035 0.593068 1.357038
v -0.283581 0.594000 1.356993
v -0.168581 0.594000 1.356726
v -0.168581 0.383000 1.356726
v -4.143020 0.036029 1.865976
v -4.130723 0.028726 1.865947
v -4.118428 0.022088 1.865919
v -4.106049 0.016107 1.865890
v -4.093498 0.010780 1.865861
v -4.080687 0.006099 1.865831
v -4.067530 0.002061 1.865800
v -4.053938 -0.001342 1.865769
v -4.039824 -0.004113 1.865736
v -4.025102 -0.006259 1.865701
v -4.009684 -0.007786 1.865666
v -3.993481 -0.008697 1.865628
v -3.976408 -0.009000 1.865588
v -3.945208 -0.007007 1.865515
v -3.916253 -0.001220 1.865448
v -3.889586 0.008070 1.865386
v -3.865252 0.020575 1.865330
v -3.843294 0.036005 1.865278
v -3.823756 0.054070 1.865233
v -3.806681 0.074481 1.865193
v -3.792113 0.096948 1.865159
v -3.780096 0.121183 1.865131
v -3.770673 0.146894 1.865109
v -3.763888 0.173794 1.865094
v -3.759785 0.201593 1.865084
v -3.758408 0.230000 1.865081
v -3.759913 0.260582 1.865084
v -3.764340 0.289470 1.865095
v -3.771558 0.316534 1.865111
v -3.781436 0.341643 1.865134
v -3.793843 0.364665 1.865163
v -3.808647 0.385470 1.865198
v -3.825719 0.403926 1.865237
v -3.844926 0.419903 1.865282
v -3.866137 0.433268 1.865331
v -3.889222 0.443892 1.865385
v -3.914050 0.451642 1.865443
v -3.940489 0.456389 1.865505
v -3.968407 0.458000 1.865569
v -3.995091 0.456560 1.865632
v -4.020157 0.452234 1.865690
v -4.043517 0.445010 1.865744
v -4.065079 0.434878 1.865794
v -4.084754 0.421826 1.865840
v -4.102453 0.405843 1.865881
v -4.118083 0.386920 1.865918
v -4.131557 0.365044 1.865949
v -4.142783 0.340205 1.865975
v -4.151671 0.312392 1.865996
v -4.158131 0.281594 1.866011
v -4.162073 0.247801 1.866020
v -4.163407 0.211000 1.866023
v -3.847408 0.211000 1.865288
v -3.851295 0.191226 1.865297
v -3.856490 0.172987 1.865309
v -3.862987 0.156291 1.865324
v -3.870781 0.141147 1.865342
v -3.879868 0.127561 1.865363
v -3.890241 0.115543 1.865388
v -3.901894 0.105102 1.865415
v -3.914823 0.096244 1.865445
v -3.929022 0.088978 1.865478
v -3.944486 0.083312 1.865514
v -3.961208 0.079255 1.865553
v -3.979184 0.076815 1.865595
v -3.998408 0.076000 1.865639
v -4.010817 0.076352 1.865668
v -4.023131 0.077398 1.865697
v -4.035361 0.079122 1.865725
v -4.047517 0.081506 1.865754
v -4.059611 0.084534 1.865782
v -4.071652 0.088191 1.865810
v -4.083653 0.092460 1.865838
v -4.095623 0.097324 1.865865
v -4.107575 0.102767 1.865893
v -4.119518 0.108772 1.865921
v -4.131464 0.115324 1.865949
v -4.143424 0.122405 1.865977
v -4.155407 0.130000 1.866005
v -4.155407 0.044000 1.866005
v -4.074080 0.285240 1.865815
v -4.071509 0.299544 1.865809
v -4.067725 0.312862 1.865801
v -4.062762 0.325144 1.865789
v -4.056651 0.336343 1.865775
v -4.049427 0.346408 1.865758
v -4.041121 0.355290 1.865739
v -4.031765 0.362941 1.865717
v -4.021395 0.369311 1.865693
v -4.010041 0.374351 1.865666
v -3.997737 0.378012 1.865638
v -3.984514 0.380245 1.865607
v -3.970407 0.381000 1.865574
v -3.955195 0.380294 1.865539
v -3.940948 0.378193 1.865506
v -3.927669 0.374720 1.865475
v -3.915365 0.369901 1.865446
v -3.904042 0.363761 1.865420
v -3.893705 0.356323 1.865396
v -3.884359 0.347612 1.865374
v -3.876010 0.337654 1.865354
v -3.868663 0.326472 1.865337
v -3.862324 0.314091 1.865323
v -3.856998 0.300535 1.865310
v -3.852691 0.285830 1.865300
v -3.849408 0.270000 1.865293
v -4.075407 0.270000 1.865819
v -3.660931 0.339426 1.864854
v -3.649997 0.346039 1.864828
v -3.639546 0.351876 1.864804
v -3.629519 0.356976 1.864781
v -3.619855 0.361376 1.864758
v -3.610494 0.365116 1.864737
v -3.601376 0.368233 1.864715
v -3.592441 0.370766 1.864695
v -3.583629 0.372752 1.864674
v -3.574880 0.374230 1.864654
v -3.566134 0.375239 1.864633
v -3.557330 0.375816 1.864613
v -3.548409 0.376000 1.864592
v -3.530174 0.374931 1.864550
v -3.512912 0.371782 1.864509
v -3.496707 0.366635 1.864472
v -3.481643 0.359578 1.864437
v -3.467806 0.350693 1.864405
v -3.455279 0.340066 1.864375
v -3.444148 0.327781 1.864349
v -3.434497 0.313923 1.864327
v -3.426411 0.298576 1.864308
v -3.419975 0.281826 1.864293
v -3.415272 0.263757 1.864282
v -3.412389 0.244453 1.864276
v -3.411409 0.224000 1.864273
v -3.412462 0.203204 1.864276
v -3.415568 0.183773 1.864283
v -3.420651 0.165760 1.864295
v -3.427635 0.149216 1.864311
v -3.436443 0.134193 1.864332
v -3.446999 0.120744 1.864356
v -3.459227 0.108919 1.864385
v -3.473049 0.098771 1.864417
v -3.488390 0.090352 1.864452
v -3.505173 0.083713 1.864491
v -3.523321 0.078907 1.864534
v -3.542759 0.075985 1.864579
v -3.563409 0.075000 1.864627
v -3.572147 0.075178 1.864647
v -3.580845 0.075710 1.864668
v -3.589532 0.076598 1.864688
v -3.598238 0.077840 1.864708
v -3.606993 0.079438 1.864728
v -3.615827 0.081391 1.864749
v -3.624771 0.083698 1.864770
v -3.633854 0.086361 1.864791
v -3.643106 0.089379 1.864812
v -3.652557 0.092751 1.864835
v -3.662238 0.096479 1.864857
v -3.672179 0.100562 1.864880
v -3.682409 0.105000 1.864904
v -3.682409 0.017000 1.864904
v -3.675023 0.013809 1.864887
v -3.666780 0.010717 1.864868
v -3.657780 0.007750 1.864847
v -3.648125 0.004936 1.864824
v -3.637916 0.002303 1.864800
v -3.627253 -0.000123 1.864776
v -3.616238 -0.002315 1.864750
v -3.604972 -0.004244 1.864724
v -3.593556 -0.005883 1.864697
v -3.582090 -0.007206 1.864671
v -3.570676 -0.008184 1.864644
v -3.559416 -0.008792 1.864618
v -3.548409 -0.009000 1.864592
v -3.518220 -0.007374 1.864522
v -3.489599 -0.002593 1.864455
v -3.462694 0.005194 1.864393
v -3.437650 0.015841 1.864334
v -3.414618 0.029200 1.864281
v -3.393742 0.045123 1.864232
v -3.375171 0.063463 1.864189
v -3.359053 0.084072 1.864151
v -3.345534 0.106804 1.864120
v -3.334763 0.131510 1.864095
v -3.326887 0.158043 1.864077
v -3.322053 0.186255 1.864065
v -3.320409 0.216000 1.864062
v -3.321920 0.249177 1.864065
v -3.326385 0.280328 1.864075
v -3.333707 0.309343 1.864092
v -3.343787 0.336113 1.864116
v -3.356527 0.360529 1.864146
v -3.371829 0.382482 1.864181
v -3.389594 0.401862 1.864223
v -3.409724 0.418560 1.864269
v -3.432121 0.432467 1.864321
v -3.456686 0.443474 1.864379
v -3.483321 0.451471 1.864441
v -3.511928 0.456350 1.864507
v -3.542409 0.458000 1.864578
v -3.554118 0.457789 1.864605
v -3.565293 0.457166 1.864631
v -3.576000 0.456144 1.864656
v -3.586309 0.454737 1.864680
v -3.596287 0.452959 1.864704
v -3.606003 0.450823 1.864726
v -3.615525 0.448343 1.864748
v -3.624921 0.445532 1.864770
v -3.634260 0.442405 1.864792
v -3.643610 0.438974 1.864814
v -3.653039 0.435254 1.864836
v -3.662616 0.431258 1.864858
v -3.672408 0.427000 1.864881
v -3.672408 0.332000 1.864881
v -3.254358 0.020102 1.863908
v -3.246063 0.014848 1.863889
v -3.238429 0.010208 1.863871
v -3.231360 0.006153 1.863854
v -3.224761 0.002652 1.863839
v -3.218537 -0.000324 1.863824
v -3.212590 -0.002806 1.863811
v -3.206827 -0.004824 1.863797
v -3.201151 -0.006407 1.863784
v -3.195467 -0.007587 1.863771
v -3.189679 -0.008392 1.863757
v -3.183692 -0.008853 1.863743
v -3.177410 -0.009000 1.863729
v -3.168727 -0.008750 1.863709
v -3.160670 -0.007991 1.863690
v -3.153224 -0.006714 1.863672
v -3.146377 -0.004907 1.863657
v -3.140114 -0.002559 1.863642
v -3.134421 0.000340 1.863629
v -3.129286 0.003802 1.863617
v -3.124694 0.007838 1.863606
v -3.120632 0.012457 1.863597
v -3.117087 0.017673 1.863588
v -3.114043 0.023494 1.863581
v -3.111489 0.029933 1.863575
v -3.109410 0.037000 1.863571
v -3.100375 0.030130 1.863549
v -3.091275 0.023825 1.863528
v -3.082115 0.018082 1.863507
v -3.072900 0.012900 1.863486
v -3.063636 0.008274 1.863464
v -3.054329 0.004203 1.863442
v -3.044983 0.000684 1.863421
v -3.035604 -0.002286 1.863399
v -3.026198 -0.004711 1.863377
v -3.016770 -0.006591 1.863355
v -3.007326 -0.007931 1.863333
v -2.997871 -0.008733 1.863311
v -2.988410 -0.009000 1.863289
v -2.973579 -0.008098 1.863254
v -2.959590 -0.005475 1.863222
v -2.946503 -0.001258 1.863191
v -2.934376 0.004429 1.863163
v -2.923271 0.011460 1.863137
v -2.913248 0.019708 1.863114
v -2.904366 0.029049 1.863093
v -2.896685 0.039357 1.863075
v -2.890266 0.050506 1.863061
v -2.885170 0.062370 1.863049
v -2.881455 0.074824 1.863040
v -2.879182 0.087743 1.863035
v -2.878411 0.101000 1.863033
v -2.879807 0.120466 1.863036
v -2.883834 0.137897 1.863046
v -2.890245 0.153460 1.863060
v -2.898795 0.167321 1.863080
v -2.909237 0.179648 1.863105
v -2.921325 0.190607 1.863133
v -2.934815 0.200364 1.863164
v -2.949460 0.209086 1.863198
v -2.965014 0.216939 1.863235
v -2.981232 0.224091 1.863272
v -2.997868 0.230707 1.863311
v -3.014676 0.236955 1.863350
v -3.031410 0.243000 1.863389
v -3.110410 0.271000 1.863573
v -3.110410 0.295000 1.863573
v -3.109931 0.307342 1.863572
v -3.108493 0.318539 1.863568
v -3.106096 0.328620 1.863563
v -3.102741 0.337611 1.863555
v -3.098428 0.345539 1.863545
v -3.093155 0.352433 1.863533
v -3.086925 0.358319 1.863518
v -3.079735 0.363224 1.863502
v -3.071587 0.367176 1.863482
v -3.062481 0.370203 1.863461
v -3.052416 0.372330 1.863438
v -3.041392 0.373587 1.863412
v -3.029410 0.374000 1.863384
v -3.018088 0.373590 1.863358
v -3.006753 0.372349 1.863332
v -2.995425 0.370264 1.863305
v -2.984128 0.367322 1.863279
v -2.972883 0.363508 1.863253
v -2.961712 0.358810 1.863227
v -2.950636 0.353214 1.863201
v -2.939677 0.346705 1.863176
v -2.928858 0.339270 1.863150
v -2.918200 0.330896 1.863126
v -2.907724 0.321569 1.863101
v -2.897454 0.311274 1.863077
v -2.887411 0.300000 1.863054
v -2.887411 0.397000 1.863054
v -2.895737 0.406089 1.863073
v -2.904566 0.414436 1.863094
v -2.913902 0.422042 1.863116
v -2.923753 0.428911 1.863138
v -2.934122 0.435045 1.863163
v -2.945015 0.440447 1.863188
v -2.956439 0.445121 1.863214
v -2.968397 0.449067 1.863242
v -2.980896 0.452290 1.863271
v -2.993942 0.454792 1.863302
v -3.007539 0.456576 1.863333
v -3.021693 0.457645 1.863366
v -3.036410 0.458000 1.863401
v -3.057048 0.457179 1.863449
v -3.076867 0.454697 1.863495
v -3.095723 0.450528 1.863539
v -3.113469 0.444644 1.863580
v -3.129962 0.437017 1.863618
v -3.145057 0.427620 1.863653
v -3.158608 0.416427 1.863685
v -3.170472 0.403409 1.863713
v -3.180504 0.388540 1.863736
v -3.188558 0.371792 1.863755
v -3.194490 0.353137 1.863769
v -3.198155 0.332549 1.863777
v -3.199409 0.310000 1.863780
v -3.199409 0.079000 1.863780
v -3.199516 0.075270 1.863780
v -3.199832 0.071917 1.863781
v -3.200356 0.068927 1.863782
v -3.201085 0.066286 1.863784
v -3.202015 0.063982 1.863786
v -3.203146 0.062000 1.863789
v -3.204472 0.060326 1.863792
v -3.205993 0.058947 1.863795
v -3.207705 0.057850 1.863799
v -3.209605 0.057020 1.863804
v -3.211691 0.056444 1.863809
v -3.213960 0.056109 1.863814
v -3.216410 0.056000 1.863820
v -3.218643 0.056158 1.863825
v -3.221177 0.056628 1.863831
v -3.223992 0.057401 1.863837
v -3.227070 0.058469 1.863844
v -3.230390 0.059823 1.863852
v -3.233934 0.061457 1.863860
v -3.237684 0.063360 1.863869
v -3.241618 0.065526 1.863878
v -3.245720 0.067945 1.863888
v -3.249969 0.070611 1.863898
v -3.254346 0.073514 1.863908
v -3.258833 0.076646 1.863918
v -3.263409 0.080000 1.863929
v -3.263409 0.026000 1.863929
v -3.093075 0.215988 1.863533
v -3.076247 0.209902 1.863493
v -3.060081 0.203668 1.863456
v -3.044728 0.197214 1.863420
v -3.030342 0.190464 1.863387
v -3.017076 0.183346 1.863356
v -3.005082 0.175785 1.863328
v -2.994514 0.167708 1.863303
v -2.985524 0.159041 1.863282
v -2.978266 0.149711 1.863265
v -2.972893 0.139643 1.863253
v -2.969556 0.128764 1.863245
v -2.968410 0.117000 1.863242
v -2.968882 0.108664 1.863244
v -2.970266 0.100759 1.863247
v -2.972515 0.093326 1.863252
v -2.975584 0.086407 1.863259
v -2.979425 0.080043 1.863268
v -2.983993 0.074274 1.863279
v -2.989241 0.069141 1.863291
v -2.995123 0.064685 1.863305
v -3.001592 0.060948 1.863320
v -3.008601 0.057970 1.863336
v -3.016105 0.055792 1.863353
v -3.024057 0.054455 1.863372
v -3.032410 0.054000 1.863391
v -3.038836 0.054246 1.863406
v -3.045191 0.054976 1.863421
v -3.051475 0.056175 1.863436
v -3.057688 0.057831 1.863450
v -3.063830 0.059929 1.863464
v -3.069901 0.062455 1.863479
v -3.075901 0.065397 1.863493
v -3.081830 0.068740 1.863506
v -3.087688 0.072471 1.863520
v -3.093475 0.076576 1.863533
v -3.099191 0.081042 1.863547
v -3.104836 0.085854 1.863560
v -3.110410 0.091000 1.863573
v -3.110410 0.222000 1.863573
v -2.409412 -0.230000 1.861942
v -2.409412 0.449000 1.861942
v -2.563411 0.449000 1.862300
v -2.599920 0.447585 1.862385
v -2.633727 0.443363 1.862464
v -2.664795 0.436366 1.862536
v -2.693086 0.426628 1.862602
v -2.718561 0.414180 1.862661
v -2.741182 0.399056 1.862714
v -2.760911 0.381288 1.862760
v -2.777710 0.360909 1.862799
v -2.791540 0.337952 1.862831
v -2.802364 0.312450 1.862856
v -2.810142 0.284436 1.862874
v -2.814837 0.253941 1.862885
v -2.816411 0.221000 1.862889
v -2.814750 0.190581 1.862885
v -2.809872 0.161733 1.862874
v -2.801933 0.134605 1.862855
v -2.791089 0.109348 1.862830
v -2.777494 0.086112 1.862798
v -2.761305 0.065046 1.862761
v -2.742676 0.046303 1.862717
v -2.721765 0.030031 1.862669
v -2.698727 0.016380 1.862615
v -2.673717 0.005502 1.862557
v -2.646890 -0.002455 1.862494
v -2.618403 -0.007339 1.862428
v -2.588411 -0.009000 1.862358
v -2.581750 -0.008893 1.862343
v -2.575136 -0.008567 1.862327
v -2.568543 -0.008017 1.862312
v -2.561948 -0.007238 1.862297
v -2.555326 -0.006223 1.862281
v -2.548651 -0.004969 1.862266
v -2.541900 -0.003469 1.862250
v -2.535048 -0.001717 1.862234
v -2.528070 0.000291 1.862218
v -2.520942 0.002561 1.862201
v -2.513639 0.005099 1.862184
v -2.506137 0.007910 1.862167
v -2.498411 0.011000 1.862149
v -2.498411 -0.230000 1.862149
v -2.504677 0.088107 1.862163
v -2.511004 0.085430 1.862178
v -2.517387 0.082971 1.862193
v -2.523815 0.080733 1.862208
v -2.530282 0.078720 1.862223
v -2.536779 0.076933 1.862238
v -2.543298 0.075375 1.862253
v -2.549831 0.074050 1.862268
v -2.556369 0.072959 1.862284
v -2.562904 0.072106 1.862299
v -2.569428 0.071493 1.862314
v -2.575933 0.071124 1.862329
v -2.582411 0.071000 1.862344
v -2.601140 0.072117 1.862388
v -2.618951 0.075395 1.862429
v -2.635743 0.080721 1.862468
v -2.651416 0.087983 1.862505
v -2.665868 0.097070 1.862538
v -2.678998 0.107868 1.862569
v -2.690706 0.120268 1.862596
v -2.700889 0.134155 1.862620
v -2.709447 0.149419 1.862640
v -2.716280 0.165948 1.862656
v -2.721285 0.183629 1.862667
v -2.724362 0.202350 1.862674
v -2.725411 0.222000 1.862677
v -2.724541 0.242762 1.862675
v -2.721935 0.262099 1.862669
v -2.717594 0.279970 1.862659
v -2.711522 0.296332 1.862645
v -2.703722 0.311147 1.862626
v -2.694196 0.324371 1.862604
v -2.682946 0.335966 1.862578
v -2.669975 0.345889 1.862548
v -2.655287 0.354100 1.862514
v -2.638884 0.360557 1.862476
v -2.620769 0.365220 1.862433
v -2.600943 0.368048 1.862387
v -2.579411 0.369000 1.862337
v -2.498411 0.369000 1.862149
v -2.498411 0.091000 1.862149
v -2.280066 0.544010 1.861641
v -2.266814 0.554699 1.861610
v -2.253676 0.564129 1.861579
v -2.240675 0.572362 1.861549
v -2.227832 0.579462 1.861519
v -2.215169 0.585492 1.861490
v -2.202708 0.590514 1.861461
v -2.190472 0.594591 1.861432
v -2.178481 0.597786 1.861404
v -2.166758 0.600161 1.861377
v -2.155324 0.601780 1.861350
v -2.144202 0.602706 1.861324
v -2.133413 0.603000 1.861299
v -2.119206 0.602422 1.861266
v -2.105712 0.600722 1.861235
v -2.093005 0.597949 1.861205
v -2.081158 0.594152 1.861178
v -2.070245 0.589379 1.861152
v -2.060340 0.583681 1.861129
v -2.051516 0.577106 1.861109
v -2.043847 0.569704 1.861091
v -2.037407 0.561523 1.861076
v -2.032270 0.552613 1.861064
v -2.028510 0.543023 1.861055
v -2.026199 0.532802 1.861050
v -2.025413 0.522000 1.861048
v -2.030381 0.493970 1.861060
v -2.044211 0.469701 1.861092
v -2.065292 0.448230 1.861141
v -2.092012 0.428598 1.861203
v -2.122761 0.409843 1.861274
v -2.155927 0.391002 1.861352
v -2.189898 0.371116 1.861431
v -2.223064 0.349223 1.861508
v -2.253813 0.324361 1.861580
v -2.280533 0.295569 1.861642
v -2.301614 0.261885 1.861691
v -2.315444 0.222350 1.861723
v -2.320412 0.176000 1.861735
v -2.318998 0.151845 1.861731
v -2.314850 0.128853 1.861722
v -2.308110 0.107158 1.861706
v -2.298921 0.086895 1.861685
v -2.287424 0.068196 1.861658
v -2.273761 0.051196 1.861626
v -2.258075 0.036029 1.861589
v -2.240507 0.022828 1.861549
v -2.221199 0.011726 1.861504
v -2.200294 0.002859 1.861455
v -2.177933 -0.003640 1.861403
v -2.154259 -0.007638 1.861348
v -2.129413 -0.009000 1.861290
v -2.112579 -0.008644 1.861251
v -2.096212 -0.007569 1.861213
v -2.080283 -0.005768 1.861176
v -2.064761 -0.003232 1.861140
v -2.049615 0.000046 1.861104
v -2.034816 0.004076 1.861070
v -2.020334 0.008865 1.861036
v -2.006139 0.014421 1.861003
v -1.992201 0.020753 1.860971
v -1.978489 0.027868 1.860939
v -1.964974 0.035776 1.860907
v -1.951625 0.044484 1.860876
v -1.938413 0.054000 1.860846
v -1.938413 0.178000 1.860846
v -1.950178 0.163748 1.860873
v -1.962380 0.150543 1.860901
v -1.974995 0.138399 1.860931
v -1.987997 0.127335 1.860961
v -2.001362 0.117365 1.860992
v -2.015066 0.108507 1.861024
v -2.029084 0.100777 1.861057
v -2.043392 0.094191 1.861090
v -2.057965 0.088766 1.861124
v -2.072778 0.084518 1.861158
v -2.087806 0.081463 1.861193
v -2.103026 0.079619 1.861229
v -2.118412 0.079000 1.861264
v -2.135226 0.079826 1.861304
v -2.150600 0.082197 1.861339
v -2.164551 0.085956 1.861372
v -2.177096 0.090944 1.861401
v -2.188251 0.097002 1.861427
v -2.198032 0.103972 1.861450
v -2.206456 0.111696 1.861469
v -2.213539 0.120016 1.861486
v -2.219297 0.128772 1.861499
v -2.223747 0.137807 1.861510
v -2.226905 0.146963 1.861517
v -2.228788 0.156080 1.861521
v -2.229412 0.165000 1.861523
v -2.224444 0.195454 1.861511
v -2.210614 0.222279 1.861479
v -2.189533 0.246283 1.861430
v -2.162813 0.268274 1.861368
v -2.132064 0.289060 1.861296
v -2.098898 0.309451 1.861219
v -2.064927 0.330254 1.861140
v -2.031761 0.352277 1.861063
v -2.001013 0.376330 1.860991
v -1.974292 0.403220 1.860929
v -1.953211 0.433757 1.860880
v -1.939381 0.468747 1.860848
v -1.934413 0.509000 1.860836
v -1.935850 0.533891 1.860840
v -1.940093 0.557278 1.860849
v -1.947034 0.579075 1.860866
v -1.956566 0.599198 1.860888
v -1.968584 0.617562 1.860916
v -1.982980 0.634082 1.860949
v -1.999649 0.648675 1.860988
v -2.018483 0.661255 1.861032
v -2.039377 0.671737 1.861081
v -2.062223 0.680038 1.861134
v -2.086915 0.686071 1.861191
v -2.113347 0.689754 1.861253
v -2.141412 0.691000 1.861318
v -2.153410 0.690716 1.861346
v -2.165398 0.689864 1.861374
v -2.177363 0.688444 1.861402
v -2.189296 0.686456 1.861429
v -2.201185 0.683899 1.861457
v -2.213019 0.680775 1.861485
v -2.224788 0.677083 1.861512
v -2.236480 0.672822 1.861539
v -2.248085 0.667994 1.861566
v -2.259592 0.662598 1.861593
v -2.270989 0.656633 1.861619
v -2.282266 0.650101 1.861646
v -2.293412 0.643000 1.861672
v -2.293412 0.532000 1.861672
v -1.546414 0.390000 1.859933
v -1.554537 0.399600 1.859952
v -1.563184 0.408543 1.859972
v -1.572312 0.416807 1.859994
v -1.581877 0.424376 1.860016
v -1.591835 0.431229 1.860039
v -1.602143 0.437347 1.860063
v -1.612756 0.442712 1.860088
v -1.623632 0.447304 1.860113
v -1.634726 0.451103 1.860139
v -1.645995 0.454092 1.860165
v -1.657395 0.456250 1.860192
v -1.668883 0.457559 1.860218
v -1.680414 0.458000 1.860245
v -1.700294 0.456934 1.860291
v -1.719243 0.453729 1.860336
v -1.737146 0.448377 1.860377
v -1.753888 0.440871 1.860416
v -1.769355 0.431202 1.860452
v -1.783432 0.419362 1.860485
v -1.796004 0.405342 1.860514
v -1.806957 0.389135 1.860540
v -1.816175 0.370732 1.860561
v -1.823545 0.350126 1.860578
v -1.828951 0.327307 1.860591
v -1.832279 0.302268 1.860599
v -1.833413 0.275000 1.860601
v -1.833413 0.000000 1.860601
v -1.744414 0.000000 1.860394
v -1.744414 0.278000 1.860394
v -1.743816 0.292813 1.860393
v -1.742050 0.306756 1.860389
v -1.739154 0.319772 1.860382
v -1.735165 0.331808 1.860373
v -1.730121 0.342809 1.860361
v -1.724062 0.352720 1.860347
v -1.717025 0.361487 1.860330
v -1.709049 0.369055 1.860312
v -1.700172 0.375370 1.860291
v -1.690431 0.380376 1.860268
v -1.679866 0.384020 1.860244
v -1.668514 0.386246 1.860217
v -1.656414 0.387000 1.860189
v -1.647547 0.386676 1.860169
v -1.638913 0.385682 1.860149
v -1.630458 0.383989 1.860129
v -1.622133 0.381567 1.860110
v -1.613883 0.378386 1.860090
v -1.605658 0.374416 1.860071
v -1.597406 0.369626 1.860052
v -1.589075 0.363987 1.860033
v -1.580612 0.357468 1.860013
v -1.571967 0.350041 1.859993
v -1.563087 0.341673 1.859972
v -1.553920 0.332336 1.859951
v -1.544414 0.322000 1.859929
v -1.544414 0.000000 1.859929
v -1.455414 0.000000 1.859722
v -1.455414 0.682000 1.859722
v -1.544414 0.682000 1.859929
v -1.544414 0.390000 1.859929
v -1.321935 0.340280 1.859411
v -1.310591 0.346900 1.859385
v -1.299414 0.352872 1.859359
v -1.288434 0.358211 1.859333
v -1.277680 0.362929 1.859308
v -1.267183 0.367042 1.859284
v -1.256973 0.370562 1.859260
v -1.247079 0.373503 1.859237
v -1.237532 0.375878 1.859215
v -1.228363 0.377702 1.859193
v -1.219600 0.378988 1.859173
v -1.211274 0.379749 1.859154
v -1.203415 0.380000 1.859135
v -1.195343 0.379703 1.859116
v -1.187759 0.378829 1.859099
v -1.180692 0.377407 1.859082
v -1.174168 0.375463 1.859067
v -1.168215 0.373025 1.859053
v -1.162860 0.370119 1.859041
v -1.158130 0.366774 1.859030
v -1.154053 0.363017 1.859020
v -1.150656 0.358874 1.859012
v -1.147967 0.354374 1.859006
v -1.146012 0.349543 1.859002
v -1.144819 0.344410 1.858999
v -1.144415 0.339000 1.858998
v -1.144956 0.334305 1.858999
v -1.146614 0.329420 1.859003
v -1.149441 0.324294 1.859010
v -1.153489 0.318878 1.859019
v -1.158810 0.313124 1.859031
v -1.165455 0.306982 1.859047
v -1.173476 0.300403 1.859066
v -1.182926 0.293338 1.859087
v -1.193856 0.285737 1.859113
v -1.206318 0.277553 1.859142
v -1.220363 0.268734 1.859175
v -1.236045 0.259233 1.859211
v -1.253415 0.249000 1.859251
v -1.269667 0.237997 1.859289
v -1.284304 0.227543 1.859323
v -1.297383 0.217547 1.859354
v -1.308956 0.207920 1.859381
v -1.319079 0.198572 1.859404
v -1.327807 0.189412 1.859425
v -1.335194 0.180351 1.859442
v -1.341295 0.171298 1.859456
v -1.346164 0.162163 1.859467
v -1.349855 0.152855 1.859476
v -1.352425 0.143286 1.859482
v -1.353926 0.133364 1.859485
v -1.354415 0.123000 1.859487
v -1.353315 0.105243 1.859484
v -1.350091 0.088483 1.859477
v -1.344853 0.072793 1.859464
v -1.337716 0.058248 1.859448
v -1.328789 0.044921 1.859427
v -1.318185 0.032885 1.859402
v -1.306017 0.022215 1.859374
v -1.292396 0.012985 1.859342
v -1.277433 0.005267 1.859307
v -1.261242 -0.000864 1.859270
v -1.243934 -0.005335 1.859229
v -1.225621 -0.008071 1.859187
v -1.206415 -0.009000 1.859142
v -1.193923 -0.008801 1.859113
v -1.181784 -0.008190 1.859085
v -1.169924 -0.007144 1.859057
v -1.158268 -0.005643 1.859030
v -1.146743 -0.003663 1.859003
v -1.135275 -0.001184 1.858977
v -1.123792 0.001817 1.858950
v -1.112218 0.005361 1.858923
v -1.100480 0.009471 1.858896
v -1.088505 0.014168 1.858868
v -1.076218 0.019474 1.858839
v -1.063546 0.025411 1.858810
v -1.050415 0.032000 1.858779
v -1.050415 0.128000 1.858779
v -1.063706 0.119141 1.858810
v -1.076786 0.111022 1.858840
v -1.089623 0.103638 1.858870
v -1.102184 0.096983 1.858900
v -1.114437 0.091052 1.858928
v -1.126348 0.085839 1.858956
v -1.137885 0.081339 1.858983
v -1.149015 0.077546 1.859009
v -1.159705 0.074455 1.859033
v -1.169923 0.072060 1.859057
v -1.179636 0.070356 1.859080
v -1.188811 0.069338 1.859101
v -1.197415 0.069000 1.859121
v -1.205605 0.069728 1.859140
v -1.213517 0.070988 1.859159
v -1.221085 0.072781 1.859176
v -1.228242 0.075107 1.859193
v -1.234925 0.077965 1.859209
v -1.241067 0.081355 1.859223
v -1.246603 0.085278 1.859236
v -1.251467 0.089734 1.859247
v -1.255593 0.094722 1.859257
v -1.258917 0.100243 1.859264
v -1.261372 0.106296 1.859270
v -1.262893 0.112882 1.859274
v -1.263415 0.120000 1.859275
v -1.259878 0.133846 1.859267
v -1.250033 0.146982 1.859244
v -1.235026 0.159728 1.859209
v -1.216005 0.172402 1.859164
v -1.194116 0.185325 1.859114
v -1.170506 0.198817 1.859059
v -1.146324 0.213195 1.859002
v -1.122714 0.228781 1.858947
v -1.100825 0.245894 1.858896
v -1.081804 0.264852 1.858852
v -1.066797 0.285976 1.858817
v -1.056952 0.309586 1.858794
v -1.053415 0.336000 1.858786
v -1.054433 0.352999 1.858788
v -1.057439 0.368889 1.858795
v -1.062362 0.383626 1.858807
v -1.069131 0.397167 1.858823
v -1.077676 0.409468 1.858843
v -1.087924 0.420486 1.858866
v -1.099806 0.430177 1.858894
v -1.113250 0.438496 1.858925
v -1.128184 0.445401 1.858960
v -1.144539 0.450848 1.858998
v -1.162243 0.454792 1.859039
v -1.181226 0.457191 1.859084
v -1.201415 0.458000 1.859131
v -1.211126 0.457787 1.859153
v -1.220882 0.457144 1.859176
v -1.230688 0.456071 1.859199
v -1.240556 0.454563 1.859222
v -1.250491 0.452618 1.859245
v -1.260503 0.450233 1.859268
v -1.270599 0.447406 1.859292
v -1.280788 0.444134 1.859315
v -1.291079 0.440414 1.859339
v -1.301479 0.436243 1.859363
v -1.311996 0.431619 1.859388
v -1.322638 0.426539 1.859413
v -1.333415 0.421000 1.859438
v -1.333415 0.333000 1.859438
v -0.857416 0.057000 1.858330
v -0.848622 0.048023 1.858310
v -0.839358 0.039576 1.858288
v -0.829687 0.031692 1.858266
v -0.819672 0.024403 1.858242
v -0.809376 0.017742 1.858218
v -0.798861 0.011742 1.858194
v -0.788191 0.006436 1.858169
v -0.777427 0.001856 1.858144
v -0.766634 -0.001965 1.858119
v -0.755873 -0.004994 1.858094
v -0.745208 -0.007198 1.858069
v -0.734702 -0.008544 1.858045
v -0.724416 -0.009000 1.858021
v -0.703912 -0.007853 1.857973
v -0.684468 -0.004443 1.857928
v -0.666185 0.001188 1.857885
v -0.649163 0.008995 1.857845
v -0.633504 0.018936 1.857809
v -0.619309 0.030965 1.857776
v -0.606678 0.045041 1.857747
v -0.595714 0.061117 1.857721
v -0.586516 0.079152 1.857700
v -0.579187 0.099102 1.857683
v -0.573826 0.120922 1.857670
v -0.570536 0.144569 1.857662
v -0.569417 0.170000 1.857660
v -0.569417 0.449000 1.857660
v -0.658417 0.449000 1.857867
v -0.658417 0.164000 1.857867
v -0.658966 0.149945 1.857868
v -0.660614 0.136873 1.857872
v -0.663357 0.124809 1.857878
v -0.667192 0.113777 1.857887
v -0.672117 0.103802 1.857899
v -0.678129 0.094909 1.857913
v -0.685225 0.087121 1.857929
v -0.693402 0.080464 1.857948
v -0.702659 0.074963 1.857970
v -0.712991 0.070641 1.857994
v -0.724396 0.067523 1.858021
v -0.736872 0.065635 1.858050
v -0.750416 0.065000 1.858081
v -0.759608 0.065389 1.858102
v -0.768710 0.066551 1.858124
v -0.777703 0.068478 1.858145
v -0.786567 0.071161 1.858165
v -0.795284 0.074593 1.858185
v -0.803834 0.078764 1.858205
v -0.812199 0.083668 1.858225
v -0.820359 0.089295 1.858244
v -0.828295 0.095638 1.858262
v -0.835987 0.102688 1.858280
v -0.843418 0.110437 1.858297
v -0.850567 0.118877 1.858314
v -0.857416 0.128000 1.858330
v -0.857416 0.449000 1.858330
v -0.946416 0.449000 1.858537
v -0.946416 0.000000 1.858537
v -0.857416 0.000000 1.858330
v -0.315370 0.680469 1.857069
v -0.345482 0.675999 1.857139
v -0.372790 0.668777 1.857202
v -0.397328 0.658987 1.857259
v -0.419133 0.646816 1.857310
v -0.438240 0.632449 1.857355
v -0.454683 0.616072 1.857393
v -0.468500 0.597871 1.857425
v -0.479725 0.578031 1.857451
v -0.488393 0.556738 1.857471
v -0.494541 0.534178 1.857486
v -0.498204 0.510537 1.857494
v -0.499417 0.486000 1.857497
v -0.498132 0.461744 1.857494
v -0.494253 0.438471 1.857485
v -0.487742 0.416347 1.857470
v -0.478559 0.395540 1.857448
v -0.466668 0.376216 1.857421
v -0.452029 0.358542 1.857387
v -0.434604 0.342683 1.857346
v -0.414356 0.328807 1.857299
v -0.391245 0.317081 1.857245
v -0.365234 0.307670 1.857185
v -0.336285 0.300742 1.857117
v -0.304359 0.296463 1.857043
v -0.269418 0.295000 1.856962
v -0.167418 0.295000 1.856724
v -0.167418 0.000000 1.856724
v -0.069418 0.000000 1.856496
v -0.069418 0.682000 1.856496
v -0.282418 0.682000 1.856992
v -0.278417 0.383000 1.856983
v -0.294792 0.383688 1.857021
v -0.310187 0.385733 1.857057
v -0.324544 0.389108 1.857090
v -0.337806 0.393786 1.857121
v -0.349915 0.399739 1.857149
v -0.360814 0.406940 1.857174
v -0.370446 0.415362 1.857197
v -0.378754 0.424977 1.857216
v -0.385680 0.435759 1.857232
v -0.391166 0.447679 1.857245
v -0.395156 0.460711 1.857254
v -0.397592 0.474827 1.857260
v -0.398417 0.490000 1.857262
v -0.397922 0.501583 1.857261
v -0.396373 0.513150 1.857257
v -0.393673 0.524542 1.857251
v -0.389729 0.535600 1.857242
v -0.384444 0.546168 1.857229
v -0.377722 0.556085 1.857214
v -0.369468 0.565194 1.857195
v -0.359586 0.573336 1.857172
v -0.347981 0.580352 1.857145
v -0.334558 0.586086 1.857113
v -0.319219 0.590377 1.857078
v -0.301871 0.593068 1.857037
v -0.282418 0.594000 1.856992
v -0.167418 0.594000 1.856724
v -0.167418 0.383000 1.856724
v -0.315370 0.680469 1.857069
v -0.316534 0.680469 1.357070
v -0.345482 0.675999 1.857139
v -0.346646 0.675999 1.357140
v -0.372790 0.668777 1.857202
v -0.373954 0.668777 1.357204
v -0.397328 0.658987 1.857259
v -0.398492 0.658987 1.357261
v -0.419133 0.646816 1.857310
v -0.420297 0.646816 1.357311
v -0.438240 0.632449 1.857355
v -0.439403 0.632449 1.357356
v -0.454683 0.616072 1.857393
v -0.455847 0.616072 1.357394
v -0.468500 0.597871 1.857425
v -0.469663 0.597871 1.357426
v -0.479725 0.578031 1.857451
v -0.480888 0.578031 1.357452
v -0.488393 0.556738 1.857471
v -0.489557 0.556738 1.357473
v -0.494541 0.534178 1.857486
v -0.495705 0.534178 1.357487
v -0.498204 0.510537 1.857494
v -0.499367 0.510537 1.357495
v -0.499417 0.486000 1.857497
v -0.500580 0.486000 1.357498
v -0.498132 0.461744 1.857494
v -0.499296 0.461744 1.357495
v -0.494253 0.438471 1.857485
v -0.495417 0.438471 1.357486
v -0.487742 0.416347 1.857470
v -0.488905 0.416347 1.357471
v -0.478559 0.395540 1.857448
v -0.479723 0.395540 1.357450
v -0.466668 0.376216 1.857421
v -0.467831 0.376216 1.357422
v -0.452029 0.358542 1.857387
v -0.453192 0.358542 1.357388
v -0.434604 0.342683 1.857346
v -0.435768 0.342683 1.357347
v -0.414356 0.328807 1.857299
v -0.415519 0.328807 1.357300
v -0.391245 0.317081 1.857245
v -0.392409 0.317081 1.357247
v -0.365234 0.307670 1.857185
v -0.366398 0.307670 1.357186
v -0.336285 0.300742 1.857117
v -0.337448 0.300742 1.357119
v -0.304359 0.296463 1.857043
v -0.305522 0.296463 1.357044
v -0.269418 0.295000 1.856962
v -0.270581 0.295000 1.356963
v -0.167418 0.295000 1.856724
v -0.168581 0.295000 1.356726
v -0.167418 0.000000 1.856724
v -0.168581 -0.000000 1.356726
v -0.069418 0.000000 1.856496
v -0.070582 -0.000000 1.356498
v -0.069418 0.682000 1.856496
v -0.070582 0.682000 1.356498
v -0.282418 0.682000 1.856992
v -0.283581 0.682000 1.356993
v -0.278417 0.383000 1.856983
v -0.279581 0.383000 1.356984
v -0.294792 0.383688 1.857021
v -0.295956 0.383688 1.357022
v -0.310187 0.385733 1.857057
v -0.311351 0.385733 1.357058
v -0.324544 0.389108 1.857090
v -0.325707 0.389108 1.357091
v -0.337806 0.393786 1.857121
v -0.338969 0.393786 1.357122
v -0.349915 0.399739 1.857149
v -0.351078 0.399739 1.357150
v -0.360814 0.406940 1.857174
v -0.361978 0.406940 1.357176
v -0.370446 0.415362 1.857197
v -0.371610 0.415362 1.357198
v -0.378754 0.424977 1.857216
v -0.379918 0.424977 1.357217
v -0.385680 0.435759 1.857232
v -0.386843 0.435759 1.357234
v -0.391166 0.447679 1.857245
v -0.392330 0.447679 1.357246
v -0.395156 0.460711 1.857254
v -0.396320 0.460711 1.357256
v -0.397592 0.474827 1.857260
v -0.398756 0.474827 1.357261
v -0.398417 0.490000 1.857262
v -0.399581 0.490000 1.357263
v -0.397922 0.501583 1.857261
v -0.399085 0.501583 1.357262
v -0.396373 0.513150 1.857257
v -0.397536 0.513150 1.357258
v -0.393673 0.524542 1.857251
v -0.394837 0.524542 1.357252
v -0.389729 0.535600 1.857242
v -0.390893 0.535600 1.357243
v -0.384444 0.546168 1.857229
v -0.385607 0.546168 1.357231
v -0.377722 0.556085 1.857214
v -0.378885 0.556085 1.357215
v -0.369468 0.565194 1.857195
v -0.370631 0.565194 1.357196
v -0.359586 0.573336 1.857172
v -0.360750 0.573336 1.357173
v -0.347981 0.580352 1.857145
v -0.349145 0.580352 1.357146
v -0.334558 0.586086 1.857113
v -0.335721 0.586086 1.357115
v -0.319219 0.590377 1.857078
v -0.320383 0.590377 1.357079
v -0.301871 0.593068 1.857037
v -0.303035 0.593068 1.357038
v -0.282418 0.594000 1.856992
v -0.283581 0.594000 1.356993
v -0.167418 0.594000 1.856724
v -0.168581 0.594000 1.356726
v -0.167418 0.383000 1.856724
v -0.168581 0.383000 1.356726
v -0.857416 0.057000 1.858330
v -0.858579 0.057000 1.358331
v -0.848622 0.048023 1.858310
v -0.849785 0.048023 1.358311
v -0.839358 0.039576 1.858288
v -0.840521 0.039576 1.358289
v -0.829687 0.031692 1.858266
v -0.830850 0.031692 1.358267
v -0.819672 0.024403 1.858242
v -0.820835 0.024403 1.358244
v -0.809376 0.017742 1.858218
v -0.810539 0.017742 1.358220
v -0.798861 0.011742 1.858194
v -0.800024 0.011742 1.358195
v -0.788191 0.006436 1.858169
v -0.789354 0.006436 1.358170
v -0.777427 0.001856 1.858144
v -0.778591 0.001856 1.358145
v -0.766634 -0.001965 1.858119
v -0.767797 -0.001965 1.358120
v -0.755873 -0.004994 1.858094
v -0.757037 -0.004994 1.358095
v -0.745208 -0.007198 1.858069
v -0.746372 -0.007198 1.358070
v -0.734702 -0.008544 1.858045
v -0.735865 -0.008544 1.358046
v -0.724416 -0.009000 1.858021
v -0.725580 -0.009000 1.358022
v -0.703912 -0.007853 1.857973
v -0.705076 -0.007853 1.357974
v -0.684468 -0.004443 1.857928
v -0.685632 -0.004443 1.357929
v -0.666185 0.001188 1.857885
v -0.667348 0.001188 1.357886
v -0.649163 0.008995 1.857845
v -0.650327 0.008995 1.357847
v -0.633504 0.018936 1.857809
v -0.634667 0.018936 1.357810
v -0.619309 0.030965 1.857776
v -0.620472 0.030965 1.357777
v -0.606678 0.045041 1.857747
v -0.607842 0.045040 1.357748
v -0.595714 0.061117 1.857721
v -0.596877 0.061117 1.357722
v -0.586516 0.079152 1.857700
v -0.587680 0.079152 1.357701
v -0.579187 0.099102 1.857683
v -0.580350 0.099102 1.357684
v -0.573826 0.120922 1.857670
v -0.574990 0.120922 1.357671
v -0.570536 0.144569 1.857662
v -0.571700 0.144569 1.357664
v -0.569417 0.170000 1.857660
v -0.570580 0.170000 1.357661
v -0.569417 0.449000 1.857660
v -0.570580 0.449000 1.357661
v -0.658417 0.449000 1.857867
v -0.659580 0.449000 1.357868
v -0.658417 0.164000 1.857867
v -0.659580 0.164000 1.357868
v -0.658966 0.149945 1.857868
v -0.660130 0.149945 1.357870
v -0.660614 0.136873 1.857872
v -0.661778 0.136873 1.357873
v -0.663357 0.124809 1.857878
v -0.664520 0.124809 1.357880
v -0.667192 0.113777 1.857887
v -0.668356 0.113777 1.357889
v -0.672117 0.103802 1.857899
v -0.673281 0.103802 1.357900
v -0.678129 0.094909 1.857913
v -0.679292 0.094908 1.357914
v -0.685225 0.087121 1.857929
v -0.686388 0.087121 1.357931
v -0.693402 0.080464 1.857948
v -0.694566 0.080464 1.357950
v -0.702659 0.074963 1.857970
v -0.703822 0.074963 1.357971
v -0.712991 0.070641 1.857994
v -0.714154 0.070641 1.357995
v -0.724396 0.067523 1.858021
v -0.725560 0.067523 1.358022
v -0.736872 0.065635 1.858050
v -0.738036 0.065635 1.358051
v -0.750416 0.065000 1.858081
v -0.751580 0.065000 1.358082
v -0.759608 0.065389 1.858102
v -0.760772 0.065389 1.358104
v -0.768710 0.066551 1.858124
v -0.769874 0.066551 1.358125
v -0.777703 0.068478 1.858145
v -0.778867 0.068478 1.358146
v -0.786567 0.071161 1.858165
v -0.787731 0.071161 1.358166
v -0.795284 0.074593 1.858185
v -0.796448 0.074593 1.358187
v -0.803834 0.078764 1.858205
v -0.804998 0.078764 1.358207
v -0.812199 0.083668 1.858225
v -0.813362 0.083668 1.358226
v -0.820359 0.089295 1.858244
v -0.821522 0.089295 1.358245
v -0.828295 0.095638 1.858262
v -0.829458 0.095638 1.358264
v -0.835987 0.102688 1.858280
v -0.837151 0.102688 1.358281
v -0.843418 0.110437 1.858297
v -0.844581 0.110437 1.358299
v -0.850567 0.118877 1.858314
v -0.851731 0.118877 1.358315
v -0.857416 0.128000 1.858330
v -0.858579 0.128000 1.358331
v -0.857416 0.449000 1.858330
v -0.858579 0.449000 1.358331
v -0.946416 0.449000 1.858537
v -0.947579 0.449000 1.358539
v -0.946416 0.000000 1.858537
v -0.947579 -0.000000 1.358539
v -0.857416 0.000000 1.858330
v -0.858579 -0.000000 1.358331
v -1.321935 0.340280 1.859411
v -1.323098 0.340280 1.359412
v -1.310591 0.346900 1.859385
v -1.311754 0.346900 1.359386
v -1.299414 0.352872 1.859359
v -1.300578 0.352872 1.359360
v -1.288434 0.358211 1.859333
v -1.289597 0.358211 1.359334
v -1.277680 0.362929 1.859308
v -1.278843 0.362929 1.359309
v -1.267183 0.367042 1.859284
v -1.268346 0.367042 1.359285
v -1.256973 0.370562 1.859260
v -1.258136 0.370562 1.359261
v -1.247079 0.373503 1.859237
v -1.248242 0.373503 1.359238
v -1.237532 0.375878 1.859215
v -1.238696 0.375878 1.359216
v -1.228363 0.377702 1.859193
v -1.229526 0.377702 1.359195
v -1.219600 0.378988 1.859173
v -1.220763 0.378988 1.359174
v -1.211274 0.379749 1.859154
v -1.212437 0.379749 1.359155
v -1.203415 0.380000 1.859135
v -1.204579 0.380000 1.359136
v -1.195343 0.379703 1.859116
v -1.196506 0.379703 1.359118
v -1.187759 0.378829 1.859099
v -1.188923 0.378829 1.359100
v -1.180692 0.377407 1.859082
v -1.181855 0.377407 1.359084
v -1.174168 0.375463 1.859067
v -1.175331 0.375463 1.359068
v -1.168215 0.373025 1.859053
v -1.169378 0.373025 1.359055
v -1.162860 0.370119 1.859041
v -1.164023 0.370119 1.359042
v -1.158130 0.366774 1.859030
v -1.159294 0.366774 1.359031
v -1.154053 0.363017 1.859020
v -1.155217 0.363017 1.359022
v -1.150656 0.358874 1.859012
v -1.151820 0.358874 1.359014
v -1.147967 0.354374 1.859006
v -1.149130 0.354374 1.359007
v -1.146012 0.349543 1.859002
v -1.147175 0.349543 1.359003
v -1.144819 0.344410 1.858999
v -1.145982 0.344410 1.359000
v -1.144415 0.339000 1.858998
v -1.145579 0.339000 1.358999
v -1.144956 0.334305 1.858999
v -1.146120 0.334305 1.359000
v -1.146614 0.329420 1.859003
v -1.147778 0.329420 1.359004
v -1.149441 0.324294 1.859010
v -1.150605 0.324294 1.359011
v -1.153489 0.318878 1.859019
v -1.154653 0.318878 1.359020
v -1.158810 0.313124 1.859031
v -1.159973 0.313124 1.359033
v -1.165455 0.306982 1.859047
v -1.166618 0.306982 1.359048
v -1.173476 0.300403 1.859066
v -1.174639 0.300403 1.359067
v -1.182926 0.293338 1.859087
v -1.184089 0.293338 1.359089
v -1.193856 0.285737 1.859113
v -1.195019 0.285737 1.359114
v -1.206318 0.277553 1.859142
v -1.207481 0.277553 1.359143
v -1.220363 0.268734 1.859175
v -1.221527 0.268734 1.359176
v -1.236045 0.259233 1.859211
v -1.237209 0.259233 1.359212
v -1.253415 0.249000 1.859251
v -1.254578 0.249000 1.359253
v -1.269667 0.237997 1.859289
v -1.270830 0.237997 1.359291
v -1.284304 0.227543 1.859323
v -1.285468 0.227543 1.359325
v -1.297383 0.217547 1.859354
v -1.298546 0.217547 1.359355
v -1.308956 0.207920 1.859381
v -1.310120 0.207920 1.359382
v -1.319079 0.198572 1.859404
v -1.320243 0.198572 1.359406
v -1.327807 0.189412 1.859425
v -1.328971 0.189412 1.359426
v -1.335194 0.180351 1.859442
v -1.336358 0.180351 1.359443
v -1.341295 0.171298 1.859456
v -1.342458 0.171298 1.359457
v -1.346164 0.162163 1.859467
v -1.347327 0.162162 1.359469
v -1.349855 0.152855 1.859476
v -1.351019 0.152855 1.359477
v -1.352425 0.143286 1.859482
v -1.353588 0.143286 1.359483
v -1.353926 0.133364 1.859485
v -1.355090 0.133364 1.359487
v -1.354415 0.123000 1.859487
v -1.355578 0.123000 1.359488
v -1.353315 0.105243 1.859484
v -1.354478 0.105243 1.359485
v -1.350091 0.088483 1.859477
v -1.351254 0.088483 1.359478
v -1.344853 0.072793 1.859464
v -1.346017 0.072793 1.359466
v -1.337716 0.058248 1.859448
v -1.338879 0.058248 1.359449
v -1.328789 0.044921 1.859427
v -1.329952 0.044921 1.359428
v -1.318185 0.032885 1.859402
v -1.319349 0.032885 1.359404
v -1.306017 0.022215 1.859374
v -1.307180 0.022215 1.359375
v -1.292396 0.012985 1.859342
v -1.293559 0.012985 1.359344
v -1.277433 0.005267 1.859307
v -1.278597 0.005267 1.359309
v -1.261242 -0.000864 1.859270
v -1.262406 -0.000864 1.359271
v -1.243934 -0.005335 1.859229
v -1.245098 -0.005335 1.359231
v -1.225621 -0.008071 1.859187
v -1.226785 -0.008071 1.359188
v -1.206415 -0.009000 1.859142
v -1.207579 -0.009000 1.359143
v -1.193923 -0.008801 1.859113
v -1.195087 -0.008801 1.359114
v -1.181784 -0.008190 1.859085
v -1.182948 -0.008190 1.359086
v -1.169924 -0.007144 1.859057
v -1.171087 -0.007144 1.359059
v -1.158268 -0.005643 1.859030
v -1.159431 -0.005643 1.359031
v -1.146743 -0.003663 1.859003
v -1.147906 -0.003663 1.359005
v -1.135275 -0.001184 1.858977
v -1.136439 -0.001184 1.358978
v -1.123792 0.001817 1.858950
v -1.124955 0.001817 1.358951
v -1.112218 0.005361 1.858923
v -1.113381 0.005361 1.358924
v -1.100480 0.009471 1.858896
v -1.101643 0.009471 1.358897
v -1.088505 0.014168 1.858868
v -1.089668 0.014168 1.358869
v -1.076218 0.019474 1.858839
v -1.077381 0.019474 1.358841
v -1.063546 0.025411 1.858810
v -1.064710 0.025411 1.358811
v -1.050415 0.032000 1.858779
v -1.051579 0.032000 1.358781
v -1.050415 0.128000 1.858779
v -1.051579 0.128000 1.358781
v -1.063706 0.119141 1.858810
v -1.064869 0.119141 1.358811
v -1.076786 0.111022 1.858840
v -1.077949 0.111022 1.358842
v -1.089623 0.103638 1.858870
v -1.090786 0.103638 1.358872
v -1.102184 0.096983 1.858900
v -1.103347 0.096983 1.358901
v -1.114437 0.091052 1.858928
v -1.115600 0.091052 1.358930
v -1.126348 0.085839 1.858956
v -1.127511 0.085839 1.358957
v -1.137885 0.081339 1.858983
v -1.139048 0.081339 1.358984
v -1.149015 0.077546 1.859009
v -1.150178 0.077546 1.359010
v -1.159705 0.074455 1.859033
v -1.160869 0.074455 1.359035
v -1.169923 0.072060 1.859057
v -1.171087 0.072060 1.359059
v -1.179636 0.070356 1.859080
v -1.180800 0.070356 1.359081
v -1.188811 0.069338 1.859101
v -1.189974 0.069338 1.359102
v -1.197415 0.069000 1.859121
v -1.198578 0.069000 1.359123
v -1.205605 0.069728 1.859140
v -1.206769 0.069728 1.359142
v -1.213517 0.070988 1.859159
v -1.214680 0.070988 1.359160
v -1.221085 0.072781 1.859176
v -1.222248 0.072781 1.359178
v -1.228242 0.075107 1.859193
v -1.229406 0.075107 1.359194
v -1.234925 0.077965 1.859209
v -1.236089 0.077965 1.359210
v -1.241067 0.081355 1.859223
v -1.242231 0.081355 1.359224
v -1.246603 0.085278 1.859236
v -1.247766 0.085278 1.359237
v -1.251467 0.089734 1.859247
v -1.252630 0.089734 1.359248
v -1.255593 0.094722 1.859257
v -1.256757 0.094722 1.359258
v -1.258917 0.100243 1.859264
v -1.260080 0.100243 1.359266
v -1.261372 0.106296 1.859270
v -1.262536 0.106296 1.359271
v -1.262893 0.112882 1.859274
v -1.264057 0.112882 1.359275
v -1.263415 0.120000 1.859275
v -1.264578 0.120000 1.359276
v -1.259878 0.133846 1.859267
v -1.261042 0.133846 1.359268
v -1.250033 0.146982 1.859244
v -1.251196 0.146982 1.359245
v -1.235026 0.159728 1.859209
v -1.236189 0.159728 1.359210
v -1.216005 0.172402 1.859164
v -1.217168 0.172402 1.359166
v -1.194116 0.185325 1.859114
v -1.195279 0.185325 1.359115
v -1.170506 0.198817 1.859059
v -1.171670 0.198817 1.359060
v -1.146324 0.213195 1.859002
v -1.147487 0.213195 1.359004
v -1.122714 0.228781 1.858947
v -1.123878 0.228781 1.358949
v -1.100825 0.245894 1.858896
v -1.101989 0.245893 1.358898
v -1.081804 0.264852 1.858852
v -1.082968 0.264852 1.358854
v -1.066797 0.285976 1.858817
v -1.067961 0.285976 1.358819
v -1.056952 0.309586 1.858794
v -1.058115 0.309586 1.358796
v -1.053415 0.336000 1.858786
v -1.054579 0.336000 1.358787
v -1.054433 0.352999 1.858788
v -1.055597 0.352999 1.358790
v -1.057439 0.368889 1.858795
v -1.058602 0.368889 1.358797
v -1.062362 0.383626 1.858807
v -1.063526 0.383626 1.358808
v -1.069131 0.397167 1.858823
v -1.070295 0.397167 1.358824
v -1.077676 0.409468 1.858843
v -1.078839 0.409468 1.358844
v -1.087924 0.420486 1.858866
v -1.089088 0.420486 1.358868
v -1.099806 0.430177 1.858894
v -1.100969 0.430177 1.358895
v -1.113250 0.438496 1.858925
v -1.114413 0.438496 1.358927
v -1.128184 0.445401 1.858960
v -1.129348 0.445401 1.358961
v -1.144539 0.450848 1.858998
v -1.145703 0.450848 1.358999
v -1.162243 0.454792 1.859039
v -1.163407 0.454792 1.359041
v -1.181226 0.457191 1.859084
v -1.182389 0.457191 1.359085
v -1.201415 0.458000 1.859131
v -1.202579 0.458000 1.359132
v -1.211126 0.457787 1.859153
v -1.212290 0.457787 1.359154
v -1.220882 0.457144 1.859176
v -1.222045 0.457144 1.359177
v -1.230688 0.456071 1.859199
v -1.231852 0.456071 1.359200
v -1.240556 0.454563 1.859222
v -1.241719 0.454563 1.359223
v -1.250491 0.452618 1.859245
v -1.251654 0.452618 1.359246
v -1.260503 0.450233 1.859268
v -1.261666 0.450233 1.359269
v -1.270599 0.447406 1.859292
v -1.271763 0.447406 1.359293
v -1.280788 0.444134 1.859315
v -1.281952 0.444134 1.359317
v -1.291079 0.440414 1.859339
v -1.292242 0.440414 1.359341
v -1.301479 0.436243 1.859363
v -1.302642 0.436243 1.359365
v -1.311996 0.431619 1.859388
v -1.313159 0.431619 1.359389
v -1.322638 0.426539 1.859413
v -1.323802 0.426539 1.359414
v -1.333415 0.421000 1.859438
v -1.334578 0.421000 1.359439
v -1.333415 0.333000 1.859438
v -1.334578 0.333000 1.359439
v -1.546414 0.390000 1.859933
v -1.547578 0.390000 1.359935
v -1.554537 0.399600 1.859952
v -1.555701 0.399600 1.359954
v -1.563184 0.408543 1.859972
v -1.564348 0.408543 1.359974
v -1.572312 0.416807 1.859994
v -1.573476 0.416807 1.359995
v -1.581877 0.424376 1.860016
v -1.583040 0.424376 1.360017
v -1.591835 0.431229 1.860039
v -1.592999 0.431229 1.360040
v -1.602143 0.437347 1.860063
v -1.603306 0.437347 1.360064
v -1.612756 0.442712 1.860088
v -1.613920 0.442712 1.360089
v -1.623632 0.447304 1.860113
v -1.624795 0.447304 1.360114
v -1.634726 0.451103 1.860139
v -1.635890 0.451103 1.360140
v -1.645995 0.454092 1.860165
v -1.647159 0.454092 1.360166
v -1.657395 0.456250 1.860192
v -1.658559 0.456250 1.360193
v -1.668883 0.457559 1.860218
v -1.670046 0.457559 1.360220
v -1.680414 0.458000 1.860245
v -1.681577 0.458000 1.360247
v -1.700294 0.456934 1.860291
v -1.701457 0.456934 1.360293
v -1.719243 0.453729 1.860336
v -1.720406 0.453729 1.360337
v -1.737146 0.448377 1.860377
v -1.738309 0.448377 1.360379
v -1.753888 0.440871 1.860416
v -1.755052 0.440871 1.360417
v -1.769355 0.431202 1.860452
v -1.770519 0.431202 1.360453
v -1.783432 0.419362 1.860485
v -1.784595 0.419362 1.360486
v -1.796004 0.405342 1.860514
v -1.797168 0.405342 1.360515
v -1.806957 0.389135 1.860540
v -1.808120 0.389135 1.360541
v -1.816175 0.370732 1.860561
v -1.817339 0.370732 1.360562
v -1.823545 0.350126 1.860578
v -1.824708 0.350126 1.360580
v -1.828951 0.327307 1.860591
v -1.830114 0.327307 1.360592
v -1.832279 0.302268 1.860599
v -1.833442 0.302268 1.360600
v -1.833413 0.275000 1.860601
v -1.834577 0.275000 1.360603
v -1.833413 0.000000 1.860601
v -1.834577 -0.000000 1.360603
v -1.744414 0.000000 1.860394
v -1.745577 -0.000000 1.360395
v -1.744414 0.278000 1.860394
v -1.745577 0.278000 1.360395
v -1.743816 0.292813 1.860393
v -1.744980 0.292813 1.360394
v -1.742050 0.306756 1.860389
v -1.743214 0.306756 1.360390
v -1.739154 0.319772 1.860382
v -1.740317 0.319772 1.360383
v -1.735165 0.331808 1.860373
v -1.736328 0.331808 1.360374
v -1.730121 0.342809 1.860361
v -1.731285 0.342809 1.360362
v -1.724062 0.352720 1.860347
v -1.725226 0.352720 1.360348
v -1.717025 0.361487 1.860330
v -1.718189 0.361487 1.360332
v -1.709049 0.369055 1.860312
v -1.710213 0.369055 1.360313
v -1.700172 0.375370 1.860291
v -1.701335 0.375370 1.360292
v -1.690431 0.380376 1.860268
v -1.691594 0.380376 1.360270
v -1.679866 0.384020 1.860244
v -1.681029 0.384020 1.360245
v -1.668514 0.386246 1.860217
v -1.669677 0.386246 1.360219
v -1.656414 0.387000 1.860189
v -1.657577 0.387000 1.360191
v -1.647547 0.386676 1.860169
v -1.648711 0.386676 1.360170
v -1.638913 0.385682 1.860149
v -1.640076 0.385682 1.360150
v -1.630458 0.383989 1.860129
v -1.631622 0.383989 1.360130
v -1.622133 0.381567 1.860110
v -1.623296 0.381567 1.360111
v -1.613883 0.378386 1.860090
v -1.615047 0.378386 1.360092
v -1.605658 0.374416 1.860071
v -1.606822 0.374416 1.360073
v -1.597406 0.369626 1.860052
v -1.598570 0.369626 1.360053
v -1.589075 0.363987 1.860033
v -1.590238 0.363987 1.360034
v -1.580612 0.357468 1.860013
v -1.581776 0.357468 1.360014
v -1.571967 0.350041 1.859993
v -1.573131 0.350041 1.359994
v -1.563087 0.341673 1.859972
v -1.564250 0.341673 1.359973
v -1.553920 0.332336 1.859951
v -1.555083 0.332336 1.359952
v -1.544414 0.322000 1.859929
v -1.545578 0.322000 1.359930
v -1.544414 0.000000 1.859929
v -1.545578 -0.000000 1.359930
v -1.455414 0.000000 1.859722
v -1.456578 -0.000000 1.359723
v -1.455414 0.682000 1.859722
v -1.456578 0.682000 1.359723
v -1.544414 0.682000 1.859929
v -1.545578 0.682000 1.359930
v -1.544414 0.390000 1.859929
v -1.545578 0.390000 1.359930
v -2.280066 0.544010 1.861641
v -2.281230 0.544010 1.361642
v -2.266814 0.554699 1.861610
v -2.267977 0.554699 1.361611
v -2.253676 0.564129 1.861579
v -2.254840 0.564129 1.361580
v -2.240675 0.572362 1.861549
v -2.241838 0.572362 1.361550
v -2.227832 0.579462 1.861519
v -2.228995 0.579462 1.361520
v -2.215169 0.585492 1.861490
v -2.216333 0.585492 1.361491
v -2.202708 0.590514 1.861461
v -2.203872 0.590514 1.361462
v -2.190472 0.594591 1.861432
v -2.191635 0.594591 1.361434
v -2.178481 0.597786 1.861404
v -2.179645 0.597786 1.361405
v -2.166758 0.600161 1.861377
v -2.167922 0.600161 1.361378
v -2.155324 0.601780 1.861350
v -2.156488 0.601780 1.361352
v -2.144202 0.602706 1.861324
v -2.145365 0.602706 1.361326
v -2.133413 0.603000 1.861299
v -2.134576 0.603000 1.361301
v -2.119206 0.602422 1.861266
v -2.120369 0.602422 1.361268
v -2.105712 0.600722 1.861235
v -2.106876 0.600722 1.361236
v -2.093005 0.597949 1.861205
v -2.094168 0.597949 1.361207
v -2.081158 0.594152 1.861178
v -2.082322 0.594152 1.361179
v -2.070245 0.589379 1.861152
v -2.071409 0.589379 1.361154
v -2.060340 0.583681 1.861129
v -2.061503 0.583681 1.361131
v -2.051516 0.577106 1.861109
v -2.052679 0.577106 1.361110
v -2.043847 0.569704 1.861091
v -2.045011 0.569704 1.361092
v -2.037407 0.561523 1.861076
v -2.038571 0.561523 1.361077
v -2.032270 0.552613 1.861064
v -2.033434 0.552613 1.361065
v -2.028510 0.543023 1.861055
v -2.029673 0.543023 1.361057
v -2.026199 0.532802 1.861050
v -2.027363 0.532802 1.361051
v -2.025413 0.522000 1.861048
v -2.026576 0.522000 1.361049
v -2.030381 0.493970 1.861060
v -2.031544 0.493970 1.361061
v -2.044211 0.469701 1.861092
v -2.045375 0.469701 1.361093
v -2.065292 0.448230 1.861141
v -2.066456 0.448230 1.361142
v -2.092012 0.428598 1.861203
v -2.093176 0.428598 1.361204
v -2.122761 0.409843 1.861274
v -2.123925 0.409843 1.361276
v -2.155927 0.391002 1.861352
v -2.157090 0.391002 1.361353
v -2.189898 0.371116 1.861431
v -2.191061 0.371116 1.361432
v -2.223064 0.349223 1.861508
v -2.224227 0.349223 1.361509
v -2.253813 0.324361 1.861580
v -2.254976 0.324361 1.361581
v -2.280533 0.295569 1.861642
v -2.281696 0.295569 1.361643
v -2.301614 0.261885 1.861691
v -2.302777 0.261885 1.361692
v -2.315444 0.222350 1.861723
v -2.316607 0.222350 1.361724
v -2.320412 0.176000 1.861735
v -2.321576 0.176000 1.361736
v -2.318998 0.151845 1.861731
v -2.320162 0.151845 1.361732
v -2.314850 0.128853 1.861722
v -2.316014 0.128853 1.361723
v -2.308110 0.107158 1.861706
v -2.309274 0.107158 1.361707
v -2.298921 0.086895 1.861685
v -2.300085 0.086895 1.361686
v -2.287424 0.068196 1.861658
v -2.288588 0.068196 1.361659
v -2.273761 0.051196 1.861626
v -2.274925 0.051196 1.361627
v -2.258075 0.036029 1.861589
v -2.259238 0.036029 1.361591
v -2.240507 0.022828 1.861549
v -2.241670 0.022827 1.361550
v -2.221199 0.011726 1.861504
v -2.222363 0.011726 1.361505
v -2.200294 0.002859 1.861455
v -2.201458 0.002859 1.361456
v -2.177933 -0.003640 1.861403
v -2.179096 -0.003640 1.361404
v -2.154259 -0.007638 1.861348
v -2.155422 -0.007638 1.361349
v -2.129413 -0.009000 1.861290
v -2.130576 -0.009000 1.361291
v -2.112579 -0.008644 1.861251
v -2.113742 -0.008644 1.361252
v -2.096212 -0.007569 1.861213
v -2.097376 -0.007569 1.361214
v -2.080283 -0.005768 1.861176
v -2.081447 -0.005768 1.361177
v -2.064761 -0.003232 1.861140
v -2.065924 -0.003232 1.361141
v -2.049615 0.000046 1.861104
v -2.050779 0.000046 1.361106
v -2.034816 0.004076 1.861070
v -2.035980 0.004076 1.361071
v -2.020334 0.008865 1.861036
v -2.021498 0.008865 1.361037
v -2.006139 0.014421 1.861003
v -2.007303 0.014421 1.361004
v -1.992201 0.020753 1.860971
v -1.993364 0.020753 1.360972
v -1.978489 0.027868 1.860939
v -1.979652 0.027868 1.360940
v -1.964974 0.035776 1.860907
v -1.966137 0.035776 1.360909
v -1.951625 0.044484 1.860876
v -1.952789 0.044484 1.360878
v -1.938413 0.054000 1.860846
v -1.939577 0.054000 1.360847
v -1.938413 0.178000 1.860846
v -1.939577 0.178000 1.360847
v -1.950178 0.163748 1.860873
v -1.951341 0.163748 1.360874
v -1.962380 0.150543 1.860901
v -1.963544 0.150543 1.360903
v -1.974995 0.138399 1.860931
v -1.976158 0.138399 1.360932
v -1.987997 0.127335 1.860961
v -1.989160 0.127335 1.360962
v -2.001362 0.117365 1.860992
v -2.002526 0.117365 1.360993
v -2.015066 0.108507 1.861024
v -2.016230 0.108507 1.361025
v -2.029084 0.100777 1.861057
v -2.030248 0.100777 1.361058
v -2.043392 0.094191 1.861090
v -2.044556 0.094191 1.361091
v -2.057965 0.088766 1.861124
v -2.059128 0.088766 1.361125
v -2.072778 0.084518 1.861158
v -2.073941 0.084518 1.361160
v -2.087806 0.081463 1.861193
v -2.088970 0.081463 1.361195
v -2.103026 0.079619 1.861229
v -2.104190 0.079619 1.361230
v -2.118412 0.079000 1.861264
v -2.119576 0.079000 1.361266
v -2.135226 0.079826 1.861304
v -2.136389 0.079826 1.361305
v -2.150600 0.082197 1.861339
v -2.151764 0.082197 1.361341
v -2.164551 0.085956 1.861372
v -2.165715 0.085956 1.361373
v -2.177096 0.090944 1.861401
v -2.178260 0.090944 1.361402
v -2.188251 0.097002 1.861427
v -2.189414 0.097002 1.361428
v -2.198032 0.103972 1.861450
v -2.199195 0.103972 1.361451
v -2.206456 0.111696 1.861469
v -2.207619 0.111696 1.361471
v -2.213539 0.120016 1.861486
v -2.214702 0.120016 1.361487
v -2.219297 0.128772 1.861499
v -2.220460 0.128772 1.361501
v -2.223747 0.137807 1.861510
v -2.224910 0.137807 1.361511
v -2.226905 0.146963 1.861517
v -2.228069 0.146963 1.361518
v -2.228788 0.156080 1.861521
v -2.229952 0.156080 1.361523
v -2.229412 0.165000 1.861523
v -2.230576 0.165000 1.361524
v -2.224444 0.195454 1.861511
v -2.225608 0.195454 1.361513
v -2.210614 0.222279 1.861479
v -2.211777 0.222279 1.361480
v -2.189533 0.246283 1.861430
v -2.190696 0.246283 1.361431
v -2.162813 0.268274 1.861368
v -2.163976 0.268274 1.361369
v -2.132064 0.289060 1.861296
v -2.133227 0.289060 1.361297
v -2.098898 0.309451 1.861219
v -2.100062 0.309451 1.361220
v -2.064927 0.330254 1.861140
v -2.066091 0.330254 1.361141
v -2.031761 0.352277 1.861063
v -2.032925 0.352277 1.361064
v -2.001013 0.376330 1.860991
v -2.002176 0.376330 1.360993
v -1.974292 0.403220 1.860929
v -1.975456 0.403220 1.360930
v -1.953211 0.433757 1.860880
v -1.954375 0.433757 1.360881
v -1.939381 0.468747 1.860848
v -1.940545 0.468747 1.360849
v -1.934413 0.509000 1.860836
v -1.935576 0.509000 1.360838
v -1.935850 0.533891 1.860840
v -1.937014 0.533891 1.360841
v -1.940093 0.557278 1.860849
v -1.941257 0.557278 1.360851
v -1.947034 0.579075 1.860866
v -1.948197 0.579075 1.360867
v -1.956566 0.599198 1.860888
v -1.957730 0.599198 1.360889
v -1.968584 0.617562 1.860916
v -1.969748 0.617562 1.360917
v -1.982980 0.634082 1.860949
v -1.984144 0.634082 1.360951
v -1.999649 0.648675 1.860988
v -2.000813 0.648675 1.360989
v -2.018483 0.661255 1.861032
v -2.019647 0.661255 1.361033
v -2.039377 0.671737 1.861081
v -2.040540 0.671737 1.361082
v -2.062223 0.680038 1.861134
v -2.063387 0.680038 1.361135
v -2.086915 0.686071 1.861191
v -2.088079 0.686071 1.361192
v -2.113347 0.689754 1.861253
v -2.114511 0.689754 1.361254
v -2.141412 0.691000 1.861318
v -2.142576 0.691000 1.361319
v -2.153410 0.690716 1.861346
v -2.154574 0.690716 1.361347
v -2.165398 0.689864 1.861374
v -2.166561 0.689864 1.361375
v -2.177363 0.688444 1.861402
v -2.178526 0.688444 1.361403
v -2.189296 0.686456 1.861429
v -2.190459 0.686456 1.361431
v -2.201185 0.683899 1.861457
v -2.202348 0.683899 1.361458
v -2.213019 0.680775 1.861485
v -2.214182 0.680775 1.361486
v -2.224788 0.677083 1.861512
v -2.225951 0.677083 1.361513
v -2.236480 0.672822 1.861539
v -2.237643 0.672822 1.361541
v -2.248085 0.667994 1.861566
v -2.249249 0.667994 1.361567
v -2.259592 0.662598 1.861593
v -2.260755 0.662598 1.361594
v -2.270989 0.656633 1.861619
v -2.272152 0.656633 1.361621
v -2.282266 0.650101 1.861646
v -2.283429 0.650101 1.361647
v -2.293412 0.643000 1.861672
v -2.294575 0.643000 1.361673
v -2.293412 0.532000 1.861672
v -2.294575 0.532000 1.361673
v -2.409412 -0.230000 1.861942
v -2.410575 -0.230000 1.361943
v -2.409412 0.449000 1.861942
v -2.410575 0.449000 1.361943
v -2.563411 0.449000 1.862300
v -2.564575 0.449000 1.362301
v -2.599920 0.447585 1.862385
v -2.601083 0.447585 1.362386
v -2.633727 0.443363 1.862464
v -2.634890 0.443363 1.362465
v -2.664795 0.436366 1.862536
v -2.665959 0.436366 1.362537
v -2.693086 0.426628 1.862602
v -2.694249 0.426628 1.362603
v -2.718561 0.414180 1.862661
v -2.719724 0.414180 1.362662
v -2.741182 0.399056 1.862714
v -2.742346 0.399056 1.362715
v -2.760911 0.381288 1.862760
v -2.762075 0.381288 1.362761
v -2.777710 0.360909 1.862799
v -2.778874 0.360909 1.362800
v -2.791540 0.337952 1.862831
v -2.792704 0.337952 1.362832
v -2.802364 0.312450 1.862856
v -2.803527 0.312450 1.362857
v -2.810142 0.284436 1.862874
v -2.811306 0.284436 1.362875
v -2.814837 0.253941 1.862885
v -2.816000 0.253941 1.362886
v -2.816411 0.221000 1.862889
v -2.817574 0.221000 1.362890
v -2.814750 0.190581 1.862885
v -2.815913 0.190581 1.362886
v -2.809872 0.161733 1.862874
v -2.811036 0.161733 1.362875
v -2.801933 0.134605 1.862855
v -2.803097 0.134605 1.362856
v -2.791089 0.109348 1.862830
v -2.792252 0.109348 1.362831
v -2.777494 0.086112 1.862798
v -2.778657 0.086112 1.362800
v -2.761305 0.065046 1.862761
v -2.762468 0.065046 1.362762
v -2.742676 0.046303 1.862717
v -2.743840 0.046303 1.362718
v -2.721765 0.030031 1.862669
v -2.722929 0.030030 1.362670
v -2.698727 0.016380 1.862615
v -2.699890 0.016380 1.362616
v -2.673717 0.005502 1.862557
v -2.674880 0.005502 1.362558
v -2.646890 -0.002455 1.862494
v -2.648053 -0.002455 1.362496
v -2.618403 -0.007339 1.862428
v -2.619567 -0.007339 1.362429
v -2.588411 -0.009000 1.862358
v -2.589575 -0.009000 1.362360
v -2.581750 -0.008893 1.862343
v -2.582914 -0.008893 1.362344
v -2.575136 -0.008567 1.862327
v -2.576299 -0.008567 1.362329
v -2.568543 -0.008017 1.862312
v -2.569707 -0.008017 1.362313
v -2.561948 -0.007238 1.862297
v -2.563112 -0.007238 1.362298
v -2.555326 -0.006223 1.862281
v -2.556489 -0.006223 1.362283
v -2.548651 -0.004969 1.862266
v -2.549814 -0.004969 1.362267
v -2.541900 -0.003469 1.862250
v -2.543063 -0.003469 1.362251
v -2.535048 -0.001717 1.862234
v -2.536211 -0.001717 1.362235
v -2.528070 0.000291 1.862218
v -2.529234 0.000291 1.362219
v -2.520942 0.002561 1.862201
v -2.522106 0.002561 1.362203
v -2.513639 0.005099 1.862184
v -2.514803 0.005099 1.362185
v -2.506137 0.007910 1.862167
v -2.507301 0.007910 1.362168
v -2.498411 0.011000 1.862149
v -2.499575 0.011000 1.362150
v -2.498411 -0.230000 1.862149
v -2.499575 -0.230000 1.362150
v -2.504677 0.088107 1.862163
v -2.505840 0.088107 1.362165
v -2.511004 0.085430 1.862178
v -2.512168 0.085430 1.362179
v -2.517387 0.082971 1.862193
v -2.518550 0.082971 1.362194
v -2.523815 0.080733 1.862208
v -2.524979 0.080733 1.362209
v -2.530282 0.078720 1.862223
v -2.531446 0.078720 1.362224
v -2.536779 0.076933 1.862238
v -2.537943 0.076933 1.362239
v -2.543298 0.075375 1.862253
v -2.544462 0.075375 1.362255
v -2.549831 0.074050 1.862268
v -2.550994 0.074050 1.362270
v -2.556369 0.072959 1.862284
v -2.557532 0.072959 1.362285
v -2.562904 0.072106 1.862299
v -2.564067 0.072106 1.362300
v -2.569428 0.071493 1.862314
v -2.570592 0.071493 1.362315
v -2.575933 0.071124 1.862329
v -2.577097 0.071124 1.362330
v -2.582411 0.071000 1.862344
v -2.583575 0.071000 1.362346
v -2.601140 0.072117 1.862388
v -2.602304 0.072117 1.362389
v -2.618951 0.075395 1.862429
v -2.620115 0.075395 1.362431
v -2.635743 0.080721 1.862468
v -2.636907 0.080721 1.362470
v -2.651416 0.087983 1.862505
v -2.652580 0.087983 1.362506
v -2.665868 0.097070 1.862538
v -2.667032 0.097070 1.362540
v -2.678998 0.107868 1.862569
v -2.680162 0.107868 1.362570
v -2.690706 0.120268 1.862596
v -2.691869 0.120268 1.362598
v -2.700889 0.134155 1.862620
v -2.702052 0.134155 1.362621
v -2.709447 0.149419 1.862640
v -2.710611 0.149419 1.362641
v -2.716280 0.165948 1.862656
v -2.717443 0.165948 1.362657
v -2.721285 0.183629 1.862667
v -2.722449 0.183629 1.362669
v -2.724362 0.202350 1.862674
v -2.725526 0.202350 1.362676
v -2.725411 0.222000 1.862677
v -2.726574 0.222000 1.362678
v -2.724541 0.242762 1.862675
v -2.725704 0.242762 1.362676
v -2.721935 0.262099 1.862669
v -2.723098 0.262099 1.362670
v -2.717594 0.279970 1.862659
v -2.718758 0.279970 1.362660
v -2.711522 0.296332 1.862645
v -2.712686 0.296332 1.362646
v -2.703722 0.311147 1.862626
v -2.704885 0.311147 1.362628
v -2.694196 0.324371 1.862604
v -2.695359 0.324371 1.362606
v -2.682946 0.335966 1.862578
v -2.684109 0.335966 1.362579
v -2.669975 0.345889 1.862548
v -2.671139 0.345889 1.362549
v -2.655287 0.354100 1.862514
v -2.656451 0.354100 1.362515
v -2.638884 0.360557 1.862476
v -2.640047 0.360557 1.362477
v -2.620769 0.365220 1.862433
v -2.621932 0.365220 1.362435
v -2.600943 0.368048 1.862387
v -2.602107 0.368048 1.362389
v -2.579411 0.369000 1.862337
v -2.580575 0.369000 1.362339
v -2.498411 0.369000 1.862149
v -2.499575 0.369000 1.362150
v -2.498411 0.091000 1.862149
v -2.499575 0.091000 1.362150
v -3.254358 0.020102 1.863908
v -3.255521 0.020101 1.363909
v -3.246063 0.014848 1.863889
v -3.247226 0.014848 1.363890
v -3.238429 0.010208 1.863871
v -3.239593 0.010208 1.363872
v -3.231360 0.006153 1.863854
v -3.232524 0.006153 1.363856
v -3.224761 0.002652 1.863839
v -3.225925 0.002652 1.363840
v -3.218537 -0.000324 1.863824
v -3.219700 -0.000324 1.363826
v -3.212590 -0.002806 1.863811
v -3.213754 -0.002806 1.363812
v -3.206827 -0.004824 1.863797
v -3.207990 -0.004824 1.363799
v -3.201151 -0.006407 1.863784
v -3.202314 -0.006407 1.363785
v -3.195467 -0.007587 1.863771
v -3.196630 -0.007587 1.363772
v -3.189679 -0.008392 1.863757
v -3.190842 -0.008392 1.363759
v -3.183692 -0.008853 1.863743
v -3.184855 -0.008853 1.363745
v -3.177410 -0.009000 1.863729
v -3.178573 -0.009000 1.363730
v -3.168727 -0.008750 1.863709
v -3.169890 -0.008750 1.363710
v -3.160670 -0.007991 1.863690
v -3.161833 -0.007991 1.363691
v -3.153224 -0.006714 1.863672
v -3.154388 -0.006714 1.363674
v -3.146377 -0.004907 1.863657
v -3.147540 -0.004907 1.363658
v -3.140114 -0.002559 1.863642
v -3.141277 -0.002559 1.363643
v -3.134421 0.000340 1.863629
v -3.135585 0.000340 1.363630
v -3.129286 0.003802 1.863617
v -3.130450 0.003802 1.363618
v -3.124694 0.007838 1.863606
v -3.125858 0.007837 1.363607
v -3.120632 0.012457 1.863597
v -3.121796 0.012457 1.363598
v -3.117087 0.017673 1.863588
v -3.118250 0.017673 1.363590
v -3.114043 0.023494 1.863581
v -3.115207 0.023494 1.363583
v -3.111489 0.029933 1.863575
v -3.112653 0.029933 1.363577
v -3.109410 0.037000 1.863571
v -3.110573 0.037000 1.363572
v -3.100375 0.030130 1.863549
v -3.101539 0.030130 1.363551
v -3.091275 0.023825 1.863528
v -3.092439 0.023825 1.363530
v -3.082115 0.018082 1.863507
v -3.083278 0.018082 1.363508
v -3.072900 0.012900 1.863486
v -3.074064 0.012900 1.363487
v -3.063636 0.008274 1.863464
v -3.064800 0.008274 1.363465
v -3.054329 0.004203 1.863442
v -3.055492 0.004203 1.363444
v -3.044983 0.000684 1.863421
v -3.046146 0.000684 1.363422
v -3.035604 -0.002286 1.863399
v -3.036767 -0.002286 1.363400
v -3.026198 -0.004711 1.863377
v -3.027361 -0.004711 1.363378
v -3.016770 -0.006591 1.863355
v -3.017934 -0.006591 1.363356
v -3.007326 -0.007931 1.863333
v -3.008489 -0.007931 1.363334
v -2.997871 -0.008733 1.863311
v -2.999034 -0.008733 1.363312
v -2.988410 -0.009000 1.863289
v -2.989573 -0.009000 1.363290
v -2.973579 -0.008098 1.863254
v -2.974743 -0.008098 1.363256
v -2.959590 -0.005475 1.863222
v -2.960754 -0.005475 1.363223
v -2.946503 -0.001258 1.863191
v -2.947666 -0.001258 1.363193
v -2.934376 0.004429 1.863163
v -2.935540 0.004429 1.363165
v -2.923271 0.011460 1.863137
v -2.924435 0.011460 1.363139
v -2.913248 0.019708 1.863114
v -2.914411 0.019708 1.363115
v -2.904366 0.029049 1.863093
v -2.905529 0.029049 1.363095
v -2.896685 0.039357 1.863075
v -2.897849 0.039357 1.363077
v -2.890266 0.050506 1.863061
v -2.891430 0.050506 1.363062
v -2.885170 0.062370 1.863049
v -2.886333 0.062370 1.363050
v -2.881455 0.074824 1.863040
v -2.882618 0.074824 1.363041
v -2.879182 0.087743 1.863035
v -2.880345 0.087743 1.363036
v -2.878411 0.101000 1.863033
v -2.879574 0.101000 1.363034
v -2.879807 0.120466 1.863036
v -2.880971 0.120466 1.363038
v -2.883834 0.137897 1.863046
v -2.884998 0.137897 1.363047
v -2.890245 0.153460 1.863060
v -2.891409 0.153460 1.363062
v -2.898795 0.167321 1.863080
v -2.899958 0.167321 1.363082
v -2.909237 0.179648 1.863105
v -2.910400 0.179648 1.363106
v -2.921325 0.190607 1.863133
v -2.922489 0.190607 1.363134
v -2.934815 0.200364 1.863164
v -2.935979 0.200364 1.363166
v -2.949460 0.209086 1.863198
v -2.950624 0.209086 1.363200
v -2.965014 0.216939 1.863235
v -2.966178 0.216939 1.363236
v -2.981232 0.224091 1.863272
v -2.982396 0.224091 1.363274
v -2.997868 0.230707 1.863311
v -2.999032 0.230707 1.363312
v -3.014676 0.236955 1.863350
v -3.015839 0.236954 1.363351
v -3.031410 0.243000 1.863389
v -3.032573 0.243000 1.363390
v -3.110410 0.271000 1.863573
v -3.111573 0.271000 1.363574
v -3.110410 0.295000 1.863573
v -3.111573 0.295000 1.363574
v -3.109931 0.307342 1.863572
v -3.111094 0.307342 1.363573
v -3.108493 0.318539 1.863568
v -3.109656 0.318539 1.363570
v -3.106096 0.328620 1.863563
v -3.107260 0.328620 1.363564
v -3.102741 0.337611 1.863555
v -3.103905 0.337611 1.363556
v -3.098428 0.345539 1.863545
v -3.099591 0.345539 1.363546
v -3.093155 0.352433 1.863533
v -3.094319 0.352433 1.363534
v -3.086925 0.358319 1.863518
v -3.088088 0.358319 1.363520
v -3.079735 0.363224 1.863502
v -3.080899 0.363224 1.363503
v -3.071587 0.367176 1.863482
v -3.072751 0.367176 1.363484
v -3.062481 0.370203 1.863461
v -3.063645 0.370203 1.363463
v -3.052416 0.372330 1.863438
v -3.053580 0.372330 1.363439
v -3.041392 0.373587 1.863412
v -3.042556 0.373587 1.363414
v -3.029410 0.374000 1.863384
v -3.030574 0.374000 1.363386
v -3.018088 0.373590 1.863358
v -3.019252 0.373590 1.363359
v -3.006753 0.372349 1.863332
v -3.007916 0.372349 1.363333
v -2.995425 0.370264 1.863305
v -2.996589 0.370264 1.363307
v -2.984128 0.367322 1.863279
v -2.985292 0.367322 1.363280
v -2.972883 0.363508 1.863253
v -2.974047 0.363508 1.363254
v -2.961712 0.358810 1.863227
v -2.962875 0.358810 1.363228
v -2.950636 0.353214 1.863201
v -2.951799 0.353214 1.363202
v -2.939677 0.346705 1.863176
v -2.940840 0.346705 1.363177
v -2.928858 0.339270 1.863150
v -2.930021 0.339270 1.363152
v -2.918200 0.330896 1.863126
v -2.919363 0.330896 1.363127
v -2.907724 0.321569 1.863101
v -2.908888 0.321569 1.363103
v -2.897454 0.311274 1.863077
v -2.898618 0.311274 1.363079
v -2.887411 0.300000 1.863054
v -2.888574 0.300000 1.363055
v -2.887411 0.397000 1.863054
v -2.888574 0.397000 1.363055
v -2.895737 0.406089 1.863073
v -2.896900 0.406089 1.363075
v -2.904566 0.414436 1.863094
v -2.905729 0.414436 1.363095
v -2.913902 0.422042 1.863116
v -2.915066 0.422042 1.363117
v -2.923753 0.428911 1.863138
v -2.924916 0.428911 1.363140
v -2.934122 0.435045 1.863163
v -2.935285 0.435045 1.363164
v -2.945015 0.440447 1.863188
v -2.946179 0.440447 1.363189
v -2.956439 0.445121 1.863214
v -2.957602 0.445121 1.363216
v -2.968397 0.449067 1.863242
v -2.969561 0.449067 1.363244
v -2.980896 0.452290 1.863271
v -2.982060 0.452290 1.363273
v -2.993942 0.454792 1.863302
v -2.995105 0.454792 1.363303
v -3.007539 0.456576 1.863333
v -3.008703 0.456576 1.363335
v -3.021693 0.457645 1.863366
v -3.022857 0.457645 1.363368
v -3.036410 0.458000 1.863401
v -3.037574 0.458000 1.363402
v -3.057048 0.457179 1.863449
v -3.058212 0.457179 1.363450
v -3.076867 0.454697 1.863495
v -3.078031 0.454697 1.363496
v -3.095723 0.450528 1.863539
v -3.096886 0.450528 1.363540
v -3.113469 0.444644 1.863580
v -3.114633 0.444644 1.363581
v -3.129962 0.437017 1.863618
v -3.131125 0.437017 1.363620
v -3.145057 0.427620 1.863653
v -3.146220 0.427620 1.363655
v -3.158608 0.416427 1.863685
v -3.159772 0.416427 1.363686
v -3.170472 0.403409 1.863713
v -3.171636 0.403409 1.363714
v -3.180504 0.388540 1.863736
v -3.181667 0.388540 1.363737
v -3.188558 0.371792 1.863755
v -3.189721 0.371792 1.363756
v -3.194490 0.353137 1.863769
v -3.195653 0.353137 1.363770
v -3.198155 0.332549 1.863777
v -3.199319 0.332549 1.363778
v -3.199409 0.310000 1.863780
v -3.200573 0.310000 1.363781
v -3.199409 0.079000 1.863780
v -3.200573 0.079000 1.363781
v -3.199516 0.075270 1.863780
v -3.200679 0.075270 1.363782
v -3.199832 0.071917 1.863781
v -3.200995 0.071917 1.363782
v -3.200356 0.068927 1.863782
v -3.201519 0.068927 1.363783
v -3.201085 0.066286 1.863784
v -3.202248 0.066286 1.363785
v -3.202015 0.063982 1.863786
v -3.203179 0.063982 1.363787
v -3.203146 0.062000 1.863789
v -3.204309 0.062000 1.363790
v -3.204472 0.060326 1.863792
v -3.205636 0.060326 1.363793
v -3.205993 0.058947 1.863795
v -3.207156 0.058947 1.363797
v -3.207705 0.057850 1.863799
v -3.208868 0.057850 1.363801
v -3.209605 0.057020 1.863804
v -3.210769 0.057020 1.363805
v -3.211691 0.056444 1.863809
v -3.212855 0.056444 1.363810
v -3.213960 0.056109 1.863814
v -3.215124 0.056109 1.363815
v -3.216410 0.056000 1.863820
v -3.217573 0.056000 1.363821
v -3.218643 0.056158 1.863825
v -3.219807 0.056158 1.363826
v -3.221177 0.056628 1.863831
v -3.222341 0.056628 1.363832
v -3.223992 0.057401 1.863837
v -3.225156 0.057401 1.363839
v -3.227070 0.058469 1.863844
v -3.228233 0.058469 1.363846
v -3.230390 0.059823 1.863852
v -3.231554 0.059823 1.363853
v -3.233934 0.061457 1.863860
v -3.235098 0.061457 1.363862
v -3.237684 0.063360 1.863869
v -3.238847 0.063360 1.363870
v -3.241618 0.065526 1.863878
v -3.242782 0.065526 1.363880
v -3.245720 0.067945 1.863888
v -3.246883 0.067945 1.363889
v -3.249969 0.070611 1.863898
v -3.251132 0.070611 1.363899
v -3.254346 0.073514 1.863908
v -3.255510 0.073514 1.363909
v -3.258833 0.076646 1.863918
v -3.259996 0.076646 1.363920
v -3.263409 0.080000 1.863929
v -3.264573 0.080000 1.363930
v -3.263409 0.026000 1.863929
v -3.264573 0.026000 1.363930
v -3.093075 0.215988 1.863533
v -3.094238 0.215988 1.363534
v -3.076247 0.209902 1.863493
v -3.077411 0.209902 1.363495
v -3.060081 0.203668 1.863456
v -3.061244 0.203668 1.363457
v -3.044728 0.197214 1.863420
v -3.045892 0.197213 1.363421
v -3.030342 0.190464 1.863387
v -3.031506 0.190464 1.363388
v -3.017076 0.183346 1.863356
v -3.018239 0.183345 1.363357
v -3.005082 0.175785 1.863328
v -3.006246 0.175785 1.363329
v -2.994514 0.167708 1.863303
v -2.995677 0.167708 1.363304
v -2.985524 0.159041 1.863282
v -2.986688 0.159041 1.363284
v -2.978266 0.149711 1.863265
v -2.979430 0.149711 1.363267
v -2.972893 0.139643 1.863253
v -2.974056 0.139643 1.363254
v -2.969556 0.128764 1.863245
v -2.970720 0.128764 1.363246
v -2.968410 0.117000 1.863242
v -2.969574 0.117000 1.363244
v -2.968882 0.108664 1.863244
v -2.970045 0.108664 1.363245
v -2.970266 0.100759 1.863247
v -2.971429 0.100759 1.363248
v -2.972515 0.093326 1.863252
v -2.973679 0.093326 1.363253
v -2.975584 0.086407 1.863259
v -2.976747 0.086407 1.363261
v -2.979425 0.080043 1.863268
v -2.980589 0.080043 1.363269
v -2.983993 0.074274 1.863279
v -2.985157 0.074274 1.363280
v -2.989241 0.069141 1.863291
v -2.990405 0.069141 1.363292
v -2.995123 0.064685 1.863305
v -2.996286 0.064685 1.363306
v -3.001592 0.060948 1.863320
v -3.002755 0.060948 1.363321
v -3.008601 0.057970 1.863336
v -3.009765 0.057969 1.363337
v -3.016105 0.055792 1.863353
v -3.017269 0.055792 1.363355
v -3.024057 0.054455 1.863372
v -3.025220 0.054455 1.363373
v -3.032410 0.054000 1.863391
v -3.033574 0.054000 1.363393
v -3.038836 0.054246 1.863406
v -3.040000 0.054246 1.363408
v -3.045191 0.054976 1.863421
v -3.046355 0.054976 1.363422
v -3.051475 0.056175 1.863436
v -3.052639 0.056175 1.363437
v -3.057688 0.057831 1.863450
v -3.058852 0.057831 1.363451
v -3.063830 0.059929 1.863464
v -3.064994 0.059929 1.363466
v -3.069901 0.062455 1.863479
v -3.071064 0.062455 1.363480
v -3.075901 0.065397 1.863493
v -3.077065 0.065397 1.363494
v -3.081830 0.068740 1.863506
v -3.082994 0.068740 1.363508
v -3.087688 0.072471 1.863520
v -3.088851 0.072471 1.363521
v -3.093475 0.076576 1.863533
v -3.094638 0.076576 1.363535
v -3.099191 0.081042 1.863547
v -3.100354 0.081042 1.363548
v -3.104836 0.085854 1.863560
v -3.105999 0.085854 1.363561
v -3.110410 0.091000 1.863573
v -3.111573 0.091000 1.363574
v -3.110410 0.222000 1.863573
v -3.111573 0.222000 1.363574
v -3.660931 0.339426 1.864854
v -3.662094 0.339426 1.364855
v -3.649997 0.346039 1.864828
v -3.651160 0.346039 1.364830
v -3.639546 0.351876 1.864804
v -3.640710 0.351876 1.364806
v -3.629519 0.356976 1.864781
v -3.630682 0.356976 1.364782
v -3.619855 0.361376 1.864758
v -3.621018 0.361376 1.364760
v -3.610494 0.365116 1.864737
v -3.611657 0.365116 1.364738
v -3.601376 0.368233 1.864715
v -3.602540 0.368233 1.364717
v -3.592441 0.370766 1.864695
v -3.593605 0.370766 1.364696
v -3.583629 0.372752 1.864674
v -3.584793 0.372752 1.364675
v -3.574880 0.374230 1.864654
v -3.576044 0.374230 1.364655
v -3.566134 0.375239 1.864633
v -3.567297 0.375239 1.364635
v -3.557330 0.375816 1.864613
v -3.558493 0.375816 1.364614
v -3.548409 0.376000 1.864592
v -3.549572 0.376000 1.364594
v -3.530174 0.374931 1.864550
v -3.531338 0.374931 1.364551
v -3.512912 0.371782 1.864509
v -3.514076 0.371782 1.364511
v -3.496707 0.366635 1.864472
v -3.497871 0.366635 1.364473
v -3.481643 0.359578 1.864437
v -3.482807 0.359578 1.364438
v -3.467806 0.350693 1.864405
v -3.468969 0.350693 1.364406
v -3.455279 0.340066 1.864375
v -3.456443 0.340066 1.364377
v -3.444148 0.327781 1.864349
v -3.445312 0.327781 1.364351
v -3.434497 0.313923 1.864327
v -3.435661 0.313923 1.364328
v -3.426411 0.298576 1.864308
v -3.427575 0.298576 1.364310
v -3.419975 0.281826 1.864293
v -3.421138 0.281826 1.364295
v -3.415272 0.263757 1.864282
v -3.416436 0.263757 1.364284
v -3.412389 0.244453 1.864276
v -3.413553 0.244453 1.364277
v -3.411409 0.224000 1.864273
v -3.412573 0.224000 1.364275
v -3.412462 0.203204 1.864276
v -3.413625 0.203204 1.364277
v -3.415568 0.183773 1.864283
v -3.416731 0.183773 1.364284
v -3.420651 0.165760 1.864295
v -3.421814 0.165760 1.364296
v -3.427635 0.149216 1.864311
v -3.428798 0.149216 1.364312
v -3.436443 0.134193 1.864332
v -3.437607 0.134193 1.364333
v -3.446999 0.120744 1.864356
v -3.448163 0.120744 1.364357
v -3.459227 0.108919 1.864385
v -3.460390 0.108919 1.364386
v -3.473049 0.098771 1.864417
v -3.474213 0.098771 1.364418
v -3.488390 0.090352 1.864452
v -3.489554 0.090352 1.364454
v -3.505173 0.083713 1.864491
v -3.506337 0.083713 1.364493
v -3.523321 0.078907 1.864534
v -3.524485 0.078907 1.364535
v -3.542759 0.075985 1.864579
v -3.543922 0.075985 1.364580
v -3.563409 0.075000 1.864627
v -3.564572 0.075000 1.364628
v -3.572147 0.075178 1.864647
v -3.573311 0.075178 1.364649
v -3.580845 0.075710 1.864668
v -3.582009 0.075710 1.364669
v -3.589532 0.076598 1.864688
v -3.590695 0.076598 1.364689
v -3.598238 0.077840 1.864708
v -3.599401 0.077840 1.364709
v -3.606993 0.079438 1.864728
v -3.608156 0.079438 1.364730
v -3.615827 0.081391 1.864749
v -3.616991 0.081391 1.364750
v -3.624771 0.083698 1.864770
v -3.625934 0.083698 1.364771
v -3.633854 0.086361 1.864791
v -3.635017 0.086361 1.364792
v -3.643106 0.089379 1.864812
v -3.644269 0.089379 1.364814
v -3.652557 0.092751 1.864835
v -3.653721 0.092751 1.364836
v -3.662238 0.096479 1.864857
v -3.663402 0.096479 1.364858
v -3.672179 0.100562 1.864880
v -3.673342 0.100562 1.364882
v -3.682409 0.105000 1.864904
v -3.683572 0.105000 1.364905
v -3.682409 0.017000 1.864904
v -3.683572 0.017000 1.364905
v -3.675023 0.013809 1.864887
v -3.676186 0.013809 1.364888
v -3.666780 0.010717 1.864868
v -3.667943 0.010717 1.364869
v -3.657780 0.007750 1.864847
v -3.658944 0.007750 1.364848
v -3.648125 0.004936 1.864824
v -3.649289 0.004936 1.364825
v -3.637916 0.002303 1.864800
v -3.639079 0.002303 1.364802
v -3.627253 -0.000123 1.864776
v -3.628417 -0.000123 1.364777
v -3.616238 -0.002315 1.864750
v -3.617402 -0.002315 1.364751
v -3.604972 -0.004244 1.864724
v -3.606135 -0.004244 1.364725
v -3.593556 -0.005883 1.864697
v -3.594719 -0.005883 1.364699
v -3.582090 -0.007206 1.864671
v -3.583254 -0.007206 1.364672
v -3.570676 -0.008184 1.864644
v -3.571840 -0.008184 1.364645
v -3.559416 -0.008792 1.864618
v -3.560579 -0.008792 1.364619
v -3.548409 -0.009000 1.864592
v -3.549572 -0.009000 1.364594
v -3.518220 -0.007374 1.864522
v -3.519384 -0.007374 1.364523
v -3.489599 -0.002593 1.864455
v -3.490763 -0.002593 1.364457
v -3.462694 0.005194 1.864393
v -3.463857 0.005194 1.364394
v -3.437650 0.015841 1.864334
v -3.438814 0.015841 1.364336
v -3.414618 0.029200 1.864281
v -3.415781 0.029200 1.364282
v -3.393742 0.045123 1.864232
v -3.394905 0.045123 1.364233
v -3.375171 0.063463 1.864189
v -3.376334 0.063463 1.364190
v -3.359053 0.084072 1.864151
v -3.360216 0.084072 1.364153
v -3.345534 0.106804 1.864120
v -3.346698 0.106804 1.364121
v -3.334763 0.131510 1.864095
v -3.335927 0.131510 1.364096
v -3.326887 0.158043 1.864077
v -3.328051 0.158043 1.364078
v -3.322053 0.186255 1.864065
v -3.323217 0.186255 1.364067
v -3.320409 0.216000 1.864062
v -3.321573 0.216000 1.364063
v -3.321920 0.249177 1.864065
v -3.323084 0.249177 1.364066
v -3.326385 0.280328 1.864075
v -3.327549 0.280328 1.364077
v -3.333707 0.309343 1.864092
v -3.334870 0.309343 1.364094
v -3.343787 0.336113 1.864116
v -3.344950 0.336113 1.364117
v -3.356527 0.360529 1.864146
v -3.357691 0.360529 1.364147
v -3.371829 0.382482 1.864181
v -3.372992 0.382482 1.364182
v -3.389594 0.401862 1.864223
v -3.390757 0.401862 1.364224
v -3.409724 0.418560 1.864269
v -3.410887 0.418560 1.364271
v -3.432121 0.432467 1.864321
v -3.433284 0.432467 1.364323
v -3.456686 0.443474 1.864379
v -3.457849 0.443474 1.364380
v -3.483321 0.451471 1.864441
v -3.484485 0.451471 1.364442
v -3.511928 0.456350 1.864507
v -3.513092 0.456350 1.364509
v -3.542409 0.458000 1.864578
v -3.543572 0.458000 1.364579
v -3.554118 0.457789 1.864605
v -3.555282 0.457789 1.364607
v -3.565293 0.457166 1.864631
v -3.566456 0.457166 1.364633
v -3.576000 0.456144 1.864656
v -3.577164 0.456144 1.364658
v -3.586309 0.454737 1.864680
v -3.587472 0.454737 1.364682
v -3.596287 0.452959 1.864704
v -3.597450 0.452959 1.364705
v -3.606003 0.450823 1.864726
v -3.607166 0.450823 1.364727
v -3.615525 0.448343 1.864748
v -3.616688 0.448343 1.364750
v -3.624921 0.445532 1.864770
v -3.626085 0.445532 1.364771
v -3.634260 0.442405 1.864792
v -3.635424 0.442405 1.364793
v -3.643610 0.438974 1.864814
v -3.644774 0.438974 1.364815
v -3.653039 0.435254 1.864836
v -3.654203 0.435254 1.364837
v -3.662616 0.431258 1.864858
v -3.663779 0.431258 1.364859
v -3.672408 0.427000 1.864881
v -3.673572 0.427000 1.364882
v -3.672408 0.332000 1.864881
v -3.673572 0.332000 1.364882
v -4.143020 0.036029 1.865976
v -4.144184 0.036029 1.365977
v -4.130723 0.028726 1.865947
v -4.131886 0.028726 1.365949
v -4.118428 0.022088 1.865919
v -4.119592 0.022088 1.365920
v -4.106049 0.016107 1.865890
v -4.107213 0.016107 1.365891
v -4.093498 0.010780 1.865861
v -4.094661 0.010780 1.365862
v -4.080687 0.006099 1.865831
v -4.081851 0.006099 1.365832
v -4.067530 0.002061 1.865800
v -4.068693 0.002061 1.365801
v -4.053938 -0.001342 1.865769
v -4.055101 -0.001342 1.365770
v -4.039824 -0.004113 1.865736
v -4.040988 -0.004113 1.365737
v -4.025102 -0.006259 1.865701
v -4.026266 -0.006259 1.365703
v -4.009684 -0.007786 1.865666
v -4.010847 -0.007786 1.365667
v -3.993481 -0.008697 1.865628
v -3.994645 -0.008697 1.365629
v -3.976408 -0.009000 1.865588
v -3.977571 -0.009000 1.365589
v -3.945208 -0.007007 1.865515
v -3.946371 -0.007007 1.365517
v -3.916253 -0.001220 1.865448
v -3.917416 -0.001220 1.365449
v -3.889586 0.008070 1.865386
v -3.890750 0.008070 1.365387
v -3.865252 0.020575 1.865330
v -3.866416 0.020575 1.365331
v -3.843294 0.036005 1.865278
v -3.844458 0.036005 1.365280
v -3.823756 0.054070 1.865233
v -3.824919 0.054070 1.365234
v -3.806681 0.074481 1.865193
v -3.807844 0.074481 1.365194
v -3.792113 0.096948 1.865159
v -3.793276 0.096948 1.365161
v -3.780096 0.121183 1.865131
v -3.781259 0.121183 1.365133
v -3.770673 0.146894 1.865109
v -3.771837 0.146894 1.365111
v -3.763888 0.173794 1.865094
v -3.765052 0.173794 1.365095
v -3.759785 0.201593 1.865084
v -3.760949 0.201593 1.365085
v -3.758408 0.230000 1.865081
v -3.759572 0.230000 1.365082
v -3.759913 0.260582 1.865084
v -3.761076 0.260582 1.365086
v -3.764340 0.289470 1.865095
v -3.765503 0.289470 1.365096
v -3.771558 0.316534 1.865111
v -3.772722 0.316534 1.365113
v -3.781436 0.341643 1.865134
v -3.782599 0.341643 1.365136
v -3.793843 0.364665 1.865163
v -3.795006 0.364665 1.365165
v -3.808647 0.385470 1.865198
v -3.809811 0.385470 1.365199
v -3.825719 0.403926 1.865237
v -3.826882 0.403926 1.365239
v -3.844926 0.419903 1.865282
v -3.846089 0.419903 1.365283
v -3.866137 0.433268 1.865331
v -3.867301 0.433268 1.365333
v -3.889222 0.443892 1.865385
v -3.890386 0.443892 1.365386
v -3.914050 0.451642 1.865443
v -3.915213 0.451642 1.365444
v -3.940489 0.456389 1.865505
v -3.941652 0.456389 1.365506
v -3.968407 0.458000 1.865569
v -3.969571 0.458000 1.365571
v -3.995091 0.456560 1.865632
v -3.996254 0.456560 1.365633
v -4.020157 0.452234 1.865690
v -4.021320 0.452234 1.365691
v -4.043517 0.445010 1.865744
v -4.044680 0.445010 1.365746
v -4.065079 0.434878 1.865794
v -4.066243 0.434878 1.365796
v -4.084754 0.421826 1.865840
v -4.085918 0.421826 1.365842
v -4.102453 0.405843 1.865881
v -4.103616 0.405843 1.365883
v -4.118083 0.386920 1.865918
v -4.119247 0.386920 1.365919
v -4.131557 0.365044 1.865949
v -4.132720 0.365044 1.365950
v -4.142783 0.340205 1.865975
v -4.143946 0.340205 1.365977
v -4.151671 0.312392 1.865996
v -4.152834 0.312392 1.365997
v -4.158131 0.281594 1.866011
v -4.159295 0.281594 1.366012
v -4.162073 0.247801 1.866020
v -4.163237 0.247801 1.366022
v -4.163407 0.211000 1.866023
v -4.164571 0.211000 1.366025
v -3.847408 0.211000 1.865288
v -3.848572 0.211000 1.365289
v -3.851295 0.191226 1.865297
v -3.852458 0.191226 1.365298
v -3.856490 0.172987 1.865309
v -3.857653 0.172987 1.365310
v -3.862987 0.156291 1.865324
v -3.864151 0.156291 1.365325
v -3.870781 0.141147 1.865342
v -3.871945 0.141147 1.365344
v -3.879868 0.127561 1.865363
v -3.881031 0.127561 1.365365
v -3.890241 0.115543 1.865388
v -3.891404 0.115543 1.365389
v -3.901894 0.105102 1.865415
v -3.903058 0.105101 1.365416
v -3.914823 0.096244 1.865445
v -3.915987 0.096244 1.365446
v -3.929022 0.088978 1.865478
v -3.930186 0.088978 1.365479
v -3.944486 0.083312 1.865514
v -3.945649 0.083312 1.365515
v -3.961208 0.079255 1.865553
v -3.962371 0.079255 1.365554
v -3.979184 0.076815 1.865595
v -3.980347 0.076815 1.365596
v -3.998408 0.076000 1.865639
v -3.999571 0.076000 1.365641
v -4.010817 0.076352 1.865668
v -4.011981 0.076352 1.365669
v -4.023131 0.077398 1.865697
v -4.024295 0.077398 1.365698
v -4.035361 0.079122 1.865725
v -4.036525 0.079122 1.365727
v -4.047517 0.081506 1.865754
v -4.048681 0.081506 1.365755
v -4.059611 0.084534 1.865782
v -4.060774 0.084534 1.365783
v -4.071652 0.088191 1.865810
v -4.072816 0.088191 1.365811
v -4.083653 0.092460 1.865838
v -4.084816 0.092460 1.365839
v -4.095623 0.097324 1.865865
v -4.096787 0.097324 1.365867
v -4.107575 0.102767 1.865893
v -4.108738 0.102766 1.365895
v -4.119518 0.108772 1.865921
v -4.120682 0.108772 1.365922
v -4.131464 0.115324 1.865949
v -4.132627 0.115324 1.365950
v -4.143424 0.122405 1.865977
v -4.144587 0.122405 1.365978
v -4.155407 0.130000 1.866005
v -4.156571 0.130000 1.366006
v -4.155407 0.044000 1.866005
v -4.156571 0.044000 1.366006
v -4.074080 0.285240 1.865815
v -4.075243 0.285240 1.365817
v -4.071509 0.299544 1.865809
v -4.072672 0.299544 1.365811
v -4.067725 0.312862 1.865801
v -4.068889 0.312862 1.365802
v -4.062762 0.325144 1.865789
v -4.063925 0.325144 1.365790
v -4.056651 0.336343 1.865775
v -4.057815 0.336343 1.365776
v -4.049427 0.346408 1.865758
v -4.050590 0.346408 1.365759
v -4.041121 0.355290 1.865739
v -4.042284 0.355290 1.365740
v -4.031765 0.362941 1.865717
v -4.032929 0.362941 1.365718
v -4.021395 0.369311 1.865693
v -4.022558 0.369311 1.365694
v -4.010041 0.374351 1.865666
v -4.011204 0.374351 1.365668
v -3.997737 0.378012 1.865638
v -3.998900 0.378012 1.365639
v -3.984514 0.380245 1.865607
v -3.985678 0.380245 1.365608
v -3.970407 0.381000 1.865574
v -3.971571 0.381000 1.365575
v -3.955195 0.380294 1.865539
v -3.956359 0.380294 1.365540
v -3.940948 0.378193 1.865506
v -3.942111 0.378193 1.365507
v -3.927669 0.374720 1.865475
v -3.928833 0.374720 1.365476
v -3.915365 0.369901 1.865446
v -3.916529 0.369901 1.365447
v -3.904042 0.363761 1.865420
v -3.905206 0.363761 1.365421
v -3.893705 0.356323 1.865396
v -3.894868 0.356323 1.365397
v -3.884359 0.347612 1.865374
v -3.885522 0.347612 1.365375
v -3.876010 0.337654 1.865354
v -3.877173 0.337654 1.365356
v -3.868663 0.326472 1.865337
v -3.869826 0.326472 1.365339
v -3.862324 0.314091 1.865323
v -3.863487 0.314091 1.365324
v -3.856998 0.300535 1.865310
v -3.858162 0.300535 1.365312
v -3.852691 0.285830 1.865300
v -3.853854 0.285830 1.365301
v -3.849408 0.270000 1.865293
v -3.850571 0.270000 1.365294
v -4.075407 0.270000 1.865819
v -4.076571 0.270000 1.365820
vn -0.0023 -0.0000 -1.0000
vn 0.0023 -0.0000 1.0000
vn -0.0967 0.9953 0.0002
vn -0.2016 0.9795 0.0005
vn -0.3137 0.9495 0.0007
vn -0.4299 0.9029 0.0010
vn -0.5454 0.8381 0.0013
vn -0.6549 0.7557 0.0015
vn -0.7529 0.6582 0.0018
vn -0.8353 0.5498 0.0019
vn -0.9001 0.4356 0.0021
vn -0.9472 0.3206 0.0022
vn -0.9781 0.2083 0.0023
vn -0.9948 0.1014 0.0023
vn -1.0000 -0.0018 0.0023
vn -0.9941 -0.1088 0.0023
vn -0.9746 -0.2238 0.0023
vn -0.9391 -0.3438 0.0022
vn -0.8853 -0.4650 0.0021
vn -0.8129 -0.5824 0.0019
vn -0.7234 -0.6904 0.0017
vn -0.6207 -0.7841 0.0014
vn -0.5100 -0.8602 0.0012
vn -0.3971 -0.9178 0.0009
vn -0.2869 -0.9580 0.0007
vn -0.1830 -0.9831 0.0004
vn -0.0874 -0.9962 0.0002
vn -0.0209 -0.9998 -0.0000
vn -0.7071 -0.7071 0.0016
vn 0.7071 -0.7071 -0.0016
vn 0.7071 0.7071 -0.0016
vn -0.0232 0.9997 0.0001
vn 0.0210 0.9998 -0.0000
vn 0.0869 0.9962 -0.0002
vn 0.1805 0.9836 -0.0004
vn 0.2812 0.9597 -0.0007
vn 0.3876 0.9218 -0.0009
vn 0.4972 0.8676 -0.0012
vn 0.6061 0.7954 -0.0014
vn 0.7092 0.7050 -0.0017
vn 0.8010 0.5986 -0.0019
vn 0.8770 0.4805 -0.0020
vn 0.9344 0.3562 -0.0022
vn 0.9727 0.2319 -0.0023
vn 0.9937 0.1124 -0.0023
vn 1.0000 0.0058 -0.0023
vn 0.9961 -0.0878 -0.0023
vn 0.9833 -0.1819 -0.0023
vn 0.9589 -0.2837 -0.0022
vn 0.9198 -0.3924 -0.0021
vn 0.8629 -0.5053 -0.0020
vn 0.7863 -0.6178 -0.0018
vn 0.6903 -0.7235 -0.0016
vn 0.5782 -0.8159 -0.0013
vn 0.4562 -0.8899 -0.0011
vn 0.3318 -0.9433 -0.0008
vn 0.2117 -0.9773 -0.0005
vn 0.1007 -0.9949 -0.0002
vn 0.0239 -0.9997 -0.0001
vn -0.7071 0.7071 0.0016
vn 0.3779 -0.9258 -0.0009
vn -0.6943 -0.7197 0.0016
vn -0.6531 -0.7573 0.0015
vn -0.6104 -0.7921 0.0014
vn -0.5660 -0.8244 0.0013
vn -0.5196 -0.8544 0.0012
vn -0.4706 -0.8823 0.0011
vn -0.4186 -0.9082 0.0010
vn -0.3628 -0.9319 0.0008
vn -0.3025 -0.9532 0.0007
vn -0.2368 -0.9716 0.0006
vn -0.1649 -0.9863 0.0004
vn -0.0858 -0.9963 0.0002
vn 0.0058 -1.0000 -0.0000
vn 0.1145 -0.9934 -0.0003
vn 0.2340 -0.9722 -0.0005
vn 0.3564 -0.9343 -0.0008
vn 0.4775 -0.8786 -0.0011
vn 0.5926 -0.8055 -0.0014
vn 0.6970 -0.7171 -0.0016
vn 0.7869 -0.6170 -0.0018
vn 0.8602 -0.5099 -0.0020
vn 0.9164 -0.4003 -0.0021
vn 0.9564 -0.2922 -0.0022
vn 0.9821 -0.1884 -0.0023
vn 0.9958 -0.0910 -0.0023
vn 0.9998 -0.0220 -0.0023
vn -0.9998 0.0195 0.0023
vn -0.9966 0.0822 0.0023
vn -0.9848 0.1736 0.0023
vn -0.9613 0.2755 0.0022
vn -0.9224 0.3863 0.0021
vn -0.8646 0.5025 0.0020
vn -0.7859 0.6184 0.0018
vn -0.6871 0.7265 0.0016
vn -0.5727 0.8198 0.0013
vn -0.4495 0.8933 0.0010
vn -0.3254 0.9456 0.0008
vn -0.2070 0.9783 0.0005
vn -0.0984 0.9951 0.0002
vn -0.0023 1.0000 -0.0000
vn 0.0845 0.9964 -0.0002
vn 0.1682 0.9857 -0.0004
vn 0.2498 0.9683 -0.0006
vn 0.3283 0.9446 -0.0008
vn 0.4027 0.9153 -0.0009
vn 0.4725 0.8814 -0.0011
vn 0.5371 0.8435 -0.0012
vn 0.5964 0.8027 -0.0014
vn 0.6504 0.7596 -0.0015
vn 0.6991 0.7150 -0.0016
vn 0.7428 0.6695 -0.0017
vn 0.7817 0.6236 -0.0018
vn 0.9486 0.3165 -0.0022
vn 0.5199 -0.8542 -0.0012
vn 0.4877 -0.8730 -0.0011
vn 0.4543 -0.8908 -0.0011
vn 0.4196 -0.9077 -0.0010
vn 0.3834 -0.9236 -0.0009
vn 0.3454 -0.9384 -0.0008
vn 0.3055 -0.9522 -0.0007
vn 0.2633 -0.9647 -0.0006
vn 0.2183 -0.9759 -0.0005
vn 0.1702 -0.9854 -0.0004
vn 0.1182 -0.9930 -0.0003
vn 0.0615 -0.9981 -0.0001
vn -0.0024 -1.0000 -0.0000
vn -0.0757 -0.9971 0.0002
vn -0.1560 -0.9878 0.0004
vn -0.2417 -0.9704 0.0006
vn -0.3327 -0.9430 0.0008
vn -0.4286 -0.9035 0.0010
vn -0.5281 -0.8492 0.0012
vn -0.6289 -0.7775 0.0015
vn -0.7272 -0.6864 0.0017
vn -0.8181 -0.5751 0.0019
vn -0.8953 -0.4454 0.0021
vn -0.9534 -0.3017 0.0022
vn -0.9886 -0.1508 0.0023
vn -0.9998 0.0201 0.0023
vn -0.9757 0.2192 0.0023
vn -0.9149 0.4037 0.0021
vn -0.8403 0.5421 0.0020
vn -0.7687 0.6397 0.0018
vn -0.7070 0.7072 0.0016
vn -0.6568 0.7541 0.0015
vn -0.6166 0.7872 0.0014
vn -0.5849 0.8111 0.0014
vn -0.5600 0.8285 0.0013
vn -0.5404 0.8414 0.0013
vn -0.5250 0.8511 0.0012
vn -0.5129 0.8584 0.0012
vn -0.5344 0.8452 0.0012
vn -0.5710 0.8210 0.0013
vn -0.5943 0.8043 0.0014
vn -0.6235 0.7818 0.0015
vn -0.6592 0.7520 0.0015
vn -0.7016 0.7126 0.0016
vn -0.7501 0.6613 0.0017
vn -0.8030 0.5960 0.0019
vn -0.8570 0.5153 0.0020
vn -0.9074 0.4202 0.0021
vn -0.9492 0.3145 0.0022
vn -0.9788 0.2048 0.0023
vn -0.9951 0.0985 0.0023
vn -1.0000 -0.0074 0.0023
vn -0.9921 -0.1256 0.0023
vn -0.9674 -0.2533 0.0023
vn -0.9252 -0.3794 0.0022
vn -0.8662 -0.4996 0.0020
vn -0.7923 -0.6101 0.0018
vn -0.7063 -0.7079 0.0016
vn -0.6113 -0.7914 0.0014
vn -0.5106 -0.8598 0.0012
vn -0.4069 -0.9135 0.0009
vn -0.3026 -0.9531 0.0007
vn -0.1992 -0.9800 0.0005
vn -0.0982 -0.9952 0.0002
vn -0.0162 -0.9999 -0.0000
vn 0.0331 -0.9995 -0.0001
vn 0.0691 -0.9976 -0.0002
vn 0.1078 -0.9942 -0.0003
vn 0.1486 -0.9889 -0.0003
vn 0.1903 -0.9817 -0.0004
vn 0.2321 -0.9727 -0.0005
vn 0.2729 -0.9620 -0.0006
vn 0.3117 -0.9502 -0.0007
vn 0.3479 -0.9375 -0.0008
vn 0.3808 -0.9246 -0.0009
vn 0.4104 -0.9119 -0.0010
vn 0.4364 -0.8997 -0.0010
vn 0.8510 -0.5251 -0.0020
vn 0.4719 0.8817 -0.0011
vn -0.5411 0.8410 0.0013
vn -0.5131 0.8584 0.0012
vn -0.4835 0.8754 0.0011
vn -0.4520 0.8920 0.0011
vn -0.4184 0.9083 0.0010
vn -0.3822 0.9241 0.0009
vn -0.3431 0.9393 0.0008
vn -0.3002 0.9539 0.0007
vn -0.2530 0.9675 0.0006
vn -0.2005 0.9797 0.0005
vn -0.1416 0.9899 0.0003
vn -0.0748 0.9972 0.0002
vn 0.0247 0.9997 -0.0001
vn 0.1230 0.9924 -0.0003
vn 0.1941 0.9810 -0.0005
vn 0.2700 0.9629 -0.0006
vn 0.3515 0.9362 -0.0008
vn 0.4388 0.8986 -0.0010
vn 0.5316 0.8470 -0.0012
vn 0.6281 0.7782 -0.0015
vn 0.7247 0.6890 -0.0017
vn 0.8159 0.5782 -0.0019
vn 0.8944 0.4472 -0.0021
vn 0.9535 0.3014 -0.0022
vn 0.9888 0.1495 -0.0023
vn 0.9961 -0.0884 -0.0023
vn 0.9019 -0.4319 -0.0021
vn 0.7283 -0.6852 -0.0017
vn 0.6019 -0.7985 -0.0014
vn 0.5316 -0.8470 -0.0012
vn 0.5023 -0.8647 -0.0012
vn 0.5036 -0.8639 -0.0012
vn 0.5311 -0.8473 -0.0012
vn 0.5839 -0.8118 -0.0014
vn 0.6621 -0.7494 -0.0015
vn 0.7633 -0.6460 -0.0018
vn 0.8745 -0.4850 -0.0020
vn 0.9653 -0.2610 -0.0022
vn 0.9993 -0.0366 -0.0023
vn 0.9924 0.1231 -0.0023
vn 0.9677 0.2519 -0.0023
vn 0.9238 0.3829 -0.0021
vn 0.8601 0.5101 -0.0020
vn 0.7787 0.6274 -0.0018
vn 0.6837 0.7297 -0.0016
vn 0.5804 0.8144 -0.0014
vn 0.4738 0.8806 -0.0011
vn 0.3684 0.9297 -0.0009
vn 0.2671 0.9637 -0.0006
vn 0.1716 0.9852 -0.0004
vn 0.0828 0.9966 -0.0002
vn 0.0090 1.0000 -0.0000
vn -0.0438 0.9990 0.0001
vn -0.0873 0.9962 0.0002
vn -0.1300 0.9915 0.0003
vn -0.1716 0.9852 0.0004
vn -0.2119 0.9773 0.0005
vn -0.2507 0.9681 0.0006
vn -0.2877 0.9577 0.0007
vn -0.3229 0.9464 0.0008
vn -0.3562 0.9344 0.0008
vn -0.3874 0.9219 0.0009
vn -0.4167 0.9091 0.0010
vn -0.4440 0.8960 0.0010
vn -0.8536 0.5210 0.0020
vn -0.4819 -0.8762 0.0011
vn 0.4208 0.9072 -0.0010
vn 0.7415 0.6709 -0.0017
vn 0.6954 0.7186 -0.0016
vn 0.6462 0.7632 -0.0015
vn 0.5940 0.8044 -0.0014
vn 0.5390 0.8423 -0.0013
vn 0.4810 0.8767 -0.0011
vn 0.4203 0.9074 -0.0010
vn 0.3567 0.9342 -0.0008
vn 0.2904 0.9569 -0.0007
vn 0.2213 0.9752 -0.0005
vn 0.1497 0.9887 -0.0003
vn 0.0758 0.9971 -0.0002
vn -0.0077 1.0000 -0.0000
vn -0.1103 0.9939 0.0003
vn -0.2270 0.9739 0.0005
vn -0.3485 0.9373 0.0008
vn -0.4707 0.8823 0.0011
vn -0.5883 0.8086 0.0014
vn -0.6958 0.7182 0.0016
vn -0.7884 0.6152 0.0018
vn -0.8631 0.5050 0.0020
vn -0.9195 0.3930 0.0021
vn -0.9588 0.2841 0.0022
vn -0.9834 0.1814 0.0023
vn -0.9962 0.0867 0.0023
vn -0.9998 0.0208 0.0023
vn 0.9998 -0.0201 -0.0023
vn 0.9965 -0.0830 -0.0023
vn 0.9852 -0.1716 -0.0023
vn 0.9639 -0.2663 -0.0022
vn 0.9305 -0.3662 -0.0022
vn 0.8827 -0.4700 -0.0021
vn 0.8182 -0.5749 -0.0019
vn 0.7358 -0.6772 -0.0017
vn 0.6355 -0.7721 -0.0015
vn 0.5197 -0.8543 -0.0012
vn 0.3926 -0.9197 -0.0009
vn 0.2599 -0.9656 -0.0006
vn 0.1276 -0.9918 -0.0003
vn 0.0128 -0.9999 -0.0000
vn -0.0755 -0.9971 0.0002
vn -0.1555 -0.9878 0.0004
vn -0.2380 -0.9713 0.0006
vn -0.3198 -0.9475 0.0007
vn -0.3976 -0.9176 0.0009
vn -0.4687 -0.8834 0.0011
vn -0.5316 -0.8470 0.0012
vn -0.5856 -0.8106 0.0014
vn -0.6312 -0.7756 0.0015
vn -0.6689 -0.7434 0.0016
vn -0.6998 -0.7143 0.0016
vn -0.7249 -0.6888 0.0017
vn -0.9317 -0.3633 0.0022
vn 0.6486 -0.7611 -0.0015
vn 0.6057 -0.7957 -0.0014
vn 0.5593 -0.8290 -0.0013
vn 0.5096 -0.8604 -0.0012
vn 0.4571 -0.8894 -0.0011
vn 0.4020 -0.9156 -0.0009
vn 0.3451 -0.9386 -0.0008
vn 0.2869 -0.9580 -0.0007
vn 0.2281 -0.9736 -0.0005
vn 0.1695 -0.9855 -0.0004
vn 0.1116 -0.9938 -0.0003
vn 0.0551 -0.9985 -0.0001
vn -0.0067 -1.0000 -0.0000
vn -0.0829 -0.9966 0.0002
vn -0.1693 -0.9856 0.0004
vn -0.2595 -0.9657 0.0006
vn -0.3534 -0.9355 0.0008
vn -0.4503 -0.8929 0.0010
vn -0.5490 -0.8358 0.0013
vn -0.6473 -0.7622 0.0015
vn -0.7418 -0.6706 0.0017
vn -0.8282 -0.5605 0.0019
vn -0.9012 -0.4335 0.0021
vn -0.9559 -0.2936 0.0022
vn -0.9891 -0.1470 0.0023
vn -0.9987 0.0513 0.0023
vn -0.9405 0.3398 0.0022
vn -0.7978 0.6029 0.0019
vn -0.5569 0.8306 0.0013
vn -0.5074 0.8617 0.0012
vn -0.4996 0.8663 0.0012
vn -0.5282 0.8491 0.0012
vn -0.5905 0.8070 0.0014
vn -0.6826 0.7308 0.0016
vn -0.7939 0.6081 0.0018
vn -0.9014 0.4330 0.0021
vn -0.9755 0.2198 0.0023
vn -0.9997 0.0242 0.0023
vn -0.9930 -0.1182 0.0023
vn -0.9714 -0.2376 0.0023
vn -0.9347 -0.3555 0.0022
vn -0.8830 -0.4693 0.0021
vn -0.8173 -0.5762 0.0019
vn -0.7387 -0.6740 0.0017
vn -0.6492 -0.7606 0.0015
vn -0.5506 -0.8348 0.0013
vn -0.4453 -0.8954 0.0010
vn -0.3354 -0.9421 0.0008
vn -0.2232 -0.9748 0.0005
vn -0.1108 -0.9938 0.0003
vn -0.0168 -0.9999 -0.0000
vn 0.0434 -0.9991 -0.0001
vn 0.0890 -0.9960 -0.0002
vn 0.1368 -0.9906 -0.0003
vn 0.1865 -0.9825 -0.0004
vn 0.2372 -0.9715 -0.0006
vn 0.2884 -0.9575 -0.0007
vn 0.3393 -0.9407 -0.0008
vn 0.3892 -0.9212 -0.0009
vn 0.4373 -0.8993 -0.0010
vn 0.4830 -0.8756 -0.0011
vn 0.5258 -0.8506 -0.0012
vn 0.5656 -0.8247 -0.0013
vn 0.8901 -0.4558 -0.0021
vn 0.3382 0.9411 -0.0008
vn -0.7531 0.6579 0.0018
vn -0.7143 0.6998 0.0017
vn -0.6711 0.7414 0.0016
vn -0.6233 0.7820 0.0015
vn -0.5707 0.8212 0.0013
vn -0.5132 0.8583 0.0012
vn -0.4508 0.8926 0.0010
vn -0.3838 0.9234 0.0009
vn -0.3125 0.9499 0.0007
vn -0.2376 0.9714 0.0006
vn -0.1599 0.9871 0.0004
vn -0.0803 0.9968 0.0002
vn 0.0044 1.0000 -0.0000
vn 0.1009 0.9949 -0.0002
vn 0.2066 0.9784 -0.0005
vn 0.3153 0.9490 -0.0007
vn 0.4241 0.9056 -0.0010
vn 0.5298 0.8481 -0.0012
vn 0.6293 0.7772 -0.0015
vn 0.7200 0.6940 -0.0017
vn 0.8000 0.6000 -0.0019
vn 0.8680 0.4966 -0.0020
vn 0.9230 0.3847 -0.0021
vn 0.9643 0.2647 -0.0022
vn 0.9907 0.1363 -0.0023
vn 0.9989 -0.0459 -0.0023
vn 0.9496 -0.3135 -0.0022
vn 0.8263 -0.5633 -0.0019
vn 0.6957 -0.7183 -0.0016
vn 0.5984 -0.8012 -0.0014
vn 0.5420 -0.8404 -0.0013
vn 0.5230 -0.8523 -0.0012
vn 0.5378 -0.8431 -0.0013
vn 0.5851 -0.8110 -0.0014
vn 0.6640 -0.7477 -0.0015
vn 0.7692 -0.6390 -0.0018
vn 0.8822 -0.4709 -0.0021
vn 0.9690 -0.2470 -0.0023
vn 0.9995 -0.0326 -0.0023
vn 0.9930 0.1183 -0.0023
vn 0.9704 0.2415 -0.0023
vn 0.9304 0.3666 -0.0022
vn 0.8723 0.4890 -0.0020
vn 0.7972 0.6037 -0.0019
vn 0.7079 0.7063 -0.0016
vn 0.6083 0.7937 -0.0014
vn 0.5029 0.8643 -0.0012
vn 0.3956 0.9184 -0.0009
vn 0.2899 0.9571 -0.0007
vn 0.1879 0.9822 -0.0004
vn 0.0913 0.9958 -0.0002
vn 0.0104 0.9999 -0.0000
vn -0.0473 0.9989 0.0001
vn -0.0944 0.9955 0.0002
vn -0.1411 0.9900 0.0003
vn -0.1873 0.9823 0.0004
vn -0.2328 0.9725 0.0005
vn -0.2774 0.9608 0.0006
vn -0.3209 0.9471 0.0007
vn -0.3633 0.9317 0.0008
vn -0.4045 0.9145 0.0009
vn -0.4442 0.8959 0.0010
vn -0.4826 0.8759 0.0011
vn -0.5194 0.8545 0.0012
vn -0.8767 0.4810 0.0020
vn -0.0194 0.9998 -0.0000
vn -0.0814 0.9967 0.0002
vn -0.1720 0.9851 0.0004
vn -0.2730 0.9620 0.0006
vn -0.3830 0.9238 0.0009
vn -0.4985 0.8669 0.0012
vn -0.6141 0.7892 0.0014
vn -0.7224 0.6915 0.0017
vn -0.8163 0.5776 0.0019
vn -0.8908 0.4545 0.0021
vn -0.9440 0.3298 0.0022
vn -0.9777 0.2102 0.0023
vn -0.9950 0.1001 0.0023
vn -1.0000 -0.0034 0.0023
vn -0.9938 -0.1108 0.0023
vn -0.9745 -0.2242 0.0023
vn -0.9410 -0.3383 0.0022
vn -0.8927 -0.4506 0.0021
vn -0.8296 -0.5583 0.0019
vn -0.7526 -0.6585 0.0018
vn -0.6630 -0.7486 0.0015
vn -0.5631 -0.8264 0.0013
vn -0.4552 -0.8904 0.0011
vn -0.3422 -0.9396 0.0008
vn -0.2271 -0.9739 0.0005
vn -0.1123 -0.9937 0.0003
vn -0.0196 -0.9998 -0.0000
vn 0.0327 -0.9995 -0.0001
vn 0.0662 -0.9978 -0.0002
vn 0.1002 -0.9950 -0.0002
vn 0.1344 -0.9909 -0.0003
vn 0.1681 -0.9858 -0.0004
vn 0.2008 -0.9796 -0.0005
vn 0.2323 -0.9726 -0.0005
vn 0.2621 -0.9650 -0.0006
vn 0.2901 -0.9570 -0.0007
vn 0.3159 -0.9488 -0.0007
vn 0.3396 -0.9406 -0.0008
vn 0.3611 -0.9325 -0.0008
vn -0.5607 -0.8280 0.0013
vn -0.3746 0.9272 0.0009
vn -0.3442 0.9389 0.0008
vn -0.3130 0.9497 0.0007
vn -0.2813 0.9596 0.0007
vn -0.2488 0.9685 0.0006
vn -0.2157 0.9765 0.0005
vn -0.1817 0.9834 0.0004
vn -0.1470 0.9891 0.0003
vn -0.1115 0.9938 0.0003
vn -0.0751 0.9972 0.0002
vn -0.0379 0.9993 0.0001
vn 0.0202 0.9998 -0.0000
vn 0.1205 0.9927 -0.0003
vn 0.2421 0.9702 -0.0006
vn 0.3621 0.9321 -0.0008
vn 0.4773 0.8787 -0.0011
vn 0.5849 0.8111 -0.0014
vn 0.6825 0.7309 -0.0016
vn 0.7682 0.6402 -0.0018
vn 0.8409 0.5412 -0.0020
vn 0.8998 0.4363 -0.0021
vn 0.9448 0.3278 -0.0022
vn 0.9760 0.2176 -0.0023
vn 0.9942 0.1079 -0.0023
vn 1.0000 0.0057 -0.0023
vn 0.9827 -0.1851 -0.0023
vn 0.9563 -0.2925 -0.0022
vn 0.9131 -0.4078 -0.0021
vn 0.8502 -0.5265 -0.0020
vn 0.7666 -0.6421 -0.0018
vn 0.6645 -0.7473 -0.0015
vn 0.5492 -0.8357 -0.0013
vn 0.4281 -0.9037 -0.0010
vn 0.3084 -0.9513 -0.0007
vn 0.1955 -0.9807 -0.0005
vn 0.0928 -0.9957 -0.0002
vn 0.0221 -0.9998 -0.0001
vn -0.8424 0.5389 0.0020
vn -0.5405 -0.8413 0.0013
vn -0.5272 -0.8497 0.0012
vn -0.5085 -0.8611 0.0012
vn -0.4832 -0.8755 0.0011
vn -0.4501 -0.8930 0.0010
vn -0.4084 -0.9128 0.0010
vn -0.3580 -0.9337 0.0008
vn -0.2997 -0.9540 0.0007
vn -0.2361 -0.9717 0.0005
vn -0.1706 -0.9853 0.0004
vn -0.1073 -0.9942 0.0002
vn -0.0501 -0.9987 0.0001
vn 0.0027 -1.0000 -0.0000
vn 0.0613 -0.9981 -0.0001
vn 0.1315 -0.9913 -0.0003
vn 0.2123 -0.9772 -0.0005
vn 0.3035 -0.9528 -0.0007
vn 0.4031 -0.9152 -0.0009
vn 0.5074 -0.8617 -0.0012
vn 0.6108 -0.7918 -0.0014
vn 0.7070 -0.7072 -0.0016
vn 0.7905 -0.6124 -0.0018
vn 0.8580 -0.5136 -0.0020
vn 0.9091 -0.4166 -0.0021
vn 0.9454 -0.3259 -0.0022
vn 0.3119 -0.9501 -0.0007
vn -0.5876 -0.8092 0.0014
vn -0.5505 -0.8349 0.0013
vn -0.5108 -0.8597 0.0012
vn -0.4686 -0.8834 0.0011
vn -0.4239 -0.9057 0.0010
vn -0.3767 -0.9263 0.0009
vn -0.3273 -0.9449 0.0008
vn -0.2759 -0.9612 0.0006
vn -0.2227 -0.9749 0.0005
vn -0.1681 -0.9858 0.0004
vn -0.1125 -0.9936 0.0003
vn -0.0564 -0.9984 0.0001
vn 0.0163 -0.9999 -0.0000
vn 0.1227 -0.9924 -0.0003
vn 0.2460 -0.9693 -0.0006
vn 0.3664 -0.9305 -0.0009
vn 0.4807 -0.8769 -0.0011
vn 0.5863 -0.8101 -0.0014
vn 0.6813 -0.7320 -0.0016
vn 0.7647 -0.6444 -0.0018
vn 0.8357 -0.5492 -0.0019
vn 0.8942 -0.4476 -0.0021
vn 0.9401 -0.3409 -0.0022
vn 0.9732 -0.2300 -0.0023
vn 0.9933 -0.1159 -0.0023
vn 1.0000 0.0068 -0.0023
vn 0.9889 0.1488 -0.0023
vn 0.9527 0.3040 -0.0022
vn 0.8908 0.4544 -0.0021
vn 0.8094 0.5873 -0.0019
vn 0.7189 0.6951 -0.0017
vn 0.6298 0.7768 -0.0015
vn 0.5494 0.8355 -0.0013
vn 0.4815 0.8765 -0.0011
vn 0.4272 0.9041 -0.0010
vn 0.3866 0.9223 -0.0009
vn 0.3590 0.9333 -0.0008
vn 0.3441 0.9389 -0.0008
vn 0.3369 0.9415 -0.0008
vn 0.8167 0.5770 -0.0019
vn 0.9998 -0.0194 -0.0023
vn 0.9965 -0.0832 -0.0023
vn 0.9837 -0.1796 -0.0023
vn 0.9567 -0.2910 -0.0022
vn 0.9099 -0.4148 -0.0021
vn 0.8389 -0.5443 -0.0020
vn 0.7429 -0.6694 -0.0017
vn 0.6271 -0.7789 -0.0015
vn 0.5014 -0.8652 -0.0012
vn 0.3767 -0.9263 -0.0009
vn 0.2615 -0.9652 -0.0006
vn 0.1602 -0.9871 -0.0004
vn 0.0739 -0.9973 -0.0002
vn -0.0009 -1.0000 -0.0000
vn -0.0726 -0.9974 0.0002
vn -0.1450 -0.9894 0.0003
vn -0.2167 -0.9762 0.0005
vn -0.2868 -0.9580 0.0007
vn -0.3546 -0.9350 0.0008
vn -0.4196 -0.9077 0.0010
vn -0.4811 -0.8767 0.0011
vn -0.5388 -0.8424 0.0013
vn -0.5924 -0.8057 0.0014
vn -0.6417 -0.7669 0.0015
vn -0.6868 -0.7269 0.0016
vn -0.7276 -0.6860 0.0017
vn 0.3559 -0.9345 -0.0008
vn 0.9320 0.3624 -0.0022
vn 0.7126 0.7015 -0.0017
vn 0.6597 0.7515 -0.0015
vn 0.6022 0.7983 -0.0014
vn 0.5410 0.8410 -0.0013
vn 0.4771 0.8789 -0.0011
vn 0.4117 0.9113 -0.0010
vn 0.3462 0.9381 -0.0008
vn 0.2817 0.9595 -0.0007
vn 0.2191 0.9757 -0.0005
vn 0.1593 0.9872 -0.0004
vn 0.1027 0.9947 -0.0002
vn 0.0497 0.9988 -0.0001
vn -0.0078 1.0000 -0.0000
vn -0.0821 0.9966 0.0002
vn -0.1703 0.9854 0.0004
vn -0.2657 0.9641 0.0006
vn -0.3678 0.9299 0.0009
vn -0.4750 0.8800 0.0011
vn -0.5840 0.8118 0.0014
vn -0.6897 0.7241 0.0016
vn -0.7861 0.6181 0.0018
vn -0.8674 0.4976 0.0020
vn -0.9294 0.3691 0.0022
vn -0.9708 0.2397 0.0023
vn -0.9933 0.1156 0.0023
vn -0.9996 0.0278 0.0023
vn -0.9999 0.0142 0.0023
vn -0.9981 0.0612 0.0023
vn -0.9911 0.1334 0.0023
vn -0.9756 0.2196 0.0023
vn -0.9471 0.3208 0.0022
vn -0.9000 0.4359 0.0021
vn -0.8286 0.5599 0.0019
vn -0.7301 0.6833 0.0017
vn -0.6078 0.7941 0.0014
vn -0.4714 0.8819 0.0011
vn -0.3339 0.9426 0.0008
vn -0.2065 0.9784 0.0005
vn -0.0954 0.9954 0.0002
vn 0.0132 0.9999 -0.0000
vn 0.1267 0.9919 -0.0003
vn 0.2237 0.9747 -0.0005
vn 0.2964 0.9551 -0.0007
vn 0.3529 0.9357 -0.0008
vn 0.3982 0.9173 -0.0009
vn 0.4357 0.9001 -0.0010
vn 0.4675 0.8840 -0.0011
vn 0.4952 0.8688 -0.0012
vn 0.5198 0.8543 -0.0012
vn 0.5421 0.8403 -0.0013
vn 0.5626 0.8267 -0.0013
vn 0.5818 0.8133 -0.0014
vn -0.4522 0.8919 0.0011
vn -0.8792 -0.4765 0.0020
vn -0.3339 -0.9426 0.0008
vn -0.3500 -0.9368 0.0008
vn -0.3737 -0.9275 0.0009
vn -0.4062 -0.9138 0.0009
vn -0.4489 -0.8936 0.0010
vn -0.5034 -0.8641 0.0012
vn -0.5708 -0.8211 0.0013
vn -0.6517 -0.7585 0.0015
vn -0.7436 -0.6687 0.0017
vn -0.8388 -0.5444 0.0020
vn -0.9234 -0.3838 0.0021
vn -0.9806 -0.1961 0.0023
vn -0.9998 -0.0203 0.0023
vn -0.9934 0.1147 0.0023
vn -0.9728 0.2315 0.0023
vn -0.9374 0.3482 0.0022
vn -0.8869 0.4620 0.0021
vn -0.8217 0.5699 0.0019
vn -0.7431 0.6692 0.0017
vn -0.6528 0.7575 0.0015
vn -0.5531 0.8331 0.0013
vn -0.4465 0.8948 0.0010
vn -0.3355 0.9420 0.0008
vn -0.2226 0.9749 0.0005
vn -0.1102 0.9939 0.0003
vn -0.0080 1.0000 -0.0000
vn 0.0762 0.9971 -0.0002
vn 0.1509 0.9886 -0.0004
vn 0.2226 0.9749 -0.0005
vn 0.2905 0.9569 -0.0007
vn 0.3539 0.9353 -0.0008
vn 0.4124 0.9110 -0.0010
vn 0.4659 0.8848 -0.0011
vn 0.5144 0.8576 -0.0012
vn 0.5581 0.8298 -0.0013
vn 0.5973 0.8020 -0.0014
vn 0.6323 0.7747 -0.0015
vn 0.6637 0.7480 -0.0015
vn 0.9161 0.4011 -0.0021
vn 0.5798 -0.8148 -0.0013
vn 0.5304 -0.8477 -0.0012
vn 0.5026 -0.8645 -0.0012
vn 0.4706 -0.8824 -0.0011
vn 0.4340 -0.9009 -0.0010
vn 0.3928 -0.9196 -0.0009
vn 0.3473 -0.9377 -0.0008
vn 0.2982 -0.9545 -0.0007
vn 0.2464 -0.9692 -0.0006
vn 0.1933 -0.9811 -0.0004
vn 0.1406 -0.9901 -0.0003
vn 0.0900 -0.9959 -0.0002
vn 0.0430 -0.9991 -0.0001
vn -0.0190 -0.9998 -0.0000
vn -0.1192 -0.9929 0.0003
vn -0.2416 -0.9704 0.0006
vn -0.3642 -0.9313 0.0008
vn -0.4833 -0.8754 0.0011
vn -0.5949 -0.8038 0.0014
vn -0.6955 -0.7185 0.0016
vn -0.7824 -0.6227 0.0018
vn -0.8543 -0.5198 0.0020
vn -0.9107 -0.4131 0.0021
vn -0.9521 -0.3058 0.0022
vn -0.9798 -0.2001 0.0023
vn -0.9952 -0.0979 0.0023
vn -1.0000 0.0013 0.0023
vn -0.9945 0.1043 0.0023
vn -0.9766 0.2151 0.0023
vn -0.9437 0.3309 0.0022
vn -0.8939 0.4483 0.0021
vn -0.8265 0.5629 0.0019
vn -0.7426 0.6697 0.0017
vn -0.6450 0.7642 0.0015
vn -0.5376 0.8432 0.0013
vn -0.4253 0.9050 0.0010
vn -0.2026 0.9793 0.0005
vn -0.0983 0.9952 0.0002
vn -0.0137 0.9999 -0.0000
vn 0.0407 0.9992 -0.0001
vn 0.0814 0.9967 -0.0002
vn 0.1215 0.9926 -0.0003
vn 0.1604 0.9870 -0.0004
vn 0.1977 0.9803 -0.0005
vn 0.2329 0.9725 -0.0005
vn 0.2656 0.9641 -0.0006
vn 0.2957 0.9553 -0.0007
vn 0.3231 0.9464 -0.0008
vn 0.3477 0.9376 -0.0008
vn 0.3697 0.9292 -0.0009
vn 0.3890 0.9212 -0.0009
vn -0.5486 0.8361 0.0013
vn -0.8356 -0.5493 0.0019
vn -0.3740 -0.9274 0.0009
vn -0.3322 -0.9432 0.0008
vn -0.2965 -0.9550 0.0007
vn -0.2648 -0.9643 0.0006
vn -0.2358 -0.9718 0.0005
vn -0.2085 -0.9780 0.0005
vn -0.1819 -0.9833 0.0004
vn -0.1284 -0.9917 0.0003
vn -0.1000 -0.9950 0.0002
vn -0.0696 -0.9976 0.0002
vn -0.0364 -0.9993 0.0001
vn 0.0174 -0.9998 -0.0000
vn 0.1094 -0.9940 -0.0003
vn 0.2218 -0.9751 -0.0005
vn 0.3352 -0.9421 -0.0008
vn 0.4473 -0.8944 -0.0010
vn 0.5552 -0.8317 -0.0013
vn 0.6559 -0.7548 -0.0015
vn 0.7467 -0.6651 -0.0017
vn 0.8253 -0.5647 -0.0019
vn 0.8898 -0.4563 -0.0021
vn 0.9394 -0.3427 -0.0022
vn 0.9739 -0.2271 -0.0023
vn 0.9937 -0.1122 -0.0023
vn 1.0000 -0.0049 -0.0023
vn 0.9956 0.0938 -0.0023
vn 0.9811 0.1935 -0.0023
vn 0.9542 0.2990 -0.0022
vn 0.9129 0.4082 -0.0021
vn 0.8552 0.5183 -0.0020
vn 0.7805 0.6252 -0.0018
vn 0.6894 0.7244 -0.0016
vn 0.5843 0.8115 -0.0014
vn 0.4693 0.8831 -0.0011
vn 0.3490 0.9371 -0.0008
vn 0.2283 0.9736 -0.0005
vn 0.1113 0.9938 -0.0003
vn 0.0180 0.9998 -0.0000
vn -0.0368 0.9993 0.0001
vn -0.0754 0.9972 0.0002
vn -0.1151 0.9933 0.0003
vn -0.1554 0.9879 0.0004
vn -0.1951 0.9808 0.0005
vn -0.2334 0.9724 0.0005
vn -0.2694 0.9630 0.0006
vn -0.3021 0.9533 0.0007
vn -0.3310 0.9436 0.0008
vn -0.3557 0.9346 0.0008
vn -0.3761 0.9266 0.0009
vn -0.3919 0.9200 0.0009
vn -0.8363 0.5483 0.0019
vn -0.4779 -0.8784 0.0011
vn -0.5259 -0.8505 0.0012
vn -0.4929 -0.8701 0.0011
vn -0.4130 -0.9107 0.0010
vn -0.3671 -0.9302 0.0009
vn -0.3184 -0.9480 0.0007
vn -0.2682 -0.9634 0.0006
vn -0.2178 -0.9760 0.0005
vn -0.1685 -0.9857 0.0004
vn -0.1214 -0.9926 0.0003
vn -0.0774 -0.9970 0.0002
vn -0.0370 -0.9993 0.0001
vn 0.0230 -0.9997 -0.0001
vn 0.1302 -0.9915 -0.0003
vn 0.2631 -0.9648 -0.0006
vn 0.3940 -0.9191 -0.0009
vn 0.5172 -0.8558 -0.0012
vn 0.6283 -0.7780 -0.0015
vn 0.7244 -0.6894 -0.0017
vn 0.8045 -0.5939 -0.0019
vn 0.8689 -0.4950 -0.0020
vn 0.9188 -0.3948 -0.0021
vn 0.9556 -0.2947 -0.0022
vn 0.9807 -0.1955 -0.0023
vn 0.9952 -0.0973 -0.0023
vn 1.0000 0.0004 -0.0023
vn 0.9949 0.1004 -0.0023
vn 0.9788 0.2049 -0.0023
vn 0.9499 0.3124 -0.0022
vn 0.9071 0.4210 -0.0021
vn 0.8492 0.5281 -0.0020
vn 0.7760 0.6307 -0.0018
vn 0.6883 0.7255 -0.0016
vn 0.5876 0.8092 -0.0014
vn 0.4766 0.8791 -0.0011
vn 0.3588 0.9334 -0.0008
vn 0.2378 0.9713 -0.0006
vn 0.1174 0.9931 -0.0003
vn 0.0019 1.0000 -0.0000
vn -0.1122 0.9937 0.0003
vn -0.2332 0.9724 0.0005
vn -0.3612 0.9325 0.0008
vn -0.4904 0.8715 0.0011
vn -0.6132 0.7899 0.0014
vn -0.7225 0.6913 0.0017
vn -0.8132 0.5820 0.0019
vn -0.8832 0.4691 0.0021
vn -0.9334 0.3587 0.0022
vn -0.9669 0.2552 0.0022
vn -0.9870 0.1607 0.0023
vn -0.9971 0.0761 0.0023
vn -0.7198 -0.6942 0.0017
vn -0.7723 -0.6353 0.0018
vn -0.9723 0.2336 0.0023
vn -0.9479 0.3186 0.0022
vn -0.9118 0.4107 0.0021
vn -0.8616 0.5076 0.0020
vn -0.7956 0.6058 0.0019
vn -0.7136 0.7005 0.0017
vn -0.6176 0.7865 0.0014
vn -0.5114 0.8593 0.0012
vn -0.4005 0.9163 0.0009
vn -0.2904 0.9569 0.0007
vn -0.1854 0.9827 0.0004
vn -0.0885 0.9961 0.0002
vn -0.0070 1.0000 -0.0000
vn 0.0565 0.9984 -0.0001
vn 0.1121 0.9937 -0.0003
vn 0.1661 0.9861 -0.0004
vn 0.2178 0.9760 -0.0005
vn 0.2668 0.9637 -0.0006
vn 0.3129 0.9498 -0.0007
vn 0.3559 0.9345 -0.0008
vn 0.3955 0.9185 -0.0009
vn 0.4319 0.9019 -0.0010
vn 0.4651 0.8852 -0.0011
vn 0.4953 0.8687 -0.0012
vn 0.5225 0.8527 -0.0012
vn -0.4820 0.8762 0.0011
vn -0.8778 -0.4790 0.0020
vn 0.9913 -0.1320 -0.0023
vn 0.9743 -0.2254 -0.0023
vn 0.9459 -0.3244 -0.0022
vn 0.9040 -0.4275 -0.0021
vn 0.8467 -0.5321 -0.0020
vn 0.7730 -0.6344 -0.0018
vn 0.6833 -0.7302 -0.0016
vn 0.5795 -0.8149 -0.0013
vn 0.4656 -0.8850 -0.0011
vn 0.3462 -0.9382 -0.0008
vn 0.2263 -0.9741 -0.0005
vn 0.1102 -0.9939 -0.0003
vn 0.0036 -1.0000 -0.0000
vn -0.0963 -0.9954 0.0002
vn -0.1998 -0.9798 0.0005
vn -0.3094 -0.9509 0.0007
vn -0.4215 -0.9068 0.0010
vn -0.5314 -0.8471 0.0012
vn -0.6342 -0.7732 0.0015
vn -0.7254 -0.6883 0.0017
vn -0.8024 -0.5968 0.0019
vn -0.8642 -0.5032 0.0020
vn -0.9115 -0.4112 0.0021
vn -0.9462 -0.3237 0.0022
vn -0.9702 -0.2423 0.0023
vn -0.7756 0.6312 0.0018
vn 0.7371 0.6757 -0.0017
vt 0.349057 0.000000
vt 0.367925 0.000000
vt 0.358491 0.000000
vt 0.377358 0.000000
vt 0.339623 0.000000
vt 0.386792 0.000000
vt 0.330189 0.000000
vt 0.396226 0.000000
vt 0.320755 0.000000
vt 0.405660 0.000000
vt 0.311321 0.000000
vt 0.415094 0.000000
vt 0.301887 0.000000
vt 0.424528 0.000000
vt 0.292453 0.000000
vt 0.867925 0.000000
vt 0.858491 0.000000
vt 0.433962 0.000000
vt 0.283019 0.000000
vt 0.877358 0.000000
vt 0.886792 0.000000
vt 0.849057 0.000000
vt 0.896226 0.000000
vt 0.839623 0.000000
vt 0.905660 0.000000
vt 0.830189 0.000000
vt 0.915094 0.000000
vt 0.820755 0.000000
vt 0.443396 0.000000
vt 0.273585 0.000000
vt 0.924528 0.000000
vt 0.811321 0.000000
vt 0.933962 0.000000
vt 0.801887 0.000000
vt 0.943396 0.000000
vt 0.792453 0.000000
vt 0.264151 0.000000
vt 0.452830 0.000000
vt 0.952830 0.000000
vt 0.783019 0.000000
vt 0.962264 0.000000
vt 0.773585 0.000000
vt 0.254717 0.000000
vt 0.971698 0.000000
vt 0.764151 0.000000
vt 0.462264 0.000000
vt 0.981132 0.000000
vt 0.754717 0.000000
vt 0.245283 0.000000
vt 0.990566 0.000000
vt 1.000000 0.000000
vt 0.471698 0.000000
vt 0.235849 0.000000
vt 0.481132 0.000000
vt 0.226415 0.000000
vt 0.490566 0.000000
vt 0.500000 0.000000
vt 0.216981 0.000000
vt 0.509434 0.000000
vt 0.207547 0.000000
vt 0.518868 0.000000
vt 0.528302 0.000000
vt 0.198113 0.000000
vt 0.537736 0.000000
vt 0.726415 0.000000
vt 0.745283 0.000000
vt 0.735849 0.000000
vt 0.547170 0.000000
vt 0.716981 0.000000
vt 0.188679 0.000000
vt 0.556604 0.000000
vt 0.707547 0.000000
vt 0.698113 0.000000
vt 0.566038 0.000000
vt 0.688679 0.000000
vt 0.679245 0.000000
vt 0.179245 0.000000
vt 0.575472 0.000000
vt 0.669811 0.000000
vt 0.584906 0.000000
vt 0.660377 0.000000
vt 0.650943 0.000000
vt 0.594340 0.000000
vt 0.641509 0.000000
vt 0.603774 0.000000
vt 0.632075 0.000000
vt 0.622642 0.000000
vt 0.613208 0.000000
vt 0.169811 0.000000
vt 0.160377 0.000000
vt 0.000000 0.000000
vt 0.009434 0.000000
vt 0.150943 0.000000
vt 0.018868 0.000000
vt 0.028302 0.000000
vt 0.141509 0.000000
vt 0.037736 0.000000
vt 0.047170 0.000000
vt 0.132075 0.000000
vt 0.056604 0.000000
vt 0.066038 0.000000
vt 0.122642 0.000000
vt 0.075472 0.000000
vt 0.084906 0.000000
vt 0.094340 0.000000
vt 0.113208 0.000000
vt 0.103774 0.000000
vt 0.857143 0.000000
vt 0.876190 0.000000
vt 0.866667 0.000000
vt 0.885714 0.000000
vt 0.895238 0.000000
vt 0.847619 0.000000
vt 0.904762 0.000000
vt 0.914286 0.000000
vt 0.923810 0.000000
vt 0.838095 0.000000
vt 0.933333 0.000000
vt 0.942857 0.000000
vt 0.952381 0.000000
vt 0.828571 0.000000
vt 0.961905 0.000000
vt 0.971429 0.000000
vt 0.980952 0.000000
vt 0.819048 0.000000
vt 0.990476 0.000000
vt 0.066667 0.000000
vt 0.057143 0.000000
vt 0.047619 0.000000
vt 0.038095 0.000000
vt 0.028571 0.000000
vt 0.019048 0.000000
vt 0.009524 0.000000
vt 0.809524 0.000000
vt 0.085714 0.000000
vt 0.076190 0.000000
vt 0.800000 0.000000
vt 0.104762 0.000000
vt 0.095238 0.000000
vt 0.790476 0.000000
vt 0.123810 0.000000
vt 0.114286 0.000000
vt 0.133333 0.000000
vt 0.142857 0.000000
vt 0.152381 0.000000
vt 0.780952 0.000000
vt 0.161905 0.000000
vt 0.171429 0.000000
vt 0.180952 0.000000
vt 0.771429 0.000000
vt 0.190476 0.000000
vt 0.200000 0.000000
vt 0.761905 0.000000
vt 0.209524 0.000000
vt 0.219048 0.000000
vt 0.752381 0.000000
vt 0.228571 0.000000
vt 0.742857 0.000000
vt 0.238095 0.000000
vt 0.247619 0.000000
vt 0.733333 0.000000
vt 0.257143 0.000000
vt 0.723810 0.000000
vt 0.266667 0.000000
vt 0.276190 0.000000
vt 0.714286 0.000000
vt 0.285714 0.000000
vt 0.295238 0.000000
vt 0.704762 0.000000
vt 0.304762 0.000000
vt 0.314286 0.000000
vt 0.695238 0.000000
vt 0.476190 0.000000
vt 0.495238 0.000000
vt 0.485714 0.000000
vt 0.466667 0.000000
vt 0.323810 0.000000
vt 0.457143 0.000000
vt 0.447619 0.000000
vt 0.333333 0.000000
vt 0.438095 0.000000
vt 0.428571 0.000000
vt 0.685714 0.000000
vt 0.342857 0.000000
vt 0.419048 0.000000
vt 0.409524 0.000000
vt 0.400000 0.000000
vt 0.352381 0.000000
vt 0.390476 0.000000
vt 0.380952 0.000000
vt 0.361905 0.000000
vt 0.371429 0.000000
vt 0.676190 0.000000
vt 0.666667 0.000000
vt 0.657143 0.000000
vt 0.504762 0.000000
vt 0.647619 0.000000
vt 0.514286 0.000000
vt 0.523810 0.000000
vt 0.533333 0.000000
vt 0.638095 0.000000
vt 0.542857 0.000000
vt 0.552381 0.000000
vt 0.561905 0.000000
vt 0.571429 0.000000
vt 0.628571 0.000000
vt 0.580952 0.000000
vt 0.590476 0.000000
vt 0.600000 0.000000
vt 0.619048 0.000000
vt 0.609524 0.000000
vt 0.561497 0.000000
vt 0.572192 0.000000
vt 0.566845 0.000000
vt 0.556150 0.000000
vt 0.577540 0.000000
vt 0.550802 0.000000
vt 0.545455 0.000000
vt 0.582888 0.000000
vt 0.540107 0.000000
vt 0.588235 0.000000
vt 0.534759 0.000000
vt 0.529412 0.000000
vt 0.593583 0.000000
vt 0.524064 0.000000
vt 0.598930 0.000000
vt 0.518717 0.000000
vt 0.513369 0.000000
vt 0.604278 0.000000
vt 0.508021 0.000000
vt 0.609626 0.000000
vt 0.502674 0.000000
vt 0.497326 0.000000
vt 0.614973 0.000000
vt 0.491979 0.000000
vt 0.486631 0.000000
vt 0.481283 0.000000
vt 0.475936 0.000000
vt 0.470588 0.000000
vt 0.465241 0.000000
vt 0.459893 0.000000
vt 0.454545 0.000000
vt 0.449198 0.000000
vt 0.443850 0.000000
vt 0.438503 0.000000
vt 0.433155 0.000000
vt 0.427807 0.000000
vt 0.422460 0.000000
vt 0.620321 0.000000
vt 0.417112 0.000000
vt 0.411765 0.000000
vt 0.406417 0.000000
vt 0.625668 0.000000
vt 0.401070 0.000000
vt 0.395722 0.000000
vt 0.390374 0.000000
vt 0.385027 0.000000
vt 0.631016 0.000000
vt 0.379679 0.000000
vt 0.374332 0.000000
vt 0.368984 0.000000
vt 0.636364 0.000000
vt 0.363636 0.000000
vt 0.358289 0.000000
vt 0.641711 0.000000
vt 0.352941 0.000000
vt 0.347594 0.000000
vt 0.342246 0.000000
vt 0.336898 0.000000
vt 0.331551 0.000000
vt 0.326203 0.000000
vt 0.320856 0.000000
vt 0.791444 0.000000
vt 0.994652 0.000000
vt 0.315508 0.000000
vt 0.796791 0.000000
vt 0.802139 0.000000
vt 0.310160 0.000000
vt 0.807487 0.000000
vt 0.304813 0.000000
vt 0.812834 0.000000
vt 0.299465 0.000000
vt 0.818182 0.000000
vt 0.823529 0.000000
vt 0.294118 0.000000
vt 0.828877 0.000000
vt 0.834225 0.000000
vt 0.288770 0.000000
vt 0.839572 0.000000
vt 0.283422 0.000000
vt 0.844920 0.000000
vt 0.850267 0.000000
vt 0.278075 0.000000
vt 0.855615 0.000000
vt 0.272727 0.000000
vt 0.860963 0.000000
vt 0.866310 0.000000
vt 0.267380 0.000000
vt 0.871658 0.000000
vt 0.877005 0.000000
vt 0.989305 0.000000
vt 0.262032 0.000000
vt 0.882353 0.000000
vt 0.983957 0.000000
vt 0.978610 0.000000
vt 0.887701 0.000000
vt 0.775401 0.000000
vt 0.786096 0.000000
vt 0.780749 0.000000
vt 0.647059 0.000000
vt 0.770053 0.000000
vt 0.973262 0.000000
vt 0.652406 0.000000
vt 0.256684 0.000000
vt 0.893048 0.000000
vt 0.764706 0.000000
vt 0.967914 0.000000
vt 0.657754 0.000000
vt 0.759358 0.000000
vt 0.898396 0.000000
vt 0.663102 0.000000
vt 0.962567 0.000000
vt 0.754011 0.000000
vt 0.668449 0.000000
vt 0.748663 0.000000
vt 0.957219 0.000000
vt 0.903743 0.000000
vt 0.673797 0.000000
vt 0.743316 0.000000
vt 0.951872 0.000000
vt 0.251337 0.000000
vt 0.679144 0.000000
vt 0.737968 0.000000
vt 0.909091 0.000000
vt 0.684492 0.000000
vt 0.946524 0.000000
vt 0.732620 0.000000
vt 0.689840 0.000000
vt 0.727273 0.000000
vt 0.914438 0.000000
vt 0.695187 0.000000
vt 0.941176 0.000000
vt 0.721925 0.000000
vt 0.700535 0.000000
vt 0.716578 0.000000
vt 0.705882 0.000000
vt 0.935829 0.000000
vt 0.711230 0.000000
vt 0.919786 0.000000
vt 0.930481 0.000000
vt 0.925134 0.000000
vt 0.133690 0.000000
vt 0.245989 0.000000
vt 0.240642 0.000000
vt 0.139037 0.000000
vt 0.128342 0.000000
vt 0.144385 0.000000
vt 0.122995 0.000000
vt 0.235294 0.000000
vt 0.149733 0.000000
vt 0.117647 0.000000
vt 0.005348 0.000000
vt 0.229947 0.000000
vt 0.155080 0.000000
vt 0.112299 0.000000
vt 0.010695 0.000000
vt 0.160428 0.000000
vt 0.106952 0.000000
vt 0.224599 0.000000
vt 0.016043 0.000000
vt 0.165775 0.000000
vt 0.101604 0.000000
vt 0.021390 0.000000
vt 0.219251 0.000000
vt 0.171123 0.000000
vt 0.096257 0.000000
vt 0.026738 0.000000
vt 0.176471 0.000000
vt 0.090909 0.000000
vt 0.032086 0.000000
vt 0.213904 0.000000
vt 0.181818 0.000000
vt 0.085561 0.000000
vt 0.037433 0.000000
vt 0.187166 0.000000
vt 0.042781 0.000000
vt 0.080214 0.000000
vt 0.208556 0.000000
vt 0.048128 0.000000
vt 0.192513 0.000000
vt 0.074866 0.000000
vt 0.053476 0.000000
vt 0.197861 0.000000
vt 0.069519 0.000000
vt 0.203209 0.000000
vt 0.058824 0.000000
vt 0.064171 0.000000
vt 0.987952 0.000000
vt 0.012048 0.000000
vt 0.024096 0.000000
vt 0.036145 0.000000
vt 0.048193 0.000000
vt 0.060241 0.000000
vt 0.072289 0.000000
vt 0.084337 0.000000
vt 0.096386 0.000000
vt 0.108434 0.000000
vt 0.975904 0.000000
vt 0.120482 0.000000
vt 0.963855 0.000000
vt 0.951807 0.000000
vt 0.939759 0.000000
vt 0.132530 0.000000
vt 0.927711 0.000000
vt 0.915663 0.000000
vt 0.903614 0.000000
vt 0.144578 0.000000
vt 0.891566 0.000000
vt 0.879518 0.000000
vt 0.156627 0.000000
vt 0.867470 0.000000
vt 0.855422 0.000000
vt 0.168675 0.000000
vt 0.843373 0.000000
vt 0.831325 0.000000
vt 0.180723 0.000000
vt 0.819277 0.000000
vt 0.807229 0.000000
vt 0.192771 0.000000
vt 0.795181 0.000000
vt 0.204819 0.000000
vt 0.783133 0.000000
vt 0.771084 0.000000
vt 0.216867 0.000000
vt 0.759036 0.000000
vt 0.228916 0.000000
vt 0.746988 0.000000
vt 0.734940 0.000000
vt 0.240964 0.000000
vt 0.722892 0.000000
vt 0.710843 0.000000
vt 0.518072 0.000000
vt 0.530120 0.000000
vt 0.698795 0.000000
vt 0.253012 0.000000
vt 0.542169 0.000000
vt 0.554217 0.000000
vt 0.493976 0.000000
vt 0.566265 0.000000
vt 0.686747 0.000000
vt 0.578313 0.000000
vt 0.590361 0.000000
vt 0.674699 0.000000
vt 0.602410 0.000000
vt 0.614458 0.000000
vt 0.626506 0.000000
vt 0.662651 0.000000
vt 0.638554 0.000000
vt 0.650602 0.000000
vt 0.265060 0.000000
vt 0.277108 0.000000
vt 0.289157 0.000000
vt 0.301205 0.000000
vt 0.506024 0.000000
vt 0.481928 0.000000
vt 0.469880 0.000000
vt 0.313253 0.000000
vt 0.457831 0.000000
vt 0.445783 0.000000
vt 0.433735 0.000000
vt 0.421687 0.000000
vt 0.325301 0.000000
vt 0.409639 0.000000
vt 0.397590 0.000000
vt 0.385542 0.000000
vt 0.373494 0.000000
vt 0.337349 0.000000
vt 0.361446 0.000000
vt 0.349398 0.000000
vt 0.885496 0.000000
vt 0.900763 0.000000
vt 0.893130 0.000000
vt 0.908397 0.000000
vt 0.916031 0.000000
vt 0.877863 0.000000
vt 0.923664 0.000000
vt 0.931298 0.000000
vt 0.870229 0.000000
vt 0.938931 0.000000
vt 0.946565 0.000000
vt 0.862595 0.000000
vt 0.954198 0.000000
vt 0.961832 0.000000
vt 0.854962 0.000000
vt 0.969466 0.000000
vt 0.977099 0.000000
vt 0.847328 0.000000
vt 0.984733 0.000000
vt 0.992366 0.000000
vt 0.839695 0.000000
vt 0.068702 0.000000
vt 0.061069 0.000000
vt 0.053435 0.000000
vt 0.045802 0.000000
vt 0.038168 0.000000
vt 0.030534 0.000000
vt 0.022901 0.000000
vt 0.015267 0.000000
vt 0.007634 0.000000
vt 0.832061 0.000000
vt 0.076336 0.000000
vt 0.824427 0.000000
vt 0.091603 0.000000
vt 0.083969 0.000000
vt 0.099237 0.000000
vt 0.106870 0.000000
vt 0.114504 0.000000
vt 0.816794 0.000000
vt 0.122137 0.000000
vt 0.129771 0.000000
vt 0.137405 0.000000
vt 0.145038 0.000000
vt 0.809160 0.000000
vt 0.152672 0.000000
vt 0.160305 0.000000
vt 0.167939 0.000000
vt 0.801527 0.000000
vt 0.175573 0.000000
vt 0.183206 0.000000
vt 0.793893 0.000000
vt 0.190840 0.000000
vt 0.198473 0.000000
vt 0.786260 0.000000
vt 0.206107 0.000000
vt 0.213740 0.000000
vt 0.778626 0.000000
vt 0.221374 0.000000
vt 0.770992 0.000000
vt 0.229008 0.000000
vt 0.236641 0.000000
vt 0.763359 0.000000
vt 0.244275 0.000000
vt 0.755725 0.000000
vt 0.251908 0.000000
vt 0.748092 0.000000
vt 0.259542 0.000000
vt 0.740458 0.000000
vt 0.267176 0.000000
vt 0.732824 0.000000
vt 0.274809 0.000000
vt 0.725191 0.000000
vt 0.717557 0.000000
vt 0.282443 0.000000
vt 0.709924 0.000000
vt 0.290076 0.000000
vt 0.702290 0.000000
vt 0.694656 0.000000
vt 0.488550 0.000000
vt 0.503817 0.000000
vt 0.496183 0.000000
vt 0.297710 0.000000
vt 0.687023 0.000000
vt 0.511450 0.000000
vt 0.679389 0.000000
vt 0.305344 0.000000
vt 0.519084 0.000000
vt 0.671756 0.000000
vt 0.526718 0.000000
vt 0.664122 0.000000
vt 0.312977 0.000000
vt 0.656489 0.000000
vt 0.534351 0.000000
vt 0.648855 0.000000
vt 0.541985 0.000000
vt 0.641221 0.000000
vt 0.549618 0.000000
vt 0.320611 0.000000
vt 0.633588 0.000000
vt 0.557252 0.000000
vt 0.625954 0.000000
vt 0.564885 0.000000
vt 0.618321 0.000000
vt 0.572519 0.000000
vt 0.328244 0.000000
vt 0.610687 0.000000
vt 0.580153 0.000000
vt 0.603053 0.000000
vt 0.587786 0.000000
vt 0.595420 0.000000
vt 0.335878 0.000000
vt 0.480916 0.000000
vt 0.343511 0.000000
vt 0.473282 0.000000
vt 0.351145 0.000000
vt 0.465649 0.000000
vt 0.458015 0.000000
vt 0.358779 0.000000
vt 0.450382 0.000000
vt 0.442748 0.000000
vt 0.366412 0.000000
vt 0.435115 0.000000
vt 0.427481 0.000000
vt 0.374046 0.000000
vt 0.419847 0.000000
vt 0.412214 0.000000
vt 0.381679 0.000000
vt 0.404580 0.000000
vt 0.396947 0.000000
vt 0.389313 0.000000
vt 0.950000 0.000000
vt 0.983333 0.000000
vt 0.966667 0.000000
vt 0.233333 0.000000
vt 0.216667 0.000000
vt 0.183333 0.000000
vt 0.250000 0.000000
vt 0.166667 0.000000
vt 0.150000 0.000000
vt 0.283333 0.000000
vt 0.116667 0.000000
vt 0.100000 0.000000
vt 0.300000 0.000000
vt 0.083333 0.000000
vt 0.316667 0.000000
vt 0.050000 0.000000
vt 0.033333 0.000000
vt 0.016667 0.000000
vt 0.350000 0.000000
vt 0.916667 0.000000
vt 0.900000 0.000000
vt 0.883333 0.000000
vt 0.850000 0.000000
vt 0.833333 0.000000
vt 0.816667 0.000000
vt 0.783333 0.000000
vt 0.766667 0.000000
vt 0.750000 0.000000
vt 0.716667 0.000000
vt 0.700000 0.000000
vt 0.683333 0.000000
vt 0.366667 0.000000
vt 0.650000 0.000000
vt 0.633333 0.000000
vt 0.616667 0.000000
vt 0.383333 0.000000
vt 0.583333 0.000000
vt 0.566667 0.000000
vt 0.550000 0.000000
vt 0.416667 0.000000
vt 0.516667 0.000000
vt 0.433333 0.000000
vt 0.483333 0.000000
vt 0.450000 0.000000
vt 0.895833 0.000000
vt 0.909722 0.000000
vt 0.902778 0.000000
vt 0.888889 0.000000
vt 0.923611 0.000000
vt 0.930556 0.000000
vt 0.881944 0.000000
vt 0.937500 0.000000
vt 0.944444 0.000000
vt 0.875000 0.000000
vt 0.951389 0.000000
vt 0.958333 0.000000
vt 0.868056 0.000000
vt 0.965278 0.000000
vt 0.972222 0.000000
vt 0.861111 0.000000
vt 0.979167 0.000000
vt 0.986111 0.000000
vt 0.854167 0.000000
vt 0.993056 0.000000
vt 0.048611 0.000000
vt 0.041667 0.000000
vt 0.034722 0.000000
vt 0.027778 0.000000
vt 0.020833 0.000000
vt 0.013889 0.000000
vt 0.006944 0.000000
vt 0.847222 0.000000
vt 0.055556 0.000000
vt 0.840278 0.000000
vt 0.069444 0.000000
vt 0.062500 0.000000
vt 0.076389 0.000000
vt 0.826389 0.000000
vt 0.090278 0.000000
vt 0.097222 0.000000
vt 0.104167 0.000000
vt 0.111111 0.000000
vt 0.118056 0.000000
vt 0.125000 0.000000
vt 0.131944 0.000000
vt 0.819444 0.000000
vt 0.138889 0.000000
vt 0.145833 0.000000
vt 0.152778 0.000000
vt 0.159722 0.000000
vt 0.812500 0.000000
vt 0.173611 0.000000
vt 0.180556 0.000000
vt 0.805556 0.000000
vt 0.187500 0.000000
vt 0.194444 0.000000
vt 0.201389 0.000000
vt 0.208333 0.000000
vt 0.215278 0.000000
vt 0.798611 0.000000
vt 0.222222 0.000000
vt 0.229167 0.000000
vt 0.236111 0.000000
vt 0.791667 0.000000
vt 0.243056 0.000000
vt 0.256944 0.000000
vt 0.784722 0.000000
vt 0.263889 0.000000
vt 0.270833 0.000000
vt 0.777778 0.000000
vt 0.277778 0.000000
vt 0.770833 0.000000
vt 0.284722 0.000000
vt 0.291667 0.000000
vt 0.763889 0.000000
vt 0.298611 0.000000
vt 0.756944 0.000000
vt 0.305556 0.000000
vt 0.312500 0.000000
vt 0.319444 0.000000
vt 0.743056 0.000000
vt 0.326389 0.000000
vt 0.736111 0.000000
vt 0.340278 0.000000
vt 0.729167 0.000000
vt 0.347222 0.000000
vt 0.722222 0.000000
vt 0.354167 0.000000
vt 0.534722 0.000000
vt 0.548611 0.000000
vt 0.541667 0.000000
vt 0.361111 0.000000
vt 0.715278 0.000000
vt 0.555556 0.000000
vt 0.708333 0.000000
vt 0.562500 0.000000
vt 0.701389 0.000000
vt 0.368056 0.000000
vt 0.569444 0.000000
vt 0.694444 0.000000
vt 0.576389 0.000000
vt 0.687500 0.000000
vt 0.680556 0.000000
vt 0.375000 0.000000
vt 0.590278 0.000000
vt 0.673611 0.000000
vt 0.597222 0.000000
vt 0.659722 0.000000
vt 0.604167 0.000000
vt 0.652778 0.000000
vt 0.611111 0.000000
vt 0.381944 0.000000
vt 0.645833 0.000000
vt 0.618056 0.000000
vt 0.638889 0.000000
vt 0.625000 0.000000
vt 0.631944 0.000000
vt 0.388889 0.000000
vt 0.395833 0.000000
vt 0.402778 0.000000
vt 0.527778 0.000000
vt 0.520833 0.000000
vt 0.409722 0.000000
vt 0.513889 0.000000
vt 0.506944 0.000000
vt 0.493056 0.000000
vt 0.423611 0.000000
vt 0.486111 0.000000
vt 0.430556 0.000000
vt 0.479167 0.000000
vt 0.472222 0.000000
vt 0.437500 0.000000
vt 0.465278 0.000000
vt 0.458333 0.000000
vt 0.444444 0.000000
vt 0.451389 0.000000
vt 0.440678 0.000000
vt 0.474576 0.000000
vt 0.457627 0.000000
vt 0.491525 0.000000
vt 0.932203 0.000000
vt 0.966102 0.000000
vt 0.949153 0.000000
vt 0.983051 0.000000
vt 0.423729 0.000000
vt 0.508475 0.000000
vt 0.525424 0.000000
vt 0.406780 0.000000
vt 0.542373 0.000000
vt 0.915254 0.000000
vt 0.559322 0.000000
vt 0.389830 0.000000
vt 0.898305 0.000000
vt 0.576271 0.000000
vt 0.881356 0.000000
vt 0.593220 0.000000
vt 0.864407 0.000000
vt 0.372881 0.000000
vt 0.847458 0.000000
vt 0.610169 0.000000
vt 0.830508 0.000000
vt 0.627119 0.000000
vt 0.813559 0.000000
vt 0.644068 0.000000
vt 0.355932 0.000000
vt 0.796610 0.000000
vt 0.661017 0.000000
vt 0.779661 0.000000
vt 0.762712 0.000000
vt 0.677966 0.000000
vt 0.745763 0.000000
vt 0.694915 0.000000
vt 0.728814 0.000000
vt 0.711864 0.000000
vt 0.338983 0.000000
vt 0.016949 0.000000
vt 0.033898 0.000000
vt 0.322034 0.000000
vt 0.050847 0.000000
vt 0.067797 0.000000
vt 0.305085 0.000000
vt 0.084746 0.000000
vt 0.288136 0.000000
vt 0.101695 0.000000
vt 0.118644 0.000000
vt 0.271186 0.000000
vt 0.135593 0.000000
vt 0.152542 0.000000
vt 0.254237 0.000000
vt 0.169492 0.000000
vt 0.237288 0.000000
vt 0.186441 0.000000
vt 0.203390 0.000000
vt 0.220339 0.000000
vt 0.000000 1.000000
vt 0.032258 1.000000
vt 0.032258 0.000000
vt 0.064516 1.000000
vt 0.064516 0.000000
vt 0.096774 1.000000
vt 0.096774 0.000000
vt 0.129032 1.000000
vt 0.129032 0.000000
vt 0.161290 1.000000
vt 0.161290 0.000000
vt 0.193548 1.000000
vt 0.193548 0.000000
vt 0.225806 1.000000
vt 0.225806 0.000000
vt 0.258065 1.000000
vt 0.258065 0.000000
vt 0.290323 1.000000
vt 0.290323 0.000000
vt 0.322581 1.000000
vt 0.322581 0.000000
vt 0.354839 1.000000
vt 0.354839 0.000000
vt 0.387097 1.000000
vt 0.387097 0.000000
vt 0.419355 1.000000
vt 0.419355 0.000000
vt 0.451613 1.000000
vt 0.451613 0.000000
vt 0.483871 1.000000
vt 0.483871 0.000000
vt 0.516129 1.000000
vt 0.516129 0.000000
vt 0.548387 1.000000
vt 0.548387 0.000000
vt 0.580645 1.000000
vt 0.580645 0.000000
vt 0.612903 1.000000
vt 0.612903 0.000000
vt 0.645161 1.000000
vt 0.645161 0.000000
vt 0.677419 1.000000
vt 0.677419 0.000000
vt 0.709677 1.000000
vt 0.709677 0.000000
vt 0.741935 1.000000
vt 0.741935 0.000000
vt 0.774194 1.000000
vt 0.774194 0.000000
vt 0.806452 1.000000
vt 0.806452 0.000000
vt 0.838710 1.000000
vt 0.838710 0.000000
vt 0.870968 1.000000
vt 0.870968 0.000000
vt 0.903226 1.000000
vt 0.903226 0.000000
vt 0.935484 1.000000
vt 0.935484 0.000000
vt 0.967742 1.000000
vt 0.967742 0.000000
vt 1.000000 1.000000
vt 0.034483 1.000000
vt 0.034483 0.000000
vt 0.068966 1.000000
vt 0.068966 0.000000
vt 0.103448 1.000000
vt 0.103448 0.000000
vt 0.137931 1.000000
vt 0.137931 0.000000
vt 0.172414 1.000000
vt 0.172414 0.000000
vt 0.206897 1.000000
vt 0.206897 0.000000
vt 0.241379 1.000000
vt 0.241379 0.000000
vt 0.275862 1.000000
vt 0.275862 0.000000
vt 0.310345 1.000000
vt 0.310345 0.000000
vt 0.344828 1.000000
vt 0.344828 0.000000
vt 0.379310 1.000000
vt 0.379310 0.000000
vt 0.413793 1.000000
vt 0.413793 0.000000
vt 0.448276 1.000000
vt 0.448276 0.000000
vt 0.482759 1.000000
vt 0.482759 0.000000
vt 0.517241 1.000000
vt 0.517241 0.000000
vt 0.551724 1.000000
vt 0.551724 0.000000
vt 0.586207 1.000000
vt 0.586207 0.000000
vt 0.620690 1.000000
vt 0.620690 0.000000
vt 0.655172 1.000000
vt 0.655172 0.000000
vt 0.689655 1.000000
vt 0.689655 0.000000
vt 0.724138 1.000000
vt 0.724138 0.000000
vt 0.758621 1.000000
vt 0.758621 0.000000
vt 0.793103 1.000000
vt 0.793103 0.000000
vt 0.827586 1.000000
vt 0.827586 0.000000
vt 0.862069 1.000000
vt 0.862069 0.000000
vt 0.896552 1.000000
vt 0.896552 0.000000
vt 0.931035 1.000000
vt 0.931035 0.000000
vt 0.965517 1.000000
vt 0.965517 0.000000
vt 0.016667 1.000000
vt 0.033333 1.000000
vt 0.050000 1.000000
vt 0.066667 1.000000
vt 0.083333 1.000000
vt 0.100000 1.000000
vt 0.116667 1.000000
vt 0.133333 1.000000
vt 0.150000 1.000000
vt 0.166667 1.000000
vt 0.183333 1.000000
vt 0.200000 1.000000
vt 0.216667 1.000000
vt 0.233333 1.000000
vt 0.250000 1.000000
vt 0.266667 1.000000
vt 0.283333 1.000000
vt 0.300000 1.000000
vt 0.316667 1.000000
vt 0.333333 1.000000
vt 0.350000 1.000000
vt 0.366667 1.000000
vt 0.383333 1.000000
vt 0.400000 1.000000
vt 0.416667 1.000000
vt 0.433333 1.000000
vt 0.450000 1.000000
vt 0.466667 1.000000
vt 0.483333 1.000000
vt 0.500000 1.000000
vt 0.516667 1.000000
vt 0.533333 1.000000
vt 0.550000 1.000000
vt 0.566667 1.000000
vt 0.583333 1.000000
vt 0.600000 1.000000
vt 0.616667 1.000000
vt 0.633333 1.000000
vt 0.650000 1.000000
vt 0.666667 1.000000
vt 0.683333 1.000000
vt 0.700000 1.000000
vt 0.716667 1.000000
vt 0.733333 1.000000
vt 0.750000 1.000000
vt 0.766667 1.000000
vt 0.783333 1.000000
vt 0.800000 1.000000
vt 0.816667 1.000000
vt 0.833333 1.000000
vt 0.850000 1.000000
vt 0.866667 1.000000
vt 0.883333 1.000000
vt 0.900000 1.000000
vt 0.916667 1.000000
vt 0.933333 1.000000
vt 0.950000 1.000000
vt 0.966667 1.000000
vt 0.983333 1.000000
vt 0.006897 1.000000
vt 0.006897 0.000000
vt 0.013793 1.000000
vt 0.013793 0.000000
vt 0.020690 1.000000
vt 0.020690 0.000000
vt 0.027586 1.000000
vt 0.027586 0.000000
vt 0.041379 1.000000
vt 0.041379 0.000000
vt 0.048276 1.000000
vt 0.048276 0.000000
vt 0.055172 1.000000
vt 0.055172 0.000000
vt 0.062069 1.000000
vt 0.062069 0.000000
vt 0.075862 1.000000
vt 0.075862 0.000000
vt 0.082759 1.000000
vt 0.082759 0.000000
vt 0.089655 1.000000
vt 0.089655 0.000000
vt 0.096552 1.000000
vt 0.096552 0.000000
vt 0.110345 1.000000
vt 0.110345 0.000000
vt 0.117241 1.000000
vt 0.117241 0.000000
vt 0.124138 1.000000
vt 0.124138 0.000000
vt 0.131034 1.000000
vt 0.131034 0.000000
vt 0.144828 1.000000
vt 0.144828 0.000000
vt 0.151724 1.000000
vt 0.151724 0.000000
vt 0.158621 1.000000
vt 0.158621 0.000000
vt 0.165517 1.000000
vt 0.165517 0.000000
vt 0.179310 1.000000
vt 0.179310 0.000000
vt 0.186207 1.000000
vt 0.186207 0.000000
vt 0.193103 1.000000
vt 0.193103 0.000000
vt 0.213793 1.000000
vt 0.213793 0.000000
vt 0.220690 1.000000
vt 0.220690 0.000000
vt 0.227586 1.000000
vt 0.227586 0.000000
vt 0.234483 1.000000
vt 0.234483 0.000000
vt 0.248276 1.000000
vt 0.248276 0.000000
vt 0.255172 1.000000
vt 0.255172 0.000000
vt 0.262069 1.000000
vt 0.262069 0.000000
vt 0.268966 1.000000
vt 0.268966 0.000000
vt 0.282759 1.000000
vt 0.282759 0.000000
vt 0.289655 1.000000
vt 0.289655 0.000000
vt 0.296552 1.000000
vt 0.296552 0.000000
vt 0.303448 1.000000
vt 0.303448 0.000000
vt 0.317241 1.000000
vt 0.317241 0.000000
vt 0.324138 1.000000
vt 0.324138 0.000000
vt 0.331034 1.000000
vt 0.331034 0.000000
vt 0.337931 1.000000
vt 0.337931 0.000000
vt 0.351724 1.000000
vt 0.351724 0.000000
vt 0.358621 1.000000
vt 0.358621 0.000000
vt 0.365517 1.000000
vt 0.365517 0.000000
vt 0.372414 1.000000
vt 0.372414 0.000000
vt 0.386207 1.000000
vt 0.386207 0.000000
vt 0.393103 1.000000
vt 0.393103 0.000000
vt 0.406897 1.000000
vt 0.406897 0.000000
vt 0.420690 1.000000
vt 0.420690 0.000000
vt 0.427586 1.000000
vt 0.427586 0.000000
vt 0.434483 1.000000
vt 0.434483 0.000000
vt 0.441379 1.000000
vt 0.441379 0.000000
vt 0.455172 1.000000
vt 0.455172 0.000000
vt 0.462069 1.000000
vt 0.462069 0.000000
vt 0.468966 1.000000
vt 0.468966 0.000000
vt 0.475862 1.000000
vt 0.475862 0.000000
vt 0.489655 1.000000
vt 0.489655 0.000000
vt 0.496552 1.000000
vt 0.496552 0.000000
vt 0.503448 1.000000
vt 0.503448 0.000000
vt 0.510345 1.000000
vt 0.510345 0.000000
vt 0.524138 1.000000
vt 0.524138 0.000000
vt 0.531034 1.000000
vt 0.531034 0.000000
vt 0.537931 1.000000
vt 0.537931 0.000000
vt 0.544828 1.000000
vt 0.544828 0.000000
vt 0.558621 1.000000
vt 0.558621 0.000000
vt 0.565517 1.000000
vt 0.565517 0.000000
vt 0.572414 1.000000
vt 0.572414 0.000000
vt 0.579310 1.000000
vt 0.579310 0.000000
vt 0.593103 1.000000
vt 0.593103 0.000000
vt 0.606897 1.000000
vt 0.606897 0.000000
vt 0.613793 1.000000
vt 0.613793 0.000000
vt 0.627586 1.000000
vt 0.627586 0.000000
vt 0.634483 1.000000
vt 0.634483 0.000000
vt 0.641379 1.000000
vt 0.641379 0.000000
vt 0.648276 1.000000
vt 0.648276 0.000000
vt 0.662069 1.000000
vt 0.662069 0.000000
vt 0.668966 1.000000
vt 0.668966 0.000000
vt 0.675862 1.000000
vt 0.675862 0.000000
vt 0.682759 1.000000
vt 0.682759 0.000000
vt 0.696552 1.000000
vt 0.696552 0.000000
vt 0.703448 1.000000
vt 0.703448 0.000000
vt 0.710345 1.000000
vt 0.710345 0.000000
vt 0.717241 1.000000
vt 0.717241 0.000000
vt 0.731034 1.000000
vt 0.731034 0.000000
vt 0.737931 1.000000
vt 0.737931 0.000000
vt 0.744828 1.000000
vt 0.744828 0.000000
vt 0.751724 1.000000
vt 0.751724 0.000000
vt 0.765517 1.000000
vt 0.765517 0.000000
vt 0.772414 1.000000
vt 0.772414 0.000000
vt 0.779310 1.000000
vt 0.779310 0.000000
vt 0.786207 1.000000
vt 0.786207 0.000000
vt 0.806897 1.000000
vt 0.806897 0.000000
vt 0.813793 1.000000
vt 0.813793 0.000000
vt 0.820690 1.000000
vt 0.820690 0.000000
vt 0.834483 1.000000
vt 0.834483 0.000000
vt 0.841379 1.000000
vt 0.841379 0.000000
vt 0.848276 1.000000
vt 0.848276 0.000000
vt 0.855172 1.000000
vt 0.855172 0.000000
vt 0.868966 1.000000
vt 0.868966 0.000000
vt 0.875862 1.000000
vt 0.875862 0.000000
vt 0.882759 1.000000
vt 0.882759 0.000000
vt 0.889655 1.000000
vt 0.889655 0.000000
vt 0.903448 1.000000
vt 0.903448 0.000000
vt 0.910345 1.000000
vt 0.910345 0.000000
vt 0.917241 1.000000
vt 0.917241 0.000000
vt 0.924138 1.000000
vt 0.924138 0.000000
vt 0.937931 1.000000
vt 0.937931 0.000000
vt 0.944828 1.000000
vt 0.944828 0.000000
vt 0.951724 1.000000
vt 0.951724 0.000000
vt 0.958621 1.000000
vt 0.958621 0.000000
vt 0.972414 1.000000
vt 0.972414 0.000000
vt 0.979310 1.000000
vt 0.979310 0.000000
vt 0.986207 1.000000
vt 0.986207 0.000000
vt 0.993103 1.000000
vt 0.993103 0.000000
vt 0.016393 1.000000
vt 0.016393 0.000000
vt 0.032787 1.000000
vt 0.032787 0.000000
vt 0.049180 1.000000
vt 0.049180 0.000000
vt 0.065574 1.000000
vt 0.065574 0.000000
vt 0.081967 1.000000
vt 0.081967 0.000000
vt 0.098361 1.000000
vt 0.098361 0.000000
vt 0.114754 1.000000
vt 0.114754 0.000000
vt 0.131148 1.000000
vt 0.131148 0.000000
vt 0.147541 1.000000
vt 0.147541 0.000000
vt 0.163934 1.000000
vt 0.163934 0.000000
vt 0.180328 1.000000
vt 0.180328 0.000000
vt 0.196721 1.000000
vt 0.196721 0.000000
vt 0.213115 1.000000
vt 0.213115 0.000000
vt 0.229508 1.000000
vt 0.229508 0.000000
vt 0.245902 1.000000
vt 0.245902 0.000000
vt 0.262295 1.000000
vt 0.262295 0.000000
vt 0.278689 1.000000
vt 0.278689 0.000000
vt 0.295082 1.000000
vt 0.295082 0.000000
vt 0.311475 1.000000
vt 0.311475 0.000000
vt 0.327869 1.000000
vt 0.327869 0.000000
vt 0.344262 1.000000
vt 0.344262 0.000000
vt 0.360656 1.000000
vt 0.360656 0.000000
vt 0.377049 1.000000
vt 0.377049 0.000000
vt 0.393443 1.000000
vt 0.393443 0.000000
vt 0.409836 1.000000
vt 0.409836 0.000000
vt 0.426230 1.000000
vt 0.426230 0.000000
vt 0.442623 1.000000
vt 0.442623 0.000000
vt 0.459016 1.000000
vt 0.459016 0.000000
vt 0.475410 1.000000
vt 0.475410 0.000000
vt 0.491803 1.000000
vt 0.491803 0.000000
vt 0.508197 1.000000
vt 0.508197 0.000000
vt 0.524590 1.000000
vt 0.524590 0.000000
vt 0.540984 1.000000
vt 0.540984 0.000000
vt 0.557377 1.000000
vt 0.557377 0.000000
vt 0.573770 1.000000
vt 0.573770 0.000000
vt 0.590164 1.000000
vt 0.590164 0.000000
vt 0.606557 1.000000
vt 0.606557 0.000000
vt 0.622951 1.000000
vt 0.622951 0.000000
vt 0.639344 1.000000
vt 0.639344 0.000000
vt 0.655738 1.000000
vt 0.655738 0.000000
vt 0.672131 1.000000
vt 0.672131 0.000000
vt 0.688525 1.000000
vt 0.688525 0.000000
vt 0.704918 1.000000
vt 0.704918 0.000000
vt 0.721311 1.000000
vt 0.721311 0.000000
vt 0.737705 1.000000
vt 0.737705 0.000000
vt 0.754098 1.000000
vt 0.754098 0.000000
vt 0.770492 1.000000
vt 0.770492 0.000000
vt 0.786885 1.000000
vt 0.786885 0.000000
vt 0.803279 1.000000
vt 0.803279 0.000000
vt 0.819672 1.000000
vt 0.819672 0.000000
vt 0.836066 1.000000
vt 0.836066 0.000000
vt 0.852459 1.000000
vt 0.852459 0.000000
vt 0.868852 1.000000
vt 0.868852 0.000000
vt 0.885246 1.000000
vt 0.885246 0.000000
vt 0.901639 1.000000
vt 0.901639 0.000000
vt 0.918033 1.000000
vt 0.918033 0.000000
vt 0.934426 1.000000
vt 0.934426 0.000000
vt 0.950820 1.000000
vt 0.950820 0.000000
vt 0.967213 1.000000
vt 0.967213 0.000000
vt 0.983607 1.000000
vt 0.983607 0.000000
vt 0.007576 1.000000
vt 0.007576 0.000000
vt 0.015152 1.000000
vt 0.015152 0.000000
vt 0.022727 1.000000
vt 0.022727 0.000000
vt 0.030303 1.000000
vt 0.030303 0.000000
vt 0.037879 1.000000
vt 0.037879 0.000000
vt 0.045455 1.000000
vt 0.045455 0.000000
vt 0.053030 1.000000
vt 0.053030 0.000000
vt 0.060606 1.000000
vt 0.060606 0.000000
vt 0.068182 1.000000
vt 0.068182 0.000000
vt 0.075758 1.000000
vt 0.075758 0.000000
vt 0.090909 1.000000
vt 0.098485 1.000000
vt 0.098485 0.000000
vt 0.106061 1.000000
vt 0.106061 0.000000
vt 0.113636 1.000000
vt 0.113636 0.000000
vt 0.121212 1.000000
vt 0.121212 0.000000
vt 0.128788 1.000000
vt 0.128788 0.000000
vt 0.136364 1.000000
vt 0.136364 0.000000
vt 0.143939 1.000000
vt 0.143939 0.000000
vt 0.151515 1.000000
vt 0.151515 0.000000
vt 0.159091 1.000000
vt 0.159091 0.000000
vt 0.174242 1.000000
vt 0.174242 0.000000
vt 0.181818 1.000000
vt 0.189394 1.000000
vt 0.189394 0.000000
vt 0.196970 1.000000
vt 0.196970 0.000000
vt 0.204545 1.000000
vt 0.204545 0.000000
vt 0.212121 1.000000
vt 0.212121 0.000000
vt 0.219697 1.000000
vt 0.219697 0.000000
vt 0.227273 1.000000
vt 0.227273 0.000000
vt 0.234848 1.000000
vt 0.234848 0.000000
vt 0.242424 1.000000
vt 0.242424 0.000000
vt 0.257576 1.000000
vt 0.257576 0.000000
vt 0.265152 1.000000
vt 0.265152 0.000000
vt 0.272727 1.000000
vt 0.280303 1.000000
vt 0.280303 0.000000
vt 0.287879 1.000000
vt 0.287879 0.000000
vt 0.295455 1.000000
vt 0.295455 0.000000
vt 0.303030 1.000000
vt 0.303030 0.000000
vt 0.310606 1.000000
vt 0.310606 0.000000
vt 0.318182 1.000000
vt 0.318182 0.000000
vt 0.325758 1.000000
vt 0.325758 0.000000
vt 0.340909 1.000000
vt 0.340909 0.000000
vt 0.348485 1.000000
vt 0.348485 0.000000
vt 0.356061 1.000000
vt 0.356061 0.000000
vt 0.363636 1.000000
vt 0.371212 1.000000
vt 0.371212 0.000000
vt 0.378788 1.000000
vt 0.378788 0.000000
vt 0.386364 1.000000
vt 0.386364 0.000000
vt 0.393939 1.000000
vt 0.393939 0.000000
vt 0.401515 1.000000
vt 0.401515 0.000000
vt 0.409091 1.000000
vt 0.409091 0.000000
vt 0.424242 1.000000
vt 0.424242 0.000000
vt 0.431818 1.000000
vt 0.431818 0.000000
vt 0.439394 1.000000
vt 0.439394 0.000000
vt 0.446970 1.000000
vt 0.446970 0.000000
vt 0.454545 1.000000
vt 0.462121 1.000000
vt 0.462121 0.000000
vt 0.469697 1.000000
vt 0.469697 0.000000
vt 0.477273 1.000000
vt 0.477273 0.000000
vt 0.484848 1.000000
vt 0.484848 0.000000
vt 0.492424 1.000000
vt 0.492424 0.000000
vt 0.507576 1.000000
vt 0.507576 0.000000
vt 0.515152 1.000000
vt 0.515152 0.000000
vt 0.522727 1.000000
vt 0.522727 0.000000
vt 0.530303 1.000000
vt 0.530303 0.000000
vt 0.537879 1.000000
vt 0.537879 0.000000
vt 0.545455 1.000000
vt 0.553030 1.000000
vt 0.553030 0.000000
vt 0.560606 1.000000
vt 0.560606 0.000000
vt 0.568182 1.000000
vt 0.568182 0.000000
vt 0.575758 1.000000
vt 0.575758 0.000000
vt 0.590909 1.000000
vt 0.590909 0.000000
vt 0.598485 1.000000
vt 0.598485 0.000000
vt 0.606061 1.000000
vt 0.606061 0.000000
vt 0.613636 1.000000
vt 0.613636 0.000000
vt 0.621212 1.000000
vt 0.621212 0.000000
vt 0.628788 1.000000
vt 0.628788 0.000000
vt 0.636364 1.000000
vt 0.643939 1.000000
vt 0.643939 0.000000
vt 0.651515 1.000000
vt 0.651515 0.000000
vt 0.659091 1.000000
vt 0.659091 0.000000
vt 0.674242 1.000000
vt 0.674242 0.000000
vt 0.681818 1.000000
vt 0.681818 0.000000
vt 0.689394 1.000000
vt 0.689394 0.000000
vt 0.696970 1.000000
vt 0.696970 0.000000
vt 0.704545 1.000000
vt 0.704545 0.000000
vt 0.712121 1.000000
vt 0.712121 0.000000
vt 0.719697 1.000000
vt 0.719697 0.000000
vt 0.727273 1.000000
vt 0.734848 1.000000
vt 0.734848 0.000000
vt 0.742424 1.000000
vt 0.742424 0.000000
vt 0.757576 1.000000
vt 0.757576 0.000000
vt 0.765152 1.000000
vt 0.765152 0.000000
vt 0.772727 1.000000
vt 0.772727 0.000000
vt 0.780303 1.000000
vt 0.780303 0.000000
vt 0.787879 1.000000
vt 0.787879 0.000000
vt 0.795455 1.000000
vt 0.795455 0.000000
vt 0.803030 1.000000
vt 0.803030 0.000000
vt 0.810606 1.000000
vt 0.810606 0.000000
vt 0.818182 1.000000
vt 0.825758 1.000000
vt 0.825758 0.000000
vt 0.840909 1.000000
vt 0.840909 0.000000
vt 0.848485 1.000000
vt 0.848485 0.000000
vt 0.856061 1.000000
vt 0.856061 0.000000
vt 0.863636 1.000000
vt 0.863636 0.000000
vt 0.871212 1.000000
vt 0.871212 0.000000
vt 0.878788 1.000000
vt 0.878788 0.000000
vt 0.886364 1.000000
vt 0.886364 0.000000
vt 0.893939 1.000000
vt 0.893939 0.000000
vt 0.901515 1.000000
vt 0.901515 0.000000
vt 0.909091 1.000000
vt 0.924242 1.000000
vt 0.924242 0.000000
vt 0.931818 1.000000
vt 0.931818 0.000000
vt 0.939394 1.000000
vt 0.939394 0.000000
vt 0.946970 1.000000
vt 0.946970 0.000000
vt 0.954545 1.000000
vt 0.954545 0.000000
vt 0.962121 1.000000
vt 0.962121 0.000000
vt 0.969697 1.000000
vt 0.969697 0.000000
vt 0.977273 1.000000
vt 0.977273 0.000000
vt 0.984848 1.000000
vt 0.984848 0.000000
vt 0.992424 1.000000
vt 0.992424 0.000000
vt 0.023256 1.000000
vt 0.023256 0.000000
vt 0.046512 1.000000
vt 0.046512 0.000000
vt 0.069767 1.000000
vt 0.069767 0.000000
vt 0.093023 1.000000
vt 0.093023 0.000000
vt 0.116279 1.000000
vt 0.116279 0.000000
vt 0.139535 1.000000
vt 0.139535 0.000000
vt 0.162791 1.000000
vt 0.162791 0.000000
vt 0.186047 1.000000
vt 0.186047 0.000000
vt 0.209302 1.000000
vt 0.209302 0.000000
vt 0.232558 1.000000
vt 0.232558 0.000000
vt 0.255814 1.000000
vt 0.255814 0.000000
vt 0.279070 1.000000
vt 0.279070 0.000000
vt 0.302326 1.000000
vt 0.302326 0.000000
vt 0.325581 1.000000
vt 0.325581 0.000000
vt 0.348837 1.000000
vt 0.348837 0.000000
vt 0.372093 1.000000
vt 0.372093 0.000000
vt 0.395349 1.000000
vt 0.395349 0.000000
vt 0.418605 1.000000
vt 0.418605 0.000000
vt 0.441860 1.000000
vt 0.441860 0.000000
vt 0.465116 1.000000
vt 0.465116 0.000000
vt 0.488372 1.000000
vt 0.488372 0.000000
vt 0.511628 1.000000
vt 0.511628 0.000000
vt 0.534884 1.000000
vt 0.534884 0.000000
vt 0.558140 1.000000
vt 0.558140 0.000000
vt 0.581395 1.000000
vt 0.581395 0.000000
vt 0.604651 1.000000
vt 0.604651 0.000000
vt 0.627907 1.000000
vt 0.627907 0.000000
vt 0.651163 1.000000
vt 0.651163 0.000000
vt 0.674419 1.000000
vt 0.674419 0.000000
vt 0.697674 1.000000
vt 0.697674 0.000000
vt 0.720930 1.000000
vt 0.720930 0.000000
vt 0.744186 1.000000
vt 0.744186 0.000000
vt 0.767442 1.000000
vt 0.767442 0.000000
vt 0.790698 1.000000
vt 0.790698 0.000000
vt 0.813953 1.000000
vt 0.813953 0.000000
vt 0.837209 1.000000
vt 0.837209 0.000000
vt 0.860465 1.000000
vt 0.860465 0.000000
vt 0.883721 1.000000
vt 0.883721 0.000000
vt 0.906977 1.000000
vt 0.906977 0.000000
vt 0.930233 1.000000
vt 0.930233 0.000000
vt 0.953488 1.000000
vt 0.953488 0.000000
vt 0.976744 1.000000
vt 0.976744 0.000000
vt 0.024390 1.000000
vt 0.024390 0.000000
vt 0.048780 1.000000
vt 0.048780 0.000000
vt 0.073171 1.000000
vt 0.073171 0.000000
vt 0.097561 1.000000
vt 0.097561 0.000000
vt 0.121951 1.000000
vt 0.121951 0.000000
vt 0.146341 1.000000
vt 0.146341 0.000000
vt 0.170732 1.000000
vt 0.170732 0.000000
vt 0.195122 1.000000
vt 0.195122 0.000000
vt 0.219512 1.000000
vt 0.219512 0.000000
vt 0.243902 1.000000
vt 0.243902 0.000000
vt 0.268293 1.000000
vt 0.268293 0.000000
vt 0.292683 1.000000
vt 0.292683 0.000000
vt 0.317073 1.000000
vt 0.317073 0.000000
vt 0.341463 1.000000
vt 0.341463 0.000000
vt 0.365854 1.000000
vt 0.365854 0.000000
vt 0.390244 1.000000
vt 0.390244 0.000000
vt 0.414634 1.000000
vt 0.414634 0.000000
vt 0.439024 1.000000
vt 0.439024 0.000000
vt 0.463415 1.000000
vt 0.463415 0.000000
vt 0.487805 1.000000
vt 0.487805 0.000000
vt 0.512195 1.000000
vt 0.512195 0.000000
vt 0.536585 1.000000
vt 0.536585 0.000000
vt 0.560976 1.000000
vt 0.560976 0.000000
vt 0.585366 1.000000
vt 0.585366 0.000000
vt 0.609756 1.000000
vt 0.609756 0.000000
vt 0.634146 1.000000
vt 0.634146 0.000000
vt 0.658537 1.000000
vt 0.658537 0.000000
vt 0.682927 1.000000
vt 0.682927 0.000000
vt 0.707317 1.000000
vt 0.707317 0.000000
vt 0.731707 1.000000
vt 0.731707 0.000000
vt 0.756098 1.000000
vt 0.756098 0.000000
vt 0.780488 1.000000
vt 0.780488 0.000000
vt 0.804878 1.000000
vt 0.804878 0.000000
vt 0.829268 1.000000
vt 0.829268 0.000000
vt 0.853659 1.000000
vt 0.853659 0.000000
vt 0.878049 1.000000
vt 0.878049 0.000000
vt 0.902439 1.000000
vt 0.902439 0.000000
vt 0.926829 1.000000
vt 0.926829 0.000000
vt 0.951219 1.000000
vt 0.951219 0.000000
vt 0.975610 1.000000
vt 0.975610 0.000000
vt 0.006757 1.000000
vt 0.006757 0.000000
vt 0.013514 1.000000
vt 0.013514 0.000000
vt 0.020270 1.000000
vt 0.020270 0.000000
vt 0.027027 1.000000
vt 0.027027 0.000000
vt 0.033784 1.000000
vt 0.033784 0.000000
vt 0.040541 1.000000
vt 0.040541 0.000000
vt 0.047297 1.000000
vt 0.047297 0.000000
vt 0.054054 1.000000
vt 0.054054 0.000000
vt 0.060811 1.000000
vt 0.060811 0.000000
vt 0.067568 1.000000
vt 0.067568 0.000000
vt 0.074324 1.000000
vt 0.074324 0.000000
vt 0.081081 1.000000
vt 0.081081 0.000000
vt 0.087838 1.000000
vt 0.087838 0.000000
vt 0.094595 1.000000
vt 0.094595 0.000000
vt 0.101351 1.000000
vt 0.101351 0.000000
vt 0.108108 1.000000
vt 0.108108 0.000000
vt 0.114865 1.000000
vt 0.114865 0.000000
vt 0.121622 1.000000
vt 0.121622 0.000000
vt 0.128378 1.000000
vt 0.128378 0.000000
vt 0.135135 1.000000
vt 0.135135 0.000000
vt 0.141892 1.000000
vt 0.141892 0.000000
vt 0.148649 1.000000
vt 0.148649 0.000000
vt 0.155405 1.000000
vt 0.155405 0.000000
vt 0.162162 1.000000
vt 0.162162 0.000000
vt 0.168919 1.000000
vt 0.168919 0.000000
vt 0.175676 1.000000
vt 0.175676 0.000000
vt 0.182432 1.000000
vt 0.182432 0.000000
vt 0.189189 1.000000
vt 0.189189 0.000000
vt 0.195946 1.000000
vt 0.195946 0.000000
vt 0.202703 1.000000
vt 0.202703 0.000000
vt 0.209459 1.000000
vt 0.209459 0.000000
vt 0.216216 1.000000
vt 0.216216 0.000000
vt 0.222973 1.000000
vt 0.222973 0.000000
vt 0.229730 1.000000
vt 0.229730 0.000000
vt 0.236486 1.000000
vt 0.236486 0.000000
vt 0.243243 1.000000
vt 0.243243 0.000000
vt 0.256757 1.000000
vt 0.256757 0.000000
vt 0.263514 1.000000
vt 0.263514 0.000000
vt 0.270270 1.000000
vt 0.270270 0.000000
vt 0.277027 1.000000
vt 0.277027 0.000000
vt 0.283784 1.000000
vt 0.283784 0.000000
vt 0.290541 1.000000
vt 0.290541 0.000000
vt 0.297297 1.000000
vt 0.297297 0.000000
vt 0.304054 1.000000
vt 0.304054 0.000000
vt 0.310811 1.000000
vt 0.310811 0.000000
vt 0.317568 1.000000
vt 0.317568 0.000000
vt 0.324324 1.000000
vt 0.324324 0.000000
vt 0.331081 1.000000
vt 0.331081 0.000000
vt 0.337838 1.000000
vt 0.337838 0.000000
vt 0.344595 1.000000
vt 0.344595 0.000000
vt 0.351351 1.000000
vt 0.351351 0.000000
vt 0.358108 1.000000
vt 0.358108 0.000000
vt 0.364865 1.000000
vt 0.364865 0.000000
vt 0.371622 1.000000
vt 0.371622 0.000000
vt 0.378378 1.000000
vt 0.378378 0.000000
vt 0.385135 1.000000
vt 0.385135 0.000000
vt 0.391892 1.000000
vt 0.391892 0.000000
vt 0.398649 1.000000
vt 0.398649 0.000000
vt 0.405405 1.000000
vt 0.405405 0.000000
vt 0.412162 1.000000
vt 0.412162 0.000000
vt 0.418919 1.000000
vt 0.418919 0.000000
vt 0.425676 1.000000
vt 0.425676 0.000000
vt 0.432432 1.000000
vt 0.432432 0.000000
vt 0.439189 1.000000
vt 0.439189 0.000000
vt 0.445946 1.000000
vt 0.445946 0.000000
vt 0.452703 1.000000
vt 0.452703 0.000000
vt 0.459459 1.000000
vt 0.459459 0.000000
vt 0.466216 1.000000
vt 0.466216 0.000000
vt 0.472973 1.000000
vt 0.472973 0.000000
vt 0.479730 1.000000
vt 0.479730 0.000000
vt 0.486486 1.000000
vt 0.486486 0.000000
vt 0.493243 1.000000
vt 0.493243 0.000000
vt 0.506757 1.000000
vt 0.506757 0.000000
vt 0.513514 1.000000
vt 0.513514 0.000000
vt 0.520270 1.000000
vt 0.520270 0.000000
vt 0.527027 1.000000
vt 0.527027 0.000000
vt 0.533784 1.000000
vt 0.533784 0.000000
vt 0.540541 1.000000
vt 0.540541 0.000000
vt 0.547297 1.000000
vt 0.547297 0.000000
vt 0.554054 1.000000
vt 0.554054 0.000000
vt 0.560811 1.000000
vt 0.560811 0.000000
vt 0.567568 1.000000
vt 0.567568 0.000000
vt 0.574324 1.000000
vt 0.574324 0.000000
vt 0.581081 1.000000
vt 0.581081 0.000000
vt 0.587838 1.000000
vt 0.587838 0.000000
vt 0.594595 1.000000
vt 0.594595 0.000000
vt 0.601351 1.000000
vt 0.601351 0.000000
vt 0.608108 1.000000
vt 0.608108 0.000000
vt 0.614865 1.000000
vt 0.614865 0.000000
vt 0.621622 1.000000
vt 0.621622 0.000000
vt 0.628378 1.000000
vt 0.628378 0.000000
vt 0.635135 1.000000
vt 0.635135 0.000000
vt 0.641892 1.000000
vt 0.641892 0.000000
vt 0.648649 1.000000
vt 0.648649 0.000000
vt 0.655405 1.000000
vt 0.655405 0.000000
vt 0.662162 1.000000
vt 0.662162 0.000000
vt 0.668919 1.000000
vt 0.668919 0.000000
vt 0.675676 1.000000
vt 0.675676 0.000000
vt 0.682432 1.000000
vt 0.682432 0.000000
vt 0.689189 1.000000
vt 0.689189 0.000000
vt 0.695946 1.000000
vt 0.695946 0.000000
vt 0.702703 1.000000
vt 0.702703 0.000000
vt 0.709459 1.000000
vt 0.709459 0.000000
vt 0.716216 1.000000
vt 0.716216 0.000000
vt 0.722973 1.000000
vt 0.722973 0.000000
vt 0.729730 1.000000
vt 0.729730 0.000000
vt 0.736486 1.000000
vt 0.736486 0.000000
vt 0.743243 1.000000
vt 0.743243 0.000000
vt 0.756757 1.000000
vt 0.756757 0.000000
vt 0.763514 1.000000
vt 0.763514 0.000000
vt 0.770270 1.000000
vt 0.770270 0.000000
vt 0.777027 1.000000
vt 0.777027 0.000000
vt 0.783784 1.000000
vt 0.783784 0.000000
vt 0.790541 1.000000
vt 0.790541 0.000000
vt 0.797297 1.000000
vt 0.797297 0.000000
vt 0.804054 1.000000
vt 0.804054 0.000000
vt 0.810811 1.000000
vt 0.810811 0.000000
vt 0.817568 1.000000
vt 0.817568 0.000000
vt 0.824324 1.000000
vt 0.824324 0.000000
vt 0.831081 1.000000
vt 0.831081 0.000000
vt 0.837838 1.000000
vt 0.837838 0.000000
vt 0.844595 1.000000
vt 0.844595 0.000000
vt 0.851351 1.000000
vt 0.851351 0.000000
vt 0.858108 1.000000
vt 0.858108 0.000000
vt 0.864865 1.000000
vt 0.864865 0.000000
vt 0.871622 1.000000
vt 0.871622 0.000000
vt 0.878378 1.000000
vt 0.878378 0.000000
vt 0.885135 1.000000
vt 0.885135 0.000000
vt 0.891892 1.000000
vt 0.891892 0.000000
vt 0.898649 1.000000
vt 0.898649 0.000000
vt 0.905405 1.000000
vt 0.905405 0.000000
vt 0.912162 1.000000
vt 0.912162 0.000000
vt 0.918919 1.000000
vt 0.918919 0.000000
vt 0.925676 1.000000
vt 0.925676 0.000000
vt 0.932432 1.000000
vt 0.932432 0.000000
vt 0.939189 1.000000
vt 0.939189 0.000000
vt 0.945946 1.000000
vt 0.945946 0.000000
vt 0.952703 1.000000
vt 0.952703 0.000000
vt 0.959459 1.000000
vt 0.959459 0.000000
vt 0.966216 1.000000
vt 0.966216 0.000000
vt 0.972973 1.000000
vt 0.972973 0.000000
vt 0.979730 1.000000
vt 0.979730 0.000000
vt 0.986486 1.000000
vt 0.986486 0.000000
vt 0.993243 1.000000
vt 0.993243 0.000000
vt 0.025000 1.000000
vt 0.025000 0.000000
vt 0.075000 1.000000
vt 0.075000 0.000000
vt 0.125000 1.000000
vt 0.175000 1.000000
vt 0.175000 0.000000
vt 0.225000 1.000000
vt 0.225000 0.000000
vt 0.275000 1.000000
vt 0.275000 0.000000
vt 0.325000 1.000000
vt 0.325000 0.000000
vt 0.375000 1.000000
vt 0.425000 1.000000
vt 0.425000 0.000000
vt 0.475000 1.000000
vt 0.475000 0.000000
vt 0.525000 1.000000
vt 0.525000 0.000000
vt 0.575000 1.000000
vt 0.575000 0.000000
vt 0.625000 1.000000
vt 0.675000 1.000000
vt 0.675000 0.000000
vt 0.725000 1.000000
vt 0.725000 0.000000
vt 0.775000 1.000000
vt 0.775000 0.000000
vt 0.825000 1.000000
vt 0.825000 0.000000
vt 0.875000 1.000000
vt 0.925000 1.000000
vt 0.925000 0.000000
vt 0.975000 1.000000
vt 0.975000 0.000000
vt 0.009434 1.000000
vt 0.018868 1.000000
vt 0.028302 1.000000
vt 0.037736 1.000000
vt 0.047170 1.000000
vt 0.056604 1.000000
vt 0.066038 1.000000
vt 0.075472 1.000000
vt 0.084906 1.000000
vt 0.094340 1.000000
vt 0.103774 1.000000
vt 0.113208 1.000000
vt 0.122642 1.000000
vt 0.132075 1.000000
vt 0.141509 1.000000
vt 0.150943 1.000000
vt 0.160377 1.000000
vt 0.169811 1.000000
vt 0.179245 1.000000
vt 0.188679 1.000000
vt 0.198113 1.000000
vt 0.207547 1.000000
vt 0.216981 1.000000
vt 0.226415 1.000000
vt 0.235849 1.000000
vt 0.245283 1.000000
vt 0.254717 1.000000
vt 0.264151 1.000000
vt 0.273585 1.000000
vt 0.283019 1.000000
vt 0.292453 1.000000
vt 0.301887 1.000000
vt 0.311321 1.000000
vt 0.320755 1.000000
vt 0.330189 1.000000
vt 0.339623 1.000000
vt 0.349057 1.000000
vt 0.358491 1.000000
vt 0.367925 1.000000
vt 0.377358 1.000000
vt 0.386792 1.000000
vt 0.396226 1.000000
vt 0.405660 1.000000
vt 0.415094 1.000000
vt 0.424528 1.000000
vt 0.433962 1.000000
vt 0.443396 1.000000
vt 0.452830 1.000000
vt 0.462264 1.000000
vt 0.471698 1.000000
vt 0.481132 1.000000
vt 0.490566 1.000000
vt 0.509434 1.000000
vt 0.518868 1.000000
vt 0.528302 1.000000
vt 0.537736 1.000000
vt 0.547170 1.000000
vt 0.556604 1.000000
vt 0.566038 1.000000
vt 0.575472 1.000000
vt 0.584906 1.000000
vt 0.594340 1.000000
vt 0.603774 1.000000
vt 0.613208 1.000000
vt 0.622642 1.000000
vt 0.632075 1.000000
vt 0.641509 1.000000
vt 0.650943 1.000000
vt 0.660377 1.000000
vt 0.669811 1.000000
vt 0.679245 1.000000
vt 0.688679 1.000000
vt 0.698113 1.000000
vt 0.707547 1.000000
vt 0.716981 1.000000
vt 0.726415 1.000000
vt 0.735849 1.000000
vt 0.745283 1.000000
vt 0.754717 1.000000
vt 0.764151 1.000000
vt 0.773585 1.000000
vt 0.783019 1.000000
vt 0.792453 1.000000
vt 0.801887 1.000000
vt 0.811321 1.000000
vt 0.820755 1.000000
vt 0.830189 1.000000
vt 0.839623 1.000000
vt 0.849057 1.000000
vt 0.858491 1.000000
vt 0.867925 1.000000
vt 0.877358 1.000000
vt 0.886792 1.000000
vt 0.896226 1.000000
vt 0.905660 1.000000
vt 0.915094 1.000000
vt 0.924528 1.000000
vt 0.933962 1.000000
vt 0.943396 1.000000
vt 0.952830 1.000000
vt 0.962264 1.000000
vt 0.971698 1.000000
vt 0.981132 1.000000
vt 0.990566 1.000000
vt 0.012500 1.000000
vt 0.012500 0.000000
vt 0.037500 1.000000
vt 0.037500 0.000000
vt 0.062500 1.000000
vt 0.087500 1.000000
vt 0.087500 0.000000
vt 0.112500 1.000000
vt 0.112500 0.000000
vt 0.137500 1.000000
vt 0.137500 0.000000
vt 0.162500 1.000000
vt 0.162500 0.000000
vt 0.187500 1.000000
vt 0.212500 1.000000
vt 0.212500 0.000000
vt 0.237500 1.000000
vt 0.237500 0.000000
vt 0.262500 1.000000
vt 0.262500 0.000000
vt 0.287500 1.000000
vt 0.287500 0.000000
vt 0.312500 1.000000
vt 0.337500 1.000000
vt 0.337500 0.000000
vt 0.362500 1.000000
vt 0.362500 0.000000
vt 0.387500 1.000000
vt 0.387500 0.000000
vt 0.412500 1.000000
vt 0.412500 0.000000
vt 0.437500 1.000000
vt 0.462500 1.000000
vt 0.462500 0.000000
vt 0.487500 1.000000
vt 0.487500 0.000000
vt 0.512500 1.000000
vt 0.512500 0.000000
vt 0.537500 1.000000
vt 0.537500 0.000000
vt 0.562500 1.000000
vt 0.587500 1.000000
vt 0.587500 0.000000
vt 0.612500 1.000000
vt 0.612500 0.000000
vt 0.637500 1.000000
vt 0.637500 0.000000
vt 0.662500 1.000000
vt 0.662500 0.000000
vt 0.687500 1.000000
vt 0.712500 1.000000
vt 0.712500 0.000000
vt 0.737500 1.000000
vt 0.737500 0.000000
vt 0.762500 1.000000
vt 0.762500 0.000000
vt 0.787500 1.000000
vt 0.787500 0.000000
vt 0.812500 1.000000
vt 0.837500 1.000000
vt 0.837500 0.000000
vt 0.862500 1.000000
vt 0.862500 0.000000
vt 0.887500 1.000000
vt 0.887500 0.000000
vt 0.912500 1.000000
vt 0.912500 0.000000
vt 0.937500 1.000000
vt 0.962500 1.000000
vt 0.962500 0.000000
vt 0.987500 1.000000
vt 0.987500 0.000000
vt 0.037037 1.000000
vt 0.037037 0.000000
vt 0.074074 1.000000
vt 0.074074 0.000000
vt 0.111111 1.000000
vt 0.148148 1.000000
vt 0.148148 0.000000
vt 0.185185 1.000000
vt 0.185185 0.000000
vt 0.222222 1.000000
vt 0.259259 1.000000
vt 0.259259 0.000000
vt 0.296296 1.000000
vt 0.296296 0.000000
vt 0.370370 1.000000
vt 0.370370 0.000000
vt 0.407407 1.000000
vt 0.407407 0.000000
vt 0.444444 1.000000
vt 0.481481 1.000000
vt 0.481481 0.000000
vt 0.518519 1.000000
vt 0.518519 0.000000
vt 0.555556 1.000000
vt 0.592593 1.000000
vt 0.592593 0.000000
vt 0.629630 1.000000
vt 0.629630 0.000000
vt 0.703704 1.000000
vt 0.703704 0.000000
vt 0.740741 1.000000
vt 0.740741 0.000000
vt 0.777778 1.000000
vt 0.814815 1.000000
vt 0.814815 0.000000
vt 0.851852 1.000000
vt 0.851852 0.000000
vt 0.888889 1.000000
vt 0.925926 1.000000
vt 0.925926 0.000000
vt 0.962963 1.000000
vt 0.962963 0.000000
s 0
usemtl マテリアル
f 38/1/1 40/2/1 39/3/1
f 38/1/1 41/4/1 40/2/1
f 37/5/1 41/4/1 38/1/1
f 37/5/1 42/6/1 41/4/1
f 36/7/1 42/6/1 37/5/1
f 36/7/1 43/8/1 42/6/1
f 35/9/1 43/8/1 36/7/1
f 35/9/1 44/10/1 43/8/1
f 34/11/1 44/10/1 35/9/1
f 34/11/1 45/12/1 44/10/1
f 33/13/1 45/12/1 34/11/1
f 33/13/1 46/14/1 45/12/1
f 32/15/1 46/14/1 33/13/1
f 32/15/1 93/16/1 46/14/1
f 93/16/1 92/17/1 46/14/1
f 92/17/1 47/18/1 46/14/1
f 31/19/1 94/20/1 32/15/1
f 94/20/1 93/16/1 32/15/1
f 31/19/1 95/21/1 94/20/1
f 91/22/1 47/18/1 92/17/1
f 31/19/1 96/23/1 95/21/1
f 90/24/1 47/18/1 91/22/1
f 31/19/1 97/25/1 96/23/1
f 89/26/1 47/18/1 90/24/1
f 31/19/1 98/27/1 97/25/1
f 88/28/1 47/18/1 89/26/1
f 88/28/1 48/29/1 47/18/1
f 30/30/1 98/27/1 31/19/1
f 30/30/1 99/31/1 98/27/1
f 87/32/1 48/29/1 88/28/1
f 30/30/1 100/33/1 99/31/1
f 86/34/1 48/29/1 87/32/1
f 30/30/1 101/35/1 100/33/1
f 85/36/1 48/29/1 86/34/1
f 29/37/1 101/35/1 30/30/1
f 85/36/1 49/38/1 48/29/1
f 29/37/1 102/39/1 101/35/1
f 84/40/1 49/38/1 85/36/1
f 29/37/1 103/41/1 102/39/1
f 83/42/1 49/38/1 84/40/1
f 28/43/1 103/41/1 29/37/1
f 28/43/1 104/44/1 103/41/1
f 82/45/1 49/38/1 83/42/1
f 82/45/1 50/46/1 49/38/1
f 28/43/1 105/47/1 104/44/1
f 81/48/1 50/46/1 82/45/1
f 27/49/1 105/47/1 28/43/1
f 27/49/1 106/50/1 105/47/1
f 107/51/1 50/46/1 81/48/1
f 107/51/1 51/52/1 50/46/1
f 27/49/1 107/51/1 106/50/1
f 27/49/1 51/52/1 107/51/1
f 26/53/1 51/52/1 27/49/1
f 26/53/1 52/54/1 51/52/1
f 25/55/1 53/56/1 26/53/1
f 53/56/1 52/54/1 26/53/1
f 25/55/1 54/57/1 53/56/1
f 24/58/1 54/57/1 25/55/1
f 24/58/1 55/59/1 54/57/1
f 23/60/1 55/59/1 24/58/1
f 23/60/1 56/61/1 55/59/1
f 23/60/1 57/62/1 56/61/1
f 22/63/1 57/62/1 23/60/1
f 22/63/1 58/64/1 57/62/1
f 78/65/1 80/66/1 79/67/1
f 22/63/1 59/68/1 58/64/1
f 77/69/1 80/66/1 78/65/1
f 21/70/1 59/68/1 22/63/1
f 21/70/1 60/71/1 59/68/1
f 76/72/1 80/66/1 77/69/1
f 75/73/1 80/66/1 76/72/1
f 21/70/1 61/74/1 60/71/1
f 74/75/1 80/66/1 75/73/1
f 73/76/1 80/66/1 74/75/1
f 20/77/1 61/74/1 21/70/1
f 20/77/1 62/78/1 61/74/1
f 72/79/1 80/66/1 73/76/1
f 20/77/1 63/80/1 62/78/1
f 71/81/1 80/66/1 72/79/1
f 70/82/1 80/66/1 71/81/1
f 20/77/1 64/83/1 63/80/1
f 69/84/1 80/66/1 70/82/1
f 20/77/1 65/85/1 64/83/1
f 68/86/1 80/66/1 69/84/1
f 67/87/1 80/66/1 68/86/1
f 20/77/1 66/88/1 65/85/1
f 66/88/1 80/66/1 67/87/1
f 20/77/1 80/66/1 66/88/1
f 19/89/1 80/66/1 20/77/1
f 18/90/1 80/66/1 19/89/1
f 18/90/1 1/91/1 80/66/1
f 18/90/1 2/92/1 1/91/1
f 17/93/1 2/92/1 18/90/1
f 17/93/1 3/94/1 2/92/1
f 17/93/1 4/95/1 3/94/1
f 16/96/1 4/95/1 17/93/1
f 16/96/1 5/97/1 4/95/1
f 16/96/1 6/98/1 5/97/1
f 15/99/1 6/98/1 16/96/1
f 15/99/1 7/100/1 6/98/1
f 15/99/1 8/101/1 7/100/1
f 14/102/1 8/101/1 15/99/1
f 14/102/1 9/103/1 8/101/1
f 14/102/1 10/104/1 9/103/1
f 14/102/1 11/105/1 10/104/1
f 13/106/1 11/105/1 14/102/1
f 13/106/1 12/107/1 11/105/1
f 198/108/1 200/109/1 199/110/1
f 198/108/1 201/111/1 200/109/1
f 198/108/1 202/112/1 201/111/1
f 197/113/1 202/112/1 198/108/1
f 197/113/1 203/114/1 202/112/1
f 197/113/1 204/115/1 203/114/1
f 197/113/1 205/116/1 204/115/1
f 196/117/1 205/116/1 197/113/1
f 196/117/1 206/118/1 205/116/1
f 196/117/1 207/119/1 206/118/1
f 196/117/1 208/120/1 207/119/1
f 195/121/1 208/120/1 196/117/1
f 195/121/1 209/122/1 208/120/1
f 195/121/1 210/123/1 209/122/1
f 195/121/1 211/124/1 210/123/1
f 194/125/1 211/124/1 195/121/1
f 194/125/1 212/126/1 211/124/1
f 194/125/1 115/127/1 212/126/1
f 115/127/1 114/128/1 212/126/1
f 114/128/1 113/129/1 212/126/1
f 113/129/1 112/130/1 212/126/1
f 112/130/1 111/131/1 212/126/1
f 111/131/1 110/132/1 212/126/1
f 110/132/1 109/133/1 212/126/1
f 109/133/1 108/91/1 212/126/1
f 108/91/1 213/51/1 212/126/1
f 193/134/1 117/135/1 194/125/1
f 117/135/1 116/136/1 194/125/1
f 116/136/1 115/127/1 194/125/1
f 192/137/1 119/138/1 193/134/1
f 119/138/1 118/139/1 193/134/1
f 118/139/1 117/135/1 193/134/1
f 191/140/1 121/141/1 192/137/1
f 121/141/1 120/142/1 192/137/1
f 120/142/1 119/138/1 192/137/1
f 191/140/1 122/143/1 121/141/1
f 191/140/1 123/144/1 122/143/1
f 191/140/1 124/145/1 123/144/1
f 190/146/1 124/145/1 191/140/1
f 190/146/1 125/147/1 124/145/1
f 190/146/1 126/148/1 125/147/1
f 190/146/1 127/149/1 126/148/1
f 189/150/1 127/149/1 190/146/1
f 189/150/1 128/151/1 127/149/1
f 189/150/1 129/152/1 128/151/1
f 188/153/1 129/152/1 189/150/1
f 188/153/1 130/154/1 129/152/1
f 188/153/1 131/155/1 130/154/1
f 187/156/1 131/155/1 188/153/1
f 187/156/1 132/157/1 131/155/1
f 186/158/1 132/157/1 187/156/1
f 186/158/1 133/159/1 132/157/1
f 186/158/1 134/160/1 133/159/1
f 185/161/1 134/160/1 186/158/1
f 185/161/1 135/162/1 134/160/1
f 184/163/1 135/162/1 185/161/1
f 184/163/1 136/164/1 135/162/1
f 184/163/1 137/165/1 136/164/1
f 183/166/1 137/165/1 184/163/1
f 183/166/1 138/167/1 137/165/1
f 183/166/1 139/168/1 138/167/1
f 182/169/1 139/168/1 183/166/1
f 182/169/1 140/170/1 139/168/1
f 182/169/1 141/171/1 140/170/1
f 181/172/1 141/171/1 182/169/1
f 158/173/1 160/174/1 159/175/1
f 157/176/1 160/174/1 158/173/1
f 181/172/1 142/177/1 141/171/1
f 156/178/1 160/174/1 157/176/1
f 155/179/1 160/174/1 156/178/1
f 181/172/1 143/180/1 142/177/1
f 154/181/1 160/174/1 155/179/1
f 153/182/1 160/174/1 154/181/1
f 180/183/1 143/180/1 181/172/1
f 180/183/1 144/184/1 143/180/1
f 152/185/1 160/174/1 153/182/1
f 151/186/1 160/174/1 152/185/1
f 150/187/1 160/174/1 151/186/1
f 180/183/1 145/188/1 144/184/1
f 149/189/1 160/174/1 150/187/1
f 148/190/1 160/174/1 149/189/1
f 180/183/1 146/191/1 145/188/1
f 147/192/1 160/174/1 148/190/1
f 146/191/1 160/174/1 147/192/1
f 180/183/1 160/174/1 146/191/1
f 179/193/1 160/174/1 180/183/1
f 178/194/1 160/174/1 179/193/1
f 177/195/1 160/174/1 178/194/1
f 177/195/1 161/196/1 160/174/1
f 176/197/1 161/196/1 177/195/1
f 176/197/1 162/198/1 161/196/1
f 176/197/1 163/199/1 162/198/1
f 176/197/1 164/200/1 163/199/1
f 175/201/1 164/200/1 176/197/1
f 175/201/1 165/202/1 164/200/1
f 175/201/1 166/203/1 165/202/1
f 175/201/1 167/204/1 166/203/1
f 175/201/1 168/205/1 167/204/1
f 174/206/1 168/205/1 175/201/1
f 174/206/1 169/207/1 168/205/1
f 174/206/1 170/208/1 169/207/1
f 174/206/1 171/209/1 170/208/1
f 173/210/1 171/209/1 174/206/1
f 173/210/1 172/211/1 171/209/1
f 319/212/1 321/213/1 320/214/1
f 318/215/1 321/213/1 319/212/1
f 318/215/1 322/216/1 321/213/1
f 317/217/1 322/216/1 318/215/1
f 316/218/1 322/216/1 317/217/1
f 316/218/1 323/219/1 322/216/1
f 315/220/1 323/219/1 316/218/1
f 315/220/1 324/221/1 323/219/1
f 314/222/1 324/221/1 315/220/1
f 313/223/1 324/221/1 314/222/1
f 313/223/1 325/224/1 324/221/1
f 312/225/1 325/224/1 313/223/1
f 312/225/1 326/226/1 325/224/1
f 311/227/1 326/226/1 312/225/1
f 310/228/1 326/226/1 311/227/1
f 310/228/1 327/229/1 326/226/1
f 309/230/1 327/229/1 310/228/1
f 309/230/1 328/231/1 327/229/1
f 308/232/1 328/231/1 309/230/1
f 307/233/1 328/231/1 308/232/1
f 307/233/1 329/234/1 328/231/1
f 306/235/1 305/236/1 307/233/1
f 305/236/1 304/237/1 307/233/1
f 304/237/1 303/238/1 307/233/1
f 303/238/1 302/239/1 307/233/1
f 302/239/1 301/240/1 307/233/1
f 301/240/1 300/241/1 307/233/1
f 300/241/1 299/242/1 307/233/1
f 299/242/1 298/243/1 307/233/1
f 298/243/1 297/244/1 307/233/1
f 297/244/1 296/245/1 307/233/1
f 296/245/1 295/246/1 307/233/1
f 295/246/1 294/247/1 307/233/1
f 294/247/1 329/234/1 307/233/1
f 294/247/1 293/248/1 329/234/1
f 293/248/1 330/249/1 329/234/1
f 292/250/1 330/249/1 293/248/1
f 291/251/1 330/249/1 292/250/1
f 290/252/1 330/249/1 291/251/1
f 290/252/1 331/253/1 330/249/1
f 289/254/1 331/253/1 290/252/1
f 288/255/1 331/253/1 289/254/1
f 287/256/1 331/253/1 288/255/1
f 286/257/1 331/253/1 287/256/1
f 286/257/1 332/258/1 331/253/1
f 285/259/1 332/258/1 286/257/1
f 284/260/1 332/258/1 285/259/1
f 283/261/1 332/258/1 284/260/1
f 283/261/1 333/262/1 332/258/1
f 282/263/1 333/262/1 283/261/1
f 281/264/1 333/262/1 282/263/1
f 281/264/1 334/265/1 333/262/1
f 280/266/1 334/265/1 281/264/1
f 279/267/1 334/265/1 280/266/1
f 278/268/1 401/51/1 279/267/1
f 401/51/1 334/265/1 279/267/1
f 277/269/1 401/51/1 278/268/1
f 276/270/1 401/51/1 277/269/1
f 275/271/1 401/51/1 276/270/1
f 274/272/1 401/51/1 275/271/1
f 274/272/1 362/273/1 401/51/1
f 400/274/1 334/265/1 401/51/1
f 273/275/1 362/273/1 274/272/1
f 273/275/1 363/276/1 362/273/1
f 273/275/1 364/277/1 363/276/1
f 272/278/1 364/277/1 273/275/1
f 272/278/1 365/279/1 364/277/1
f 271/280/1 365/279/1 272/278/1
f 271/280/1 366/281/1 365/279/1
f 270/282/1 366/281/1 271/280/1
f 270/282/1 367/283/1 366/281/1
f 270/282/1 368/284/1 367/283/1
f 269/285/1 368/284/1 270/282/1
f 269/285/1 369/286/1 368/284/1
f 269/285/1 370/287/1 369/286/1
f 268/288/1 370/287/1 269/285/1
f 268/288/1 371/289/1 370/287/1
f 267/290/1 371/289/1 268/288/1
f 267/290/1 372/291/1 371/289/1
f 267/290/1 373/292/1 372/291/1
f 266/293/1 373/292/1 267/290/1
f 266/293/1 374/294/1 373/292/1
f 265/295/1 374/294/1 266/293/1
f 265/295/1 375/296/1 374/294/1
f 265/295/1 376/297/1 375/296/1
f 264/298/1 376/297/1 265/295/1
f 264/298/1 377/299/1 376/297/1
f 264/298/1 378/300/1 377/299/1
f 399/301/1 334/265/1 400/274/1
f 263/302/1 378/300/1 264/298/1
f 263/302/1 379/303/1 378/300/1
f 398/304/1 334/265/1 399/301/1
f 397/305/1 334/265/1 398/304/1
f 263/302/1 380/306/1 379/303/1
f 359/307/1 361/308/1 360/309/1
f 397/305/1 335/310/1 334/265/1
f 358/311/1 361/308/1 359/307/1
f 396/312/1 335/310/1 397/305/1
f 396/312/1 336/313/1 335/310/1
f 262/314/1 380/306/1 263/302/1
f 262/314/1 381/315/1 380/306/1
f 357/316/1 361/308/1 358/311/1
f 395/317/1 336/313/1 396/312/1
f 395/317/1 337/318/1 336/313/1
f 356/319/1 361/308/1 357/316/1
f 262/314/1 382/320/1 381/315/1
f 395/317/1 338/321/1 337/318/1
f 394/322/1 338/321/1 395/317/1
f 355/323/1 361/308/1 356/319/1
f 394/322/1 339/324/1 338/321/1
f 354/325/1 361/308/1 355/323/1
f 393/326/1 339/324/1 394/322/1
f 262/314/1 383/327/1 382/320/1
f 393/326/1 340/328/1 339/324/1
f 353/329/1 361/308/1 354/325/1
f 392/330/1 340/328/1 393/326/1
f 261/331/1 383/327/1 262/314/1
f 392/330/1 341/332/1 340/328/1
f 352/333/1 361/308/1 353/329/1
f 261/331/1 384/334/1 383/327/1
f 392/330/1 342/335/1 341/332/1
f 391/336/1 342/335/1 392/330/1
f 351/337/1 361/308/1 352/333/1
f 391/336/1 343/338/1 342/335/1
f 350/339/1 361/308/1 351/337/1
f 261/331/1 385/340/1 384/334/1
f 391/336/1 344/341/1 343/338/1
f 390/342/1 344/341/1 391/336/1
f 349/343/1 361/308/1 350/339/1
f 390/342/1 345/344/1 344/341/1
f 348/345/1 361/308/1 349/343/1
f 390/342/1 346/346/1 345/344/1
f 389/347/1 346/346/1 390/342/1
f 347/348/1 361/308/1 348/345/1
f 389/347/1 347/348/1 346/346/1
f 389/347/1 361/308/1 347/348/1
f 261/331/1 386/349/1 385/340/1
f 388/350/1 361/308/1 389/347/1
f 261/331/1 387/351/1 386/349/1
f 387/351/1 361/308/1 388/350/1
f 261/331/1 239/352/1 387/351/1
f 239/352/1 361/308/1 387/351/1
f 260/353/1 239/352/1 261/331/1
f 259/354/1 239/352/1 260/353/1
f 259/354/1 240/355/1 239/352/1
f 238/356/1 361/308/1 239/352/1
f 259/354/1 241/357/1 240/355/1
f 237/358/1 361/308/1 238/356/1
f 258/359/1 241/357/1 259/354/1
f 237/358/1 214/91/1 361/308/1
f 258/359/1 242/360/1 241/357/1
f 236/361/1 214/91/1 237/358/1
f 236/361/1 215/362/1 214/91/1
f 257/363/1 242/360/1 258/359/1
f 257/363/1 243/364/1 242/360/1
f 235/365/1 215/362/1 236/361/1
f 235/365/1 216/366/1 215/362/1
f 257/363/1 244/367/1 243/364/1
f 234/368/1 216/366/1 235/365/1
f 256/369/1 244/367/1 257/363/1
f 234/368/1 217/370/1 216/366/1
f 256/369/1 245/371/1 244/367/1
f 233/372/1 217/370/1 234/368/1
f 233/372/1 218/373/1 217/370/1
f 255/374/1 245/371/1 256/369/1
f 255/374/1 246/375/1 245/371/1
f 232/376/1 218/373/1 233/372/1
f 232/376/1 219/377/1 218/373/1
f 255/374/1 247/378/1 246/375/1
f 231/379/1 219/377/1 232/376/1
f 231/379/1 220/380/1 219/377/1
f 254/381/1 247/378/1 255/374/1
f 254/381/1 248/382/1 247/378/1
f 230/383/1 220/380/1 231/379/1
f 230/383/1 221/384/1 220/380/1
f 254/381/1 249/385/1 248/382/1
f 230/383/1 222/386/1 221/384/1
f 229/387/1 222/386/1 230/383/1
f 253/388/1 249/385/1 254/381/1
f 229/387/1 223/389/1 222/386/1
f 253/388/1 250/390/1 249/385/1
f 228/391/1 223/389/1 229/387/1
f 228/391/1 224/392/1 223/389/1
f 253/388/1 251/393/1 250/390/1
f 227/394/1 224/392/1 228/391/1
f 252/395/1 251/393/1 253/388/1
f 227/394/1 225/396/1 224/392/1
f 226/397/1 225/396/1 227/394/1
f 402/91/1 484/398/1 403/399/1
f 484/398/1 404/400/1 403/399/1
f 484/398/1 405/401/1 404/400/1
f 484/398/1 406/402/1 405/401/1
f 484/398/1 407/403/1 406/402/1
f 484/398/1 408/404/1 407/403/1
f 484/398/1 409/405/1 408/404/1
f 484/398/1 410/406/1 409/405/1
f 484/398/1 411/407/1 410/406/1
f 484/398/1 483/408/1 411/407/1
f 483/408/1 412/409/1 411/407/1
f 402/91/1 485/51/1 484/398/1
f 482/410/1 412/409/1 483/408/1
f 481/411/1 412/409/1 482/410/1
f 480/412/1 412/409/1 481/411/1
f 480/412/1 413/413/1 412/409/1
f 479/414/1 413/413/1 480/412/1
f 478/415/1 413/413/1 479/414/1
f 477/416/1 413/413/1 478/415/1
f 477/416/1 414/417/1 413/413/1
f 476/418/1 414/417/1 477/416/1
f 475/419/1 414/417/1 476/418/1
f 475/419/1 415/420/1 414/417/1
f 474/421/1 415/420/1 475/419/1
f 473/422/1 415/420/1 474/421/1
f 473/422/1 416/423/1 415/420/1
f 472/424/1 416/423/1 473/422/1
f 471/425/1 416/423/1 472/424/1
f 471/425/1 417/426/1 416/423/1
f 470/427/1 417/426/1 471/425/1
f 469/428/1 417/426/1 470/427/1
f 469/428/1 418/429/1 417/426/1
f 468/430/1 418/429/1 469/428/1
f 468/430/1 419/431/1 418/429/1
f 467/432/1 419/431/1 468/430/1
f 466/433/1 419/431/1 467/432/1
f 466/433/1 420/434/1 419/431/1
f 465/435/1 420/434/1 466/433/1
f 465/435/1 421/436/1 420/434/1
f 464/437/1 421/436/1 465/435/1
f 463/438/1 421/436/1 464/437/1
f 463/438/1 422/439/1 421/436/1
f 462/440/1 422/439/1 463/438/1
f 461/441/1 422/439/1 462/440/1
f 402/91/1 445/442/1 485/51/1
f 402/91/1 446/443/1 445/442/1
f 460/444/1 422/439/1 461/441/1
f 460/444/1 423/445/1 422/439/1
f 402/91/1 447/446/1 446/443/1
f 402/91/1 448/447/1 447/446/1
f 402/91/1 443/448/1 448/447/1
f 443/448/1 449/449/1 448/447/1
f 459/450/1 423/445/1 460/444/1
f 443/448/1 450/451/1 449/449/1
f 443/448/1 451/452/1 450/451/1
f 458/453/1 423/445/1 459/450/1
f 443/448/1 452/454/1 451/452/1
f 443/448/1 453/455/1 452/454/1
f 443/448/1 454/456/1 453/455/1
f 457/457/1 423/445/1 458/453/1
f 443/448/1 455/458/1 454/456/1
f 443/448/1 456/459/1 455/458/1
f 443/448/1 457/457/1 456/459/1
f 443/448/1 423/445/1 457/457/1
f 443/448/1 424/460/1 423/445/1
f 443/448/1 425/461/1 424/460/1
f 443/448/1 426/462/1 425/461/1
f 443/448/1 427/463/1 426/462/1
f 402/91/1 444/464/1 443/448/1
f 442/465/1 427/463/1 443/448/1
f 441/466/1 427/463/1 442/465/1
f 441/466/1 428/467/1 427/463/1
f 440/468/1 428/467/1 441/466/1
f 439/469/1 428/467/1 440/468/1
f 438/470/1 428/467/1 439/469/1
f 437/471/1 428/467/1 438/470/1
f 437/471/1 429/472/1 428/467/1
f 436/473/1 429/472/1 437/471/1
f 435/474/1 429/472/1 436/473/1
f 434/475/1 429/472/1 435/474/1
f 433/476/1 429/472/1 434/475/1
f 433/476/1 430/477/1 429/472/1
f 432/478/1 430/477/1 433/476/1
f 431/479/1 430/477/1 432/478/1
f 602/480/1 604/481/1 603/482/1
f 602/480/1 605/483/1 604/481/1
f 602/480/1 606/484/1 605/483/1
f 601/485/1 606/484/1 602/480/1
f 601/485/1 607/486/1 606/484/1
f 601/485/1 608/487/1 607/486/1
f 600/488/1 608/487/1 601/485/1
f 600/488/1 609/489/1 608/487/1
f 600/488/1 610/490/1 609/489/1
f 599/491/1 610/490/1 600/488/1
f 599/491/1 611/492/1 610/490/1
f 599/491/1 612/493/1 611/492/1
f 598/494/1 612/493/1 599/491/1
f 598/494/1 613/495/1 612/493/1
f 598/494/1 614/496/1 613/495/1
f 597/497/1 614/496/1 598/494/1
f 597/497/1 615/498/1 614/496/1
f 597/497/1 616/499/1 615/498/1
f 596/500/1 616/499/1 597/497/1
f 596/500/1 495/501/1 616/499/1
f 495/501/1 494/502/1 616/499/1
f 494/502/1 493/503/1 616/499/1
f 493/503/1 492/504/1 616/499/1
f 492/504/1 491/505/1 616/499/1
f 491/505/1 490/506/1 616/499/1
f 490/506/1 489/507/1 616/499/1
f 489/507/1 488/508/1 616/499/1
f 488/508/1 487/509/1 616/499/1
f 487/509/1 486/91/1 616/499/1
f 486/91/1 617/51/1 616/499/1
f 595/510/1 496/511/1 596/500/1
f 496/511/1 495/501/1 596/500/1
f 594/512/1 498/513/1 595/510/1
f 498/513/1 497/514/1 595/510/1
f 497/514/1 496/511/1 595/510/1
f 594/512/1 499/515/1 498/513/1
f 594/512/1 500/516/1 499/515/1
f 594/512/1 501/517/1 500/516/1
f 593/518/1 501/517/1 594/512/1
f 593/518/1 502/519/1 501/517/1
f 593/518/1 503/520/1 502/519/1
f 593/518/1 504/521/1 503/520/1
f 593/518/1 505/522/1 504/521/1
f 592/523/1 505/522/1 593/518/1
f 592/523/1 506/524/1 505/522/1
f 592/523/1 507/525/1 506/524/1
f 592/523/1 508/526/1 507/525/1
f 591/527/1 508/526/1 592/523/1
f 591/527/1 509/528/1 508/526/1
f 591/527/1 510/529/1 509/528/1
f 590/530/1 510/529/1 591/527/1
f 590/530/1 511/531/1 510/529/1
f 590/530/1 512/532/1 511/531/1
f 589/533/1 512/532/1 590/530/1
f 589/533/1 513/534/1 512/532/1
f 589/533/1 514/535/1 513/534/1
f 588/536/1 514/535/1 589/533/1
f 588/536/1 515/537/1 514/535/1
f 587/538/1 515/537/1 588/536/1
f 587/538/1 516/539/1 515/537/1
f 587/538/1 517/540/1 516/539/1
f 586/541/1 517/540/1 587/538/1
f 586/541/1 518/542/1 517/540/1
f 585/543/1 518/542/1 586/541/1
f 585/543/1 519/544/1 518/542/1
f 584/545/1 519/544/1 585/543/1
f 584/545/1 520/546/1 519/544/1
f 583/547/1 520/546/1 584/545/1
f 583/547/1 521/548/1 520/546/1
f 582/549/1 521/548/1 583/547/1
f 582/549/1 522/550/1 521/548/1
f 581/551/1 522/550/1 582/549/1
f 580/552/1 522/550/1 581/551/1
f 580/552/1 523/553/1 522/550/1
f 579/554/1 523/553/1 580/552/1
f 579/554/1 524/555/1 523/553/1
f 578/556/1 524/555/1 579/554/1
f 577/557/1 524/555/1 578/556/1
f 550/558/1 552/559/1 551/560/1
f 577/557/1 525/561/1 524/555/1
f 576/562/1 525/561/1 577/557/1
f 550/558/1 553/563/1 552/559/1
f 575/564/1 525/561/1 576/562/1
f 575/564/1 526/565/1 525/561/1
f 550/558/1 554/566/1 553/563/1
f 574/567/1 526/565/1 575/564/1
f 550/558/1 555/568/1 554/566/1
f 573/569/1 526/565/1 574/567/1
f 573/569/1 527/570/1 526/565/1
f 572/571/1 527/570/1 573/569/1
f 550/558/1 556/572/1 555/568/1
f 571/573/1 527/570/1 572/571/1
f 550/558/1 557/574/1 556/572/1
f 570/575/1 527/570/1 571/573/1
f 550/558/1 558/576/1 557/574/1
f 570/575/1 528/577/1 527/570/1
f 569/578/1 528/577/1 570/575/1
f 550/558/1 559/579/1 558/576/1
f 568/580/1 528/577/1 569/578/1
f 550/558/1 560/581/1 559/579/1
f 567/582/1 528/577/1 568/580/1
f 550/558/1 561/583/1 560/581/1
f 567/582/1 529/584/1 528/577/1
f 566/585/1 529/584/1 567/582/1
f 550/558/1 562/586/1 561/583/1
f 565/587/1 529/584/1 566/585/1
f 550/558/1 563/588/1 562/586/1
f 564/589/1 529/584/1 565/587/1
f 550/558/1 564/589/1 563/588/1
f 550/558/1 529/584/1 564/589/1
f 550/558/1 530/590/1 529/584/1
f 549/591/1 530/590/1 550/558/1
f 549/591/1 531/592/1 530/590/1
f 548/593/1 531/592/1 549/591/1
f 548/593/1 532/594/1 531/592/1
f 547/595/1 532/594/1 548/593/1
f 546/596/1 532/594/1 547/595/1
f 546/596/1 533/597/1 532/594/1
f 545/598/1 533/597/1 546/596/1
f 544/599/1 533/597/1 545/598/1
f 544/599/1 534/600/1 533/597/1
f 543/601/1 534/600/1 544/599/1
f 542/602/1 534/600/1 543/601/1
f 542/602/1 535/603/1 534/600/1
f 541/604/1 535/603/1 542/602/1
f 540/605/1 535/603/1 541/604/1
f 540/605/1 536/606/1 535/603/1
f 539/607/1 536/606/1 540/605/1
f 538/608/1 536/606/1 539/607/1
f 538/608/1 537/609/1 536/606/1
f 675/610/1 677/611/1 676/612/1
f 675/610/1 678/51/1 677/611/1
f 630/152/1 632/613/1 631/614/1
f 629/615/1 632/613/1 630/152/1
f 629/615/1 633/616/1 632/613/1
f 628/617/1 633/616/1 629/615/1
f 627/618/1 633/616/1 628/617/1
f 627/618/1 634/164/1 633/616/1
f 626/143/1 634/164/1 627/618/1
f 626/143/1 635/619/1 634/164/1
f 625/620/1 635/619/1 626/143/1
f 624/621/1 635/619/1 625/620/1
f 624/621/1 636/622/1 635/619/1
f 623/623/1 636/622/1 624/621/1
f 622/127/1 636/622/1 623/623/1
f 622/127/1 637/624/1 636/622/1
f 621/625/1 637/624/1 622/127/1
f 621/625/1 638/180/1 637/624/1
f 620/626/1 638/180/1 621/625/1
f 619/627/1 638/180/1 620/626/1
f 619/627/1 639/628/1 638/180/1
f 618/91/1 639/628/1 619/627/1
f 675/610/1 618/91/1 678/51/1
f 675/610/1 673/629/1 618/91/1
f 673/629/1 672/630/1 618/91/1
f 672/630/1 671/631/1 618/91/1
f 671/631/1 670/110/1 618/91/1
f 670/110/1 669/632/1 618/91/1
f 669/632/1 668/633/1 618/91/1
f 668/633/1 667/634/1 618/91/1
f 667/634/1 666/137/1 618/91/1
f 666/137/1 665/635/1 618/91/1
f 665/635/1 664/636/1 618/91/1
f 664/636/1 663/637/1 618/91/1
f 663/637/1 662/161/1 618/91/1
f 662/161/1 661/638/1 618/91/1
f 661/638/1 660/639/1 618/91/1
f 660/639/1 639/628/1 618/91/1
f 660/639/1 659/640/1 639/628/1
f 659/640/1 640/641/1 639/628/1
f 658/194/1 640/641/1 659/640/1
f 657/642/1 640/641/1 658/194/1
f 656/643/1 640/641/1 657/642/1
f 655/644/1 640/641/1 656/643/1
f 655/644/1 641/645/1 640/641/1
f 654/209/1 641/645/1 655/644/1
f 653/646/1 641/645/1 654/209/1
f 652/647/1 641/645/1 653/646/1
f 652/647/1 642/187/1 641/645/1
f 651/648/1 642/187/1 652/647/1
f 650/200/1 642/187/1 651/648/1
f 650/200/1 643/649/1 642/187/1
f 675/610/1 674/118/1 673/629/1
f 649/650/1 643/649/1 650/200/1
f 648/57/1 643/649/1 649/650/1
f 648/57/1 644/651/1 643/649/1
f 647/652/1 644/651/1 648/57/1
f 646/176/1 644/651/1 647/652/1
f 646/176/1 645/653/1 644/651/1
f 808/654/1 810/655/1 809/656/1
f 808/654/1 811/629/1 810/655/1
f 807/657/1 811/629/1 808/654/1
f 807/657/1 812/658/1 811/629/1
f 807/657/1 813/659/1 812/658/1
f 806/660/1 813/659/1 807/657/1
f 806/660/1 814/661/1 813/659/1
f 806/660/1 815/662/1 814/661/1
f 805/663/1 815/662/1 806/660/1
f 805/663/1 816/664/1 815/662/1
f 805/663/1 817/665/1 816/664/1
f 804/666/1 817/665/1 805/663/1
f 804/666/1 818/667/1 817/665/1
f 804/666/1 819/668/1 818/667/1
f 803/669/1 819/668/1 804/666/1
f 803/669/1 820/670/1 819/668/1
f 803/669/1 821/671/1 820/670/1
f 802/672/1 821/671/1 803/669/1
f 802/672/1 822/673/1 821/671/1
f 802/672/1 686/674/1 822/673/1
f 686/674/1 685/675/1 822/673/1
f 685/675/1 684/676/1 822/673/1
f 684/676/1 683/677/1 822/673/1
f 683/677/1 682/678/1 822/673/1
f 682/678/1 681/679/1 822/673/1
f 681/679/1 680/680/1 822/673/1
f 680/680/1 679/91/1 822/673/1
f 679/91/1 823/51/1 822/673/1
f 801/681/1 687/682/1 802/672/1
f 687/682/1 686/674/1 802/672/1
f 800/683/1 689/684/1 801/681/1
f 689/684/1 688/685/1 801/681/1
f 688/685/1 687/682/1 801/681/1
f 799/633/1 691/623/1 800/683/1
f 691/623/1 690/686/1 800/683/1
f 690/686/1 689/684/1 800/683/1
f 798/687/1 692/688/1 799/633/1
f 692/688/1 691/623/1 799/633/1
f 798/687/1 693/689/1 692/688/1
f 798/687/1 694/690/1 693/689/1
f 798/687/1 695/691/1 694/690/1
f 798/687/1 696/692/1 695/691/1
f 798/687/1 697/693/1 696/692/1
f 798/687/1 698/694/1 697/693/1
f 797/695/1 698/694/1 798/687/1
f 797/695/1 699/696/1 698/694/1
f 797/695/1 700/697/1 699/696/1
f 797/695/1 701/698/1 700/697/1
f 797/695/1 702/699/1 701/698/1
f 796/700/1 702/699/1 797/695/1
f 796/700/1 703/617/1 702/699/1
f 796/700/1 704/701/1 703/617/1
f 796/700/1 705/702/1 704/701/1
f 795/703/1 705/702/1 796/700/1
f 795/703/1 706/704/1 705/702/1
f 795/703/1 707/705/1 706/704/1
f 795/703/1 708/706/1 707/705/1
f 795/703/1 709/707/1 708/706/1
f 795/703/1 710/708/1 709/707/1
f 794/709/1 710/708/1 795/703/1
f 794/709/1 711/710/1 710/708/1
f 794/709/1 712/711/1 711/710/1
f 794/709/1 713/712/1 712/711/1
f 793/713/1 713/712/1 794/709/1
f 793/713/1 714/714/1 713/712/1
f 793/713/1 715/616/1 714/714/1
f 793/713/1 716/715/1 715/616/1
f 792/716/1 716/715/1 793/713/1
f 792/716/1 717/717/1 716/715/1
f 792/716/1 718/718/1 717/717/1
f 791/719/1 718/718/1 792/716/1
f 791/719/1 719/720/1 718/718/1
f 790/721/1 719/720/1 791/719/1
f 790/721/1 720/722/1 719/720/1
f 790/721/1 721/723/1 720/722/1
f 789/724/1 721/723/1 790/721/1
f 789/724/1 722/725/1 721/723/1
f 788/726/1 722/725/1 789/724/1
f 788/726/1 723/727/1 722/725/1
f 788/726/1 724/728/1 723/727/1
f 787/637/1 724/728/1 788/726/1
f 787/637/1 725/729/1 724/728/1
f 786/730/1 725/729/1 787/637/1
f 786/730/1 726/731/1 725/729/1
f 786/730/1 727/180/1 726/731/1
f 785/732/1 727/180/1 786/730/1
f 785/732/1 728/733/1 727/180/1
f 784/734/1 728/733/1 785/732/1
f 784/734/1 729/735/1 728/733/1
f 783/736/1 729/735/1 784/734/1
f 783/736/1 730/737/1 729/735/1
f 756/738/1 758/739/1 757/740/1
f 783/736/1 731/741/1 730/737/1
f 782/742/1 731/741/1 783/736/1
f 756/738/1 759/743/1 758/739/1
f 781/744/1 731/741/1 782/742/1
f 756/738/1 760/745/1 759/743/1
f 780/746/1 731/741/1 781/744/1
f 780/746/1 732/747/1 731/741/1
f 756/738/1 761/748/1 760/745/1
f 779/749/1 732/747/1 780/746/1
f 756/738/1 762/750/1 761/748/1
f 778/751/1 732/747/1 779/749/1
f 756/738/1 763/646/1 762/750/1
f 777/752/1 732/747/1 778/751/1
f 777/752/1 733/753/1 732/747/1
f 756/738/1 764/754/1 763/646/1
f 776/755/1 733/753/1 777/752/1
f 775/194/1 733/753/1 776/755/1
f 756/738/1 765/756/1 764/754/1
f 774/757/1 733/753/1 775/194/1
f 756/738/1 766/758/1 765/756/1
f 773/759/1 733/753/1 774/757/1
f 756/738/1 767/760/1 766/758/1
f 773/759/1 734/761/1 733/753/1
f 772/762/1 734/761/1 773/759/1
f 756/738/1 768/763/1 767/760/1
f 771/764/1 734/761/1 772/762/1
f 756/738/1 769/765/1 768/763/1
f 770/766/1 734/761/1 771/764/1
f 756/738/1 770/766/1 769/765/1
f 756/738/1 734/761/1 770/766/1
f 756/738/1 735/767/1 734/761/1
f 756/738/1 736/768/1 735/767/1
f 756/738/1 737/769/1 736/768/1
f 755/770/1 737/769/1 756/738/1
f 754/771/1 737/769/1 755/770/1
f 754/771/1 738/772/1 737/769/1
f 753/773/1 738/772/1 754/771/1
f 752/774/1 738/772/1 753/773/1
f 752/774/1 739/649/1 738/772/1
f 751/57/1 739/649/1 752/774/1
f 750/775/1 739/649/1 751/57/1
f 750/775/1 740/776/1 739/649/1
f 749/777/1 740/776/1 750/775/1
f 749/777/1 741/778/1 740/776/1
f 748/779/1 741/778/1 749/777/1
f 747/780/1 741/778/1 748/779/1
f 747/780/1 742/781/1 741/778/1
f 746/782/1 742/781/1 747/780/1
f 745/783/1 742/781/1 746/782/1
f 745/783/1 743/784/1 742/781/1
f 744/785/1 743/784/1 745/783/1
f 850/786/1 852/787/1 851/788/1
f 850/786/1 853/789/1 852/787/1
f 879/790/1 881/791/1 880/792/1
f 879/790/1 882/793/1 881/791/1
f 849/794/1 853/789/1 850/786/1
f 849/794/1 854/795/1 853/789/1
f 849/794/1 855/796/1 854/795/1
f 848/797/1 855/796/1 849/794/1
f 848/797/1 856/798/1 855/796/1
f 878/799/1 882/793/1 879/790/1
f 848/797/1 857/800/1 856/798/1
f 847/801/1 857/800/1 848/797/1
f 877/802/1 882/793/1 878/799/1
f 847/801/1 858/803/1 857/800/1
f 876/804/1 882/793/1 877/802/1
f 847/801/1 859/805/1 858/803/1
f 875/806/1 882/793/1 876/804/1
f 846/807/1 859/805/1 847/801/1
f 874/808/1 882/793/1 875/806/1
f 846/807/1 860/809/1 859/805/1
f 873/810/1 824/91/1 874/808/1
f 824/91/1 882/793/1 874/808/1
f 846/807/1 861/811/1 860/809/1
f 872/812/1 824/91/1 873/810/1
f 846/807/1 862/813/1 861/811/1
f 845/814/1 862/813/1 846/807/1
f 871/815/1 824/91/1 872/812/1
f 845/814/1 863/816/1 862/813/1
f 870/817/1 824/91/1 871/815/1
f 869/818/1 824/91/1 870/817/1
f 845/814/1 864/819/1 863/816/1
f 868/820/1 824/91/1 869/818/1
f 845/814/1 865/821/1 864/819/1
f 867/822/1 824/91/1 868/820/1
f 845/814/1 866/823/1 865/821/1
f 866/823/1 824/91/1 867/822/1
f 845/814/1 824/91/1 866/823/1
f 844/824/1 824/91/1 845/814/1
f 844/824/1 825/825/1 824/91/1
f 883/51/1 882/793/1 824/91/1
f 844/824/1 826/826/1 825/825/1
f 843/827/1 826/826/1 844/824/1
f 843/827/1 827/828/1 826/826/1
f 843/827/1 828/829/1 827/828/1
f 842/830/1 828/829/1 843/827/1
f 842/830/1 829/831/1 828/829/1
f 841/832/1 829/831/1 842/830/1
f 841/832/1 830/833/1 829/831/1
f 841/832/1 831/834/1 830/833/1
f 840/835/1 831/834/1 841/832/1
f 840/835/1 832/836/1 831/834/1
f 840/835/1 833/837/1 832/836/1
f 839/838/1 833/837/1 840/835/1
f 839/838/1 834/839/1 833/837/1
f 838/840/1 834/839/1 839/838/1
f 838/840/1 835/841/1 834/839/1
f 838/840/1 836/842/1 835/841/1
f 837/843/1 836/842/1 838/840/1
f 912/787/1 942/793/1 913/789/1
f 942/793/1 914/795/1 913/789/1
f 942/793/1 884/91/1 914/795/1
f 942/793/1 885/825/1 884/91/1
f 942/793/1 886/826/1 885/825/1
f 942/793/1 887/828/1 886/826/1
f 942/793/1 888/829/1 887/828/1
f 942/793/1 889/831/1 888/829/1
f 942/793/1 890/833/1 889/831/1
f 942/793/1 891/834/1 890/833/1
f 942/793/1 941/791/1 891/834/1
f 941/791/1 940/792/1 891/834/1
f 940/792/1 892/836/1 891/834/1
f 912/787/1 943/51/1 942/793/1
f 939/790/1 892/836/1 940/792/1
f 938/799/1 892/836/1 939/790/1
f 937/802/1 892/836/1 938/799/1
f 936/804/1 892/836/1 937/802/1
f 936/804/1 893/837/1 892/836/1
f 935/806/1 893/837/1 936/804/1
f 934/808/1 893/837/1 935/806/1
f 934/808/1 894/839/1 893/837/1
f 933/810/1 894/839/1 934/808/1
f 932/812/1 894/839/1 933/810/1
f 931/815/1 894/839/1 932/812/1
f 931/815/1 895/841/1 894/839/1
f 930/817/1 895/841/1 931/815/1
f 929/818/1 895/841/1 930/817/1
f 929/818/1 896/842/1 895/841/1
f 928/820/1 896/842/1 929/818/1
f 927/822/1 896/842/1 928/820/1
f 927/822/1 897/843/1 896/842/1
f 926/823/1 897/843/1 927/822/1
f 926/823/1 898/840/1 897/843/1
f 925/821/1 898/840/1 926/823/1
f 924/819/1 898/840/1 925/821/1
f 924/819/1 899/838/1 898/840/1
f 923/816/1 899/838/1 924/819/1
f 922/813/1 899/838/1 923/816/1
f 922/813/1 900/835/1 899/838/1
f 921/811/1 900/835/1 922/813/1
f 920/809/1 900/835/1 921/811/1
f 919/805/1 900/835/1 920/809/1
f 919/805/1 901/832/1 900/835/1
f 918/803/1 901/832/1 919/805/1
f 917/800/1 901/832/1 918/803/1
f 916/798/1 901/832/1 917/800/1
f 915/796/1 901/832/1 916/798/1
f 912/787/1 910/786/1 943/51/1
f 910/786/1 915/796/1 943/51/1
f 910/786/1 901/832/1 915/796/1
f 910/786/1 902/830/1 901/832/1
f 910/786/1 903/827/1 902/830/1
f 910/786/1 904/824/1 903/827/1
f 910/786/1 905/814/1 904/824/1
f 910/786/1 906/807/1 905/814/1
f 910/786/1 907/801/1 906/807/1
f 910/786/1 908/797/1 907/801/1
f 910/786/1 909/794/1 908/797/1
f 912/787/1 911/788/1 910/786/1
f 981/1/2 982/3/2 983/2/2
f 981/1/2 983/2/2 984/4/2
f 980/5/2 981/1/2 984/4/2
f 980/5/2 984/4/2 985/6/2
f 979/7/2 980/5/2 985/6/2
f 979/7/2 985/6/2 986/8/2
f 978/9/2 979/7/2 986/8/2
f 978/9/2 986/8/2 987/10/2
f 977/11/2 978/9/2 987/10/2
f 977/11/2 987/10/2 988/12/2
f 976/13/2 977/11/2 988/12/2
f 976/13/2 988/12/2 989/14/2
f 975/15/2 976/13/2 989/14/2
f 975/15/2 989/14/2 1036/16/2
f 1036/16/2 989/14/2 1035/17/2
f 1035/17/2 989/14/2 990/18/2
f 974/19/2 975/15/2 1037/20/2
f 1037/20/2 975/15/2 1036/16/2
f 974/19/2 1037/20/2 1038/21/2
f 1034/22/2 1035/17/2 990/18/2
f 974/19/2 1038/21/2 1039/23/2
f 1033/24/2 1034/22/2 990/18/2
f 974/19/2 1039/23/2 1040/25/2
f 1032/26/2 1033/24/2 990/18/2
f 974/19/2 1040/25/2 1041/27/2
f 1031/28/2 1032/26/2 990/18/2
f 1031/28/2 990/18/2 991/29/2
f 973/30/2 974/19/2 1041/27/2
f 973/30/2 1041/27/2 1042/31/2
f 1030/32/2 1031/28/2 991/29/2
f 973/30/2 1042/31/2 1043/33/2
f 1029/34/2 1030/32/2 991/29/2
f 973/30/2 1043/33/2 1044/35/2
f 1028/36/2 1029/34/2 991/29/2
f 972/37/2 973/30/2 1044/35/2
f 1028/36/2 991/29/2 992/38/2
f 972/37/2 1044/35/2 1045/39/2
f 1027/40/2 1028/36/2 992/38/2
f 972/37/2 1045/39/2 1046/41/2
f 1026/42/2 1027/40/2 992/38/2
f 971/43/2 972/37/2 1046/41/2
f 971/43/2 1046/41/2 1047/44/2
f 1025/45/2 1026/42/2 992/38/2
f 1025/45/2 992/38/2 993/46/2
f 971/43/2 1047/44/2 1048/47/2
f 1024/48/2 1025/45/2 993/46/2
f 970/49/2 971/43/2 1048/47/2
f 970/49/2 1048/47/2 1049/50/2
f 1050/51/2 1024/48/2 993/46/2
f 1050/51/2 993/46/2 994/52/2
f 970/49/2 1049/50/2 1050/51/2
f 970/49/2 1050/51/2 994/52/2
f 969/53/2 970/49/2 994/52/2
f 969/53/2 994/52/2 995/54/2
f 968/55/2 969/53/2 996/56/2
f 996/56/2 969/53/2 995/54/2
f 968/55/2 996/56/2 997/57/2
f 967/58/2 968/55/2 997/57/2
f 967/58/2 997/57/2 998/59/2
f 966/60/2 967/58/2 998/59/2
f 966/60/2 998/59/2 999/61/2
f 966/60/2 999/61/2 1000/62/2
f 965/63/2 966/60/2 1000/62/2
f 965/63/2 1000/62/2 1001/64/2
f 1021/65/2 1022/67/2 1023/66/2
f 965/63/2 1001/64/2 1002/68/2
f 1020/69/2 1021/65/2 1023/66/2
f 964/70/2 965/63/2 1002/68/2
f 964/70/2 1002/68/2 1003/71/2
f 1019/72/2 1020/69/2 1023/66/2
f 1018/73/2 1019/72/2 1023/66/2
f 964/70/2 1003/71/2 1004/74/2
f 1017/75/2 1018/73/2 1023/66/2
f 1016/76/2 1017/75/2 1023/66/2
f 963/77/2 964/70/2 1004/74/2
f 963/77/2 1004/74/2 1005/78/2
f 1015/79/2 1016/76/2 1023/66/2
f 963/77/2 1005/78/2 1006/80/2
f 1014/81/2 1015/79/2 1023/66/2
f 1013/82/2 1014/81/2 1023/66/2
f 963/77/2 1006/80/2 1007/83/2
f 1012/84/2 1013/82/2 1023/66/2
f 963/77/2 1007/83/2 1008/85/2
f 1011/86/2 1012/84/2 1023/66/2
f 1010/87/2 1011/86/2 1023/66/2
f 963/77/2 1008/85/2 1009/88/2
f 1009/88/2 1010/87/2 1023/66/2
f 963/77/2 1009/88/2 1023/66/2
f 962/89/2 963/77/2 1023/66/2
f 961/90/2 962/89/2 1023/66/2
f 961/90/2 1023/66/2 944/91/2
f 961/90/2 944/91/2 945/92/2
f 960/93/2 961/90/2 945/92/2
f 960/93/2 945/92/2 946/94/2
f 960/93/2 946/94/2 947/95/2
f 959/96/2 960/93/2 947/95/2
f 959/96/2 947/95/2 948/97/2
f 959/96/2 948/97/2 949/98/2
f 958/99/2 959/96/2 949/98/2
f 958/99/2 949/98/2 950/100/2
f 958/99/2 950/100/2 951/101/2
f 957/102/2 958/99/2 951/101/2
f 957/102/2 951/101/2 952/103/2
f 957/102/2 952/103/2 953/104/2
f 957/102/2 953/104/2 954/105/2
f 956/106/2 957/102/2 954/105/2
f 956/106/2 954/105/2 955/107/2
f 1141/108/2 1142/110/2 1143/109/2
f 1141/108/2 1143/109/2 1144/111/2
f 1141/108/2 1144/111/2 1145/112/2
f 1140/113/2 1141/108/2 1145/112/2
f 1140/113/2 1145/112/2 1146/114/2
f 1140/113/2 1146/114/2 1147/115/2
f 1140/113/2 1147/115/2 1148/116/2
f 1139/117/2 1140/113/2 1148/116/2
f 1139/117/2 1148/116/2 1149/118/2
f 1139/117/2 1149/118/2 1150/119/2
f 1139/117/2 1150/119/2 1151/120/2
f 1138/121/2 1139/117/2 1151/120/2
f 1138/121/2 1151/120/2 1152/122/2
f 1138/121/2 1152/122/2 1153/123/2
f 1138/121/2 1153/123/2 1154/124/2
f 1137/125/2 1138/121/2 1154/124/2
f 1137/125/2 1154/124/2 1155/126/2
f 1137/125/2 1155/126/2 1058/127/2
f 1058/127/2 1155/126/2 1057/128/2
f 1057/128/2 1155/126/2 1056/129/2
f 1056/129/2 1155/126/2 1055/130/2
f 1055/130/2 1155/126/2 1054/131/2
f 1054/131/2 1155/126/2 1053/132/2
f 1053/132/2 1155/126/2 1052/133/2
f 1052/133/2 1155/126/2 1051/91/2
f 1051/91/2 1155/126/2 1156/51/2
f 1136/134/2 1137/125/2 1060/135/2
f 1060/135/2 1137/125/2 1059/136/2
f 1059/136/2 1137/125/2 1058/127/2
f 1135/137/2 1136/134/2 1062/138/2
f 1062/138/2 1136/134/2 1061/139/2
f 1061/139/2 1136/134/2 1060/135/2
f 1134/140/2 1135/137/2 1064/141/2
f 1064/141/2 1135/137/2 1063/142/2
f 1063/142/2 1135/137/2 1062/138/2
f 1134/140/2 1064/141/2 1065/143/2
f 1134/140/2 1065/143/2 1066/144/2
f 1134/140/2 1066/144/2 1067/145/2
f 1133/146/2 1134/140/2 1067/145/2
f 1133/146/2 1067/145/2 1068/147/2
f 1133/146/2 1068/147/2 1069/148/2
f 1133/146/2 1069/148/2 1070/149/2
f 1132/150/2 1133/146/2 1070/149/2
f 1132/150/2 1070/149/2 1071/151/2
f 1132/150/2 1071/151/2 1072/152/2
f 1131/153/2 1132/150/2 1072/152/2
f 1131/153/2 1072/152/2 1073/154/2
f 1131/153/2 1073/154/2 1074/155/2
f 1130/156/2 1131/153/2 1074/155/2
f 1130/156/2 1074/155/2 1075/157/2
f 1129/158/2 1130/156/2 1075/157/2
f 1129/158/2 1075/157/2 1076/159/2
f 1129/158/2 1076/159/2 1077/160/2
f 1128/161/2 1129/158/2 1077/160/2
f 1128/161/2 1077/160/2 1078/162/2
f 1127/163/2 1128/161/2 1078/162/2
f 1127/163/2 1078/162/2 1079/164/2
f 1127/163/2 1079/164/2 1080/165/2
f 1126/166/2 1127/163/2 1080/165/2
f 1126/166/2 1080/165/2 1081/167/2
f 1126/166/2 1081/167/2 1082/168/2
f 1125/169/2 1126/166/2 1082/168/2
f 1125/169/2 1082/168/2 1083/170/2
f 1125/169/2 1083/170/2 1084/171/2
f 1124/172/2 1125/169/2 1084/171/2
f 1101/173/2 1102/175/2 1103/174/2
f 1100/176/2 1101/173/2 1103/174/2
f 1124/172/2 1084/171/2 1085/177/2
f 1099/178/2 1100/176/2 1103/174/2
f 1098/179/2 1099/178/2 1103/174/2
f 1124/172/2 1085/177/2 1086/180/2
f 1097/181/2 1098/179/2 1103/174/2
f 1096/182/2 1097/181/2 1103/174/2
f 1123/183/2 1124/172/2 1086/180/2
f 1123/183/2 1086/180/2 1087/184/2
f 1095/185/2 1096/182/2 1103/174/2
f 1094/186/2 1095/185/2 1103/174/2
f 1093/187/2 1094/186/2 1103/174/2
f 1123/183/2 1087/184/2 1088/188/2
f 1092/189/2 1093/187/2 1103/174/2
f 1091/190/2 1092/189/2 1103/174/2
f 1123/183/2 1088/188/2 1089/191/2
f 1090/192/2 1091/190/2 1103/174/2
f 1089/191/2 1090/192/2 1103/174/2
f 1123/183/2 1089/191/2 1103/174/2
f 1122/193/2 1123/183/2 1103/174/2
f 1121/194/2 1122/193/2 1103/174/2
f 1120/195/2 1121/194/2 1103/174/2
f 1120/195/2 1103/174/2 1104/196/2
f 1119/197/2 1120/195/2 1104/196/2
f 1119/197/2 1104/196/2 1105/198/2
f 1119/197/2 1105/198/2 1106/199/2
f 1119/197/2 1106/199/2 1107/200/2
f 1118/201/2 1119/197/2 1107/200/2
f 1118/201/2 1107/200/2 1108/202/2
f 1118/201/2 1108/202/2 1109/203/2
f 1118/201/2 1109/203/2 1110/204/2
f 1118/201/2 1110/204/2 1111/205/2
f 1117/206/2 1118/201/2 1111/205/2
f 1117/206/2 1111/205/2 1112/207/2
f 1117/206/2 1112/207/2 1113/208/2
f 1117/206/2 1113/208/2 1114/209/2
f 1116/210/2 1117/206/2 1114/209/2
f 1116/210/2 1114/209/2 1115/211/2
f 1262/212/2 1263/214/2 1264/213/2
f 1261/215/2 1262/212/2 1264/213/2
f 1261/215/2 1264/213/2 1265/216/2
f 1260/217/2 1261/215/2 1265/216/2
f 1259/218/2 1260/217/2 1265/216/2
f 1259/218/2 1265/216/2 1266/219/2
f 1258/220/2 1259/218/2 1266/219/2
f 1258/220/2 1266/219/2 1267/221/2
f 1257/222/2 1258/220/2 1267/221/2
f 1256/223/2 1257/222/2 1267/221/2
f 1256/223/2 1267/221/2 1268/224/2
f 1255/225/2 1256/223/2 1268/224/2
f 1255/225/2 1268/224/2 1269/226/2
f 1254/227/2 1255/225/2 1269/226/2
f 1253/228/2 1254/227/2 1269/226/2
f 1253/228/2 1269/226/2 1270/229/2
f 1252/230/2 1253/228/2 1270/229/2
f 1252/230/2 1270/229/2 1271/231/2
f 1251/232/2 1252/230/2 1271/231/2
f 1250/233/2 1251/232/2 1271/231/2
f 1250/233/2 1271/231/2 1272/234/2
f 1249/235/2 1250/233/2 1248/236/2
f 1248/236/2 1250/233/2 1247/237/2
f 1247/237/2 1250/233/2 1246/238/2
f 1246/238/2 1250/233/2 1245/239/2
f 1245/239/2 1250/233/2 1244/240/2
f 1244/240/2 1250/233/2 1243/241/2
f 1243/241/2 1250/233/2 1242/242/2
f 1242/242/2 1250/233/2 1241/243/2
f 1241/243/2 1250/233/2 1240/244/2
f 1240/244/2 1250/233/2 1239/245/2
f 1239/245/2 1250/233/2 1238/246/2
f 1238/246/2 1250/233/2 1237/247/2
f 1237/247/2 1250/233/2 1272/234/2
f 1237/247/2 1272/234/2 1236/248/2
f 1236/248/2 1272/234/2 1273/249/2
f 1235/250/2 1236/248/2 1273/249/2
f 1234/251/2 1235/250/2 1273/249/2
f 1233/252/2 1234/251/2 1273/249/2
f 1233/252/2 1273/249/2 1274/253/2
f 1232/254/2 1233/252/2 1274/253/2
f 1231/255/2 1232/254/2 1274/253/2
f 1230/256/2 1231/255/2 1274/253/2
f 1229/257/2 1230/256/2 1274/253/2
f 1229/257/2 1274/253/2 1275/258/2
f 1228/259/2 1229/257/2 1275/258/2
f 1227/260/2 1228/259/2 1275/258/2
f 1226/261/2 1227/260/2 1275/258/2
f 1226/261/2 1275/258/2 1276/262/2
f 1225/263/2 1226/261/2 1276/262/2
f 1224/264/2 1225/263/2 1276/262/2
f 1224/264/2 1276/262/2 1277/265/2
f 1223/266/2 1224/264/2 1277/265/2
f 1222/267/2 1223/266/2 1277/265/2
f 1221/268/2 1222/267/2 1344/51/2
f 1344/51/2 1222/267/2 1277/265/2
f 1220/269/2 1221/268/2 1344/51/2
f 1219/270/2 1220/269/2 1344/51/2
f 1218/271/2 1219/270/2 1344/51/2
f 1217/272/2 1218/271/2 1344/51/2
f 1217/272/2 1344/51/2 1305/273/2
f 1343/274/2 1344/51/2 1277/265/2
f 1216/275/2 1217/272/2 1305/273/2
f 1216/275/2 1305/273/2 1306/276/2
f 1216/275/2 1306/276/2 1307/277/2
f 1215/278/2 1216/275/2 1307/277/2
f 1215/278/2 1307/277/2 1308/279/2
f 1214/280/2 1215/278/2 1308/279/2
f 1214/280/2 1308/279/2 1309/281/2
f 1213/282/2 1214/280/2 1309/281/2
f 1213/282/2 1309/281/2 1310/283/2
f 1213/282/2 1310/283/2 1311/284/2
f 1212/285/2 1213/282/2 1311/284/2
f 1212/285/2 1311/284/2 1312/286/2
f 1212/285/2 1312/286/2 1313/287/2
f 1211/288/2 1212/285/2 1313/287/2
f 1211/288/2 1313/287/2 1314/289/2
f 1210/290/2 1211/288/2 1314/289/2
f 1210/290/2 1314/289/2 1315/291/2
f 1210/290/2 1315/291/2 1316/292/2
f 1209/293/2 1210/290/2 1316/292/2
f 1209/293/2 1316/292/2 1317/294/2
f 1208/295/2 1209/293/2 1317/294/2
f 1208/295/2 1317/294/2 1318/296/2
f 1208/295/2 1318/296/2 1319/297/2
f 1207/298/2 1208/295/2 1319/297/2
f 1207/298/2 1319/297/2 1320/299/2
f 1207/298/2 1320/299/2 1321/300/2
f 1342/301/2 1343/274/2 1277/265/2
f 1206/302/2 1207/298/2 1321/300/2
f 1206/302/2 1321/300/2 1322/303/2
f 1341/304/2 1342/301/2 1277/265/2
f 1340/305/2 1341/304/2 1277/265/2
f 1206/302/2 1322/303/2 1323/306/2
f 1302/307/2 1303/309/2 1304/308/2
f 1340/305/2 1277/265/2 1278/310/2
f 1301/311/2 1302/307/2 1304/308/2
f 1339/312/2 1340/305/2 1278/310/2
f 1339/312/2 1278/310/2 1279/313/2
f 1205/314/2 1206/302/2 1323/306/2
f 1205/314/2 1323/306/2 1324/315/2
f 1300/316/2 1301/311/2 1304/308/2
f 1338/317/2 1339/312/2 1279/313/2
f 1338/317/2 1279/313/2 1280/318/2
f 1299/319/2 1300/316/2 1304/308/2
f 1205/314/2 1324/315/2 1325/320/2
f 1338/317/2 1280/318/2 1281/321/2
f 1337/322/2 1338/317/2 1281/321/2
f 1298/323/2 1299/319/2 1304/308/2
f 1337/322/2 1281/321/2 1282/324/2
f 1297/325/2 1298/323/2 1304/308/2
f 1336/326/2 1337/322/2 1282/324/2
f 1205/314/2 1325/320/2 1326/327/2
f 1336/326/2 1282/324/2 1283/328/2
f 1296/329/2 1297/325/2 1304/308/2
f 1335/330/2 1336/326/2 1283/328/2
f 1204/331/2 1205/314/2 1326/327/2
f 1335/330/2 1283/328/2 1284/332/2
f 1295/333/2 1296/329/2 1304/308/2
f 1204/331/2 1326/327/2 1327/334/2
f 1335/330/2 1284/332/2 1285/335/2
f 1334/336/2 1335/330/2 1285/335/2
f 1294/337/2 1295/333/2 1304/308/2
f 1334/336/2 1285/335/2 1286/338/2
f 1293/339/2 1294/337/2 1304/308/2
f 1204/331/2 1327/334/2 1328/340/2
f 1334/336/2 1286/338/2 1287/341/2
f 1333/342/2 1334/336/2 1287/341/2
f 1292/343/2 1293/339/2 1304/308/2
f 1333/342/2 1287/341/2 1288/344/2
f 1291/345/2 1292/343/2 1304/308/2
f 1333/342/2 1288/344/2 1289/346/2
f 1332/347/2 1333/342/2 1289/346/2
f 1290/348/2 1291/345/2 1304/308/2
f 1332/347/2 1289/346/2 1290/348/2
f 1332/347/2 1290/348/2 1304/308/2
f 1204/331/2 1328/340/2 1329/349/2
f 1331/350/2 1332/347/2 1304/308/2
f 1204/331/2 1329/349/2 1330/351/2
f 1330/351/2 1331/350/2 1304/308/2
f 1204/331/2 1330/351/2 1182/352/2
f 1182/352/2 1330/351/2 1304/308/2
f 1203/353/2 1204/331/2 1182/352/2
f 1202/354/2 1203/353/2 1182/352/2
f 1202/354/2 1182/352/2 1183/355/2
f 1181/356/2 1182/352/2 1304/308/2
f 1202/354/2 1183/355/2 1184/357/2
f 1180/358/2 1181/356/2 1304/308/2
f 1201/359/2 1202/354/2 1184/357/2
f 1180/358/2 1304/308/2 1157/91/2
f 1201/359/2 1184/357/2 1185/360/2
f 1179/361/2 1180/358/2 1157/91/2
f 1179/361/2 1157/91/2 1158/362/2
f 1200/363/2 1201/359/2 1185/360/2
f 1200/363/2 1185/360/2 1186/364/2
f 1178/365/2 1179/361/2 1158/362/2
f 1178/365/2 1158/362/2 1159/366/2
f 1200/363/2 1186/364/2 1187/367/2
f 1177/368/2 1178/365/2 1159/366/2
f 1199/369/2 1200/363/2 1187/367/2
f 1177/368/2 1159/366/2 1160/370/2
f 1199/369/2 1187/367/2 1188/371/2
f 1176/372/2 1177/368/2 1160/370/2
f 1176/372/2 1160/370/2 1161/373/2
f 1198/374/2 1199/369/2 1188/371/2
f 1198/374/2 1188/371/2 1189/375/2
f 1175/376/2 1176/372/2 1161/373/2
f 1175/376/2 1161/373/2 1162/377/2
f 1198/374/2 1189/375/2 1190/378/2
f 1174/379/2 1175/376/2 1162/377/2
f 1174/379/2 1162/377/2 1163/380/2
f 1197/381/2 1198/374/2 1190/378/2
f 1197/381/2 1190/378/2 1191/382/2
f 1173/383/2 1174/379/2 1163/380/2
f 1173/383/2 1163/380/2 1164/384/2
f 1197/381/2 1191/382/2 1192/385/2
f 1173/383/2 1164/384/2 1165/386/2
f 1172/387/2 1173/383/2 1165/386/2
f 1196/388/2 1197/381/2 1192/385/2
f 1172/387/2 1165/386/2 1166/389/2
f 1196/388/2 1192/385/2 1193/390/2
f 1171/391/2 1172/387/2 1166/389/2
f 1171/391/2 1166/389/2 1167/392/2
f 1196/388/2 1193/390/2 1194/393/2
f 1170/394/2 1171/391/2 1167/392/2
f 1195/395/2 1196/388/2 1194/393/2
f 1170/394/2 1167/392/2 1168/396/2
f 1169/397/2 1170/394/2 1168/396/2
f 1345/91/2 1346/399/2 1427/398/2
f 1427/398/2 1346/399/2 1347/400/2
f 1427/398/2 1347/400/2 1348/401/2
f 1427/398/2 1348/401/2 1349/402/2
f 1427/398/2 1349/402/2 1350/403/2
f 1427/398/2 1350/403/2 1351/404/2
f 1427/398/2 1351/404/2 1352/405/2
f 1427/398/2 1352/405/2 1353/406/2
f 1427/398/2 1353/406/2 1354/407/2
f 1427/398/2 1354/407/2 1426/408/2
f 1426/408/2 1354/407/2 1355/409/2
f 1345/91/2 1427/398/2 1428/51/2
f 1425/410/2 1426/408/2 1355/409/2
f 1424/411/2 1425/410/2 1355/409/2
f 1423/412/2 1424/411/2 1355/409/2
f 1423/412/2 1355/409/2 1356/413/2
f 1422/414/2 1423/412/2 1356/413/2
f 1421/415/2 1422/414/2 1356/413/2
f 1420/416/2 1421/415/2 1356/413/2
f 1420/416/2 1356/413/2 1357/417/2
f 1419/418/2 1420/416/2 1357/417/2
f 1418/419/2 1419/418/2 1357/417/2
f 1418/419/2 1357/417/2 1358/420/2
f 1417/421/2 1418/419/2 1358/420/2
f 1416/422/2 1417/421/2 1358/420/2
f 1416/422/2 1358/420/2 1359/423/2
f 1415/424/2 1416/422/2 1359/423/2
f 1414/425/2 1415/424/2 1359/423/2
f 1414/425/2 1359/423/2 1360/426/2
f 1413/427/2 1414/425/2 1360/426/2
f 1412/428/2 1413/427/2 1360/426/2
f 1412/428/2 1360/426/2 1361/429/2
f 1411/430/2 1412/428/2 1361/429/2
f 1411/430/2 1361/429/2 1362/431/2
f 1410/432/2 1411/430/2 1362/431/2
f 1409/433/2 1410/432/2 1362/431/2
f 1409/433/2 1362/431/2 1363/434/2
f 1408/435/2 1409/433/2 1363/434/2
f 1408/435/2 1363/434/2 1364/436/2
f 1407/437/2 1408/435/2 1364/436/2
f 1406/438/2 1407/437/2 1364/436/2
f 1406/438/2 1364/436/2 1365/439/2
f 1405/440/2 1406/438/2 1365/439/2
f 1404/441/2 1405/440/2 1365/439/2
f 1345/91/2 1428/51/2 1388/442/2
f 1345/91/2 1388/442/2 1389/443/2
f 1403/444/2 1404/441/2 1365/439/2
f 1403/444/2 1365/439/2 1366/445/2
f 1345/91/2 1389/443/2 1390/446/2
f 1345/91/2 1390/446/2 1391/447/2
f 1345/91/2 1391/447/2 1386/448/2
f 1386/448/2 1391/447/2 1392/449/2
f 1402/450/2 1403/444/2 1366/445/2
f 1386/448/2 1392/449/2 1393/451/2
f 1386/448/2 1393/451/2 1394/452/2
f 1401/453/2 1402/450/2 1366/445/2
f 1386/448/2 1394/452/2 1395/454/2
f 1386/448/2 1395/454/2 1396/455/2
f 1386/448/2 1396/455/2 1397/456/2
f 1400/457/2 1401/453/2 1366/445/2
f 1386/448/2 1397/456/2 1398/458/2
f 1386/448/2 1398/458/2 1399/459/2
f 1386/448/2 1399/459/2 1400/457/2
f 1386/448/2 1400/457/2 1366/445/2
f 1386/448/2 1366/445/2 1367/460/2
f 1386/448/2 1367/460/2 1368/461/2
f 1386/448/2 1368/461/2 1369/462/2
f 1386/448/2 1369/462/2 1370/463/2
f 1345/91/2 1386/448/2 1387/464/2
f 1385/465/2 1386/448/2 1370/463/2
f 1384/466/2 1385/465/2 1370/463/2
f 1384/466/2 1370/463/2 1371/467/2
f 1383/468/2 1384/466/2 1371/467/2
f 1382/469/2 1383/468/2 1371/467/2
f 1381/470/2 1382/469/2 1371/467/2
f 1380/471/2 1381/470/2 1371/467/2
f 1380/471/2 1371/467/2 1372/472/2
f 1379/473/2 1380/471/2 1372/472/2
f 1378/474/2 1379/473/2 1372/472/2
f 1377/475/2 1378/474/2 1372/472/2
f 1376/476/2 1377/475/2 1372/472/2
f 1376/476/2 1372/472/2 1373/477/2
f 1375/478/2 1376/476/2 1373/477/2
f 1374/479/2 1375/478/2 1373/477/2
f 1545/480/2 1546/482/2 1547/481/2
f 1545/480/2 1547/481/2 1548/483/2
f 1545/480/2 1548/483/2 1549/484/2
f 1544/485/2 1545/480/2 1549/484/2
f 1544/485/2 1549/484/2 1550/486/2
f 1544/485/2 1550/486/2 1551/487/2
f 1543/488/2 1544/485/2 1551/487/2
f 1543/488/2 1551/487/2 1552/489/2
f 1543/488/2 1552/489/2 1553/490/2
f 1542/491/2 1543/488/2 1553/490/2
f 1542/491/2 1553/490/2 1554/492/2
f 1542/491/2 1554/492/2 1555/493/2
f 1541/494/2 1542/491/2 1555/493/2
f 1541/494/2 1555/493/2 1556/495/2
f 1541/494/2 1556/495/2 1557/496/2
f 1540/497/2 1541/494/2 1557/496/2
f 1540/497/2 1557/496/2 1558/498/2
f 1540/497/2 1558/498/2 1559/499/2
f 1539/500/2 1540/497/2 1559/499/2
f 1539/500/2 1559/499/2 1438/501/2
f 1438/501/2 1559/499/2 1437/502/2
f 1437/502/2 1559/499/2 1436/503/2
f 1436/503/2 1559/499/2 1435/504/2
f 1435/504/2 1559/499/2 1434/505/2
f 1434/505/2 1559/499/2 1433/506/2
f 1433/506/2 1559/499/2 1432/507/2
f 1432/507/2 1559/499/2 1431/508/2
f 1431/508/2 1559/499/2 1430/509/2
f 1430/509/2 1559/499/2 1429/91/2
f 1429/91/2 1559/499/2 1560/51/2
f 1538/510/2 1539/500/2 1439/511/2
f 1439/511/2 1539/500/2 1438/501/2
f 1537/512/2 1538/510/2 1441/513/2
f 1441/513/2 1538/510/2 1440/514/2
f 1440/514/2 1538/510/2 1439/511/2
f 1537/512/2 1441/513/2 1442/515/2
f 1537/512/2 1442/515/2 1443/516/2
f 1537/512/2 1443/516/2 1444/517/2
f 1536/518/2 1537/512/2 1444/517/2
f 1536/518/2 1444/517/2 1445/519/2
f 1536/518/2 1445/519/2 1446/520/2
f 1536/518/2 1446/520/2 1447/521/2
f 1536/518/2 1447/521/2 1448/522/2
f 1535/523/2 1536/518/2 1448/522/2
f 1535/523/2 1448/522/2 1449/524/2
f 1535/523/2 1449/524/2 1450/525/2
f 1535/523/2 1450/525/2 1451/526/2
f 1534/527/2 1535/523/2 1451/526/2
f 1534/527/2 1451/526/2 1452/528/2
f 1534/527/2 1452/528/2 1453/529/2
f 1533/530/2 1534/527/2 1453/529/2
f 1533/530/2 1453/529/2 1454/531/2
f 1533/530/2 1454/531/2 1455/532/2
f 1532/533/2 1533/530/2 1455/532/2
f 1532/533/2 1455/532/2 1456/534/2
f 1532/533/2 1456/534/2 1457/535/2
f 1531/536/2 1532/533/2 1457/535/2
f 1531/536/2 1457/535/2 1458/537/2
f 1530/538/2 1531/536/2 1458/537/2
f 1530/538/2 1458/537/2 1459/539/2
f 1530/538/2 1459/539/2 1460/540/2
f 1529/541/2 1530/538/2 1460/540/2
f 1529/541/2 1460/540/2 1461/542/2
f 1528/543/2 1529/541/2 1461/542/2
f 1528/543/2 1461/542/2 1462/544/2
f 1527/545/2 1528/543/2 1462/544/2
f 1527/545/2 1462/544/2 1463/546/2
f 1526/547/2 1527/545/2 1463/546/2
f 1526/547/2 1463/546/2 1464/548/2
f 1525/549/2 1526/547/2 1464/548/2
f 1525/549/2 1464/548/2 1465/550/2
f 1524/551/2 1525/549/2 1465/550/2
f 1523/552/2 1524/551/2 1465/550/2
f 1523/552/2 1465/550/2 1466/553/2
f 1522/554/2 1523/552/2 1466/553/2
f 1522/554/2 1466/553/2 1467/555/2
f 1521/556/2 1522/554/2 1467/555/2
f 1520/557/2 1521/556/2 1467/555/2
f 1493/558/2 1494/560/2 1495/559/2
f 1520/557/2 1467/555/2 1468/561/2
f 1519/562/2 1520/557/2 1468/561/2
f 1493/558/2 1495/559/2 1496/563/2
f 1518/564/2 1519/562/2 1468/561/2
f 1518/564/2 1468/561/2 1469/565/2
f 1493/558/2 1496/563/2 1497/566/2
f 1517/567/2 1518/564/2 1469/565/2
f 1493/558/2 1497/566/2 1498/568/2
f 1516/569/2 1517/567/2 1469/565/2
f 1516/569/2 1469/565/2 1470/570/2
f 1515/571/2 1516/569/2 1470/570/2
f 1493/558/2 1498/568/2 1499/572/2
f 1514/573/2 1515/571/2 1470/570/2
f 1493/558/2 1499/572/2 1500/574/2
f 1513/575/2 1514/573/2 1470/570/2
f 1493/558/2 1500/574/2 1501/576/2
f 1513/575/2 1470/570/2 1471/577/2
f 1512/578/2 1513/575/2 1471/577/2
f 1493/558/2 1501/576/2 1502/579/2
f 1511/580/2 1512/578/2 1471/577/2
f 1493/558/2 1502/579/2 1503/581/2
f 1510/582/2 1511/580/2 1471/577/2
f 1493/558/2 1503/581/2 1504/583/2
f 1510/582/2 1471/577/2 1472/584/2
f 1509/585/2 1510/582/2 1472/584/2
f 1493/558/2 1504/583/2 1505/586/2
f 1508/587/2 1509/585/2 1472/584/2
f 1493/558/2 1505/586/2 1506/588/2
f 1507/589/2 1508/587/2 1472/584/2
f 1493/558/2 1506/588/2 1507/589/2
f 1493/558/2 1507/589/2 1472/584/2
f 1493/558/2 1472/584/2 1473/590/2
f 1492/591/2 1493/558/2 1473/590/2
f 1492/591/2 1473/590/2 1474/592/2
f 1491/593/2 1492/591/2 1474/592/2
f 1491/593/2 1474/592/2 1475/594/2
f 1490/595/2 1491/593/2 1475/594/2
f 1489/596/2 1490/595/2 1475/594/2
f 1489/596/2 1475/594/2 1476/597/2
f 1488/598/2 1489/596/2 1476/597/2
f 1487/599/2 1488/598/2 1476/597/2
f 1487/599/2 1476/597/2 1477/600/2
f 1486/601/2 1487/599/2 1477/600/2
f 1485/602/2 1486/601/2 1477/600/2
f 1485/602/2 1477/600/2 1478/603/2
f 1484/604/2 1485/602/2 1478/603/2
f 1483/605/2 1484/604/2 1478/603/2
f 1483/605/2 1478/603/2 1479/606/2
f 1482/607/2 1483/605/2 1479/606/2
f 1481/608/2 1482/607/2 1479/606/2
f 1481/608/2 1479/606/2 1480/609/2
f 1618/610/2 1619/612/2 1620/611/2
f 1618/610/2 1620/611/2 1621/51/2
f 1573/152/2 1574/614/2 1575/613/2
f 1572/615/2 1573/152/2 1575/613/2
f 1572/615/2 1575/613/2 1576/616/2
f 1571/617/2 1572/615/2 1576/616/2
f 1570/618/2 1571/617/2 1576/616/2
f 1570/618/2 1576/616/2 1577/164/2
f 1569/143/2 1570/618/2 1577/164/2
f 1569/143/2 1577/164/2 1578/619/2
f 1568/620/2 1569/143/2 1578/619/2
f 1567/621/2 1568/620/2 1578/619/2
f 1567/621/2 1578/619/2 1579/622/2
f 1566/623/2 1567/621/2 1579/622/2
f 1565/127/2 1566/623/2 1579/622/2
f 1565/127/2 1579/622/2 1580/624/2
f 1564/625/2 1565/127/2 1580/624/2
f 1564/625/2 1580/624/2 1581/180/2
f 1563/626/2 1564/625/2 1581/180/2
f 1562/627/2 1563/626/2 1581/180/2
f 1562/627/2 1581/180/2 1582/628/2
f 1561/91/2 1562/627/2 1582/628/2
f 1618/610/2 1621/51/2 1561/91/2
f 1618/610/2 1561/91/2 1616/629/2
f 1616/629/2 1561/91/2 1615/630/2
f 1615/630/2 1561/91/2 1614/631/2
f 1614/631/2 1561/91/2 1613/110/2
f 1613/110/2 1561/91/2 1612/632/2
f 1612/632/2 1561/91/2 1611/633/2
f 1611/633/2 1561/91/2 1610/634/2
f 1610/634/2 1561/91/2 1609/137/2
f 1609/137/2 1561/91/2 1608/635/2
f 1608/635/2 1561/91/2 1607/636/2
f 1607/636/2 1561/91/2 1606/637/2
f 1606/637/2 1561/91/2 1605/161/2
f 1605/161/2 1561/91/2 1604/638/2
f 1604/638/2 1561/91/2 1603/639/2
f 1603/639/2 1561/91/2 1582/628/2
f 1603/639/2 1582/628/2 1602/640/2
f 1602/640/2 1582/628/2 1583/641/2
f 1601/194/2 1602/640/2 1583/641/2
f 1600/642/2 1601/194/2 1583/641/2
f 1599/643/2 1600/642/2 1583/641/2
f 1598/644/2 1599/643/2 1583/641/2
f 1598/644/2 1583/641/2 1584/645/2
f 1597/209/2 1598/644/2 1584/645/2
f 1596/646/2 1597/209/2 1584/645/2
f 1595/647/2 1596/646/2 1584/645/2
f 1595/647/2 1584/645/2 1585/187/2
f 1594/648/2 1595/647/2 1585/187/2
f 1593/200/2 1594/648/2 1585/187/2
f 1593/200/2 1585/187/2 1586/649/2
f 1618/610/2 1616/629/2 1617/118/2
f 1592/650/2 1593/200/2 1586/649/2
f 1591/57/2 1592/650/2 1586/649/2
f 1591/57/2 1586/649/2 1587/651/2
f 1590/652/2 1591/57/2 1587/651/2
f 1589/176/2 1590/652/2 1587/651/2
f 1589/176/2 1587/651/2 1588/653/2
f 1751/654/2 1752/656/2 1753/655/2
f 1751/654/2 1753/655/2 1754/629/2
f 1750/657/2 1751/654/2 1754/629/2
f 1750/657/2 1754/629/2 1755/658/2
f 1750/657/2 1755/658/2 1756/659/2
f 1749/660/2 1750/657/2 1756/659/2
f 1749/660/2 1756/659/2 1757/661/2
f 1749/660/2 1757/661/2 1758/662/2
f 1748/663/2 1749/660/2 1758/662/2
f 1748/663/2 1758/662/2 1759/664/2
f 1748/663/2 1759/664/2 1760/665/2
f 1747/666/2 1748/663/2 1760/665/2
f 1747/666/2 1760/665/2 1761/667/2
f 1747/666/2 1761/667/2 1762/668/2
f 1746/669/2 1747/666/2 1762/668/2
f 1746/669/2 1762/668/2 1763/670/2
f 1746/669/2 1763/670/2 1764/671/2
f 1745/672/2 1746/669/2 1764/671/2
f 1745/672/2 1764/671/2 1765/673/2
f 1745/672/2 1765/673/2 1629/674/2
f 1629/674/2 1765/673/2 1628/675/2
f 1628/675/2 1765/673/2 1627/676/2
f 1627/676/2 1765/673/2 1626/677/2
f 1626/677/2 1765/673/2 1625/678/2
f 1625/678/2 1765/673/2 1624/679/2
f 1624/679/2 1765/673/2 1623/680/2
f 1623/680/2 1765/673/2 1622/91/2
f 1622/91/2 1765/673/2 1766/51/2
f 1744/681/2 1745/672/2 1630/682/2
f 1630/682/2 1745/672/2 1629/674/2
f 1743/683/2 1744/681/2 1632/684/2
f 1632/684/2 1744/681/2 1631/685/2
f 1631/685/2 1744/681/2 1630/682/2
f 1742/633/2 1743/683/2 1634/623/2
f 1634/623/2 1743/683/2 1633/686/2
f 1633/686/2 1743/683/2 1632/684/2
f 1741/687/2 1742/633/2 1635/688/2
f 1635/688/2 1742/633/2 1634/623/2
f 1741/687/2 1635/688/2 1636/689/2
f 1741/687/2 1636/689/2 1637/690/2
f 1741/687/2 1637/690/2 1638/691/2
f 1741/687/2 1638/691/2 1639/692/2
f 1741/687/2 1639/692/2 1640/693/2
f 1741/687/2 1640/693/2 1641/694/2
f 1740/695/2 1741/687/2 1641/694/2
f 1740/695/2 1641/694/2 1642/696/2
f 1740/695/2 1642/696/2 1643/697/2
f 1740/695/2 1643/697/2 1644/698/2
f 1740/695/2 1644/698/2 1645/699/2
f 1739/700/2 1740/695/2 1645/699/2
f 1739/700/2 1645/699/2 1646/617/2
f 1739/700/2 1646/617/2 1647/701/2
f 1739/700/2 1647/701/2 1648/702/2
f 1738/703/2 1739/700/2 1648/702/2
f 1738/703/2 1648/702/2 1649/704/2
f 1738/703/2 1649/704/2 1650/705/2
f 1738/703/2 1650/705/2 1651/706/2
f 1738/703/2 1651/706/2 1652/707/2
f 1738/703/2 1652/707/2 1653/708/2
f 1737/709/2 1738/703/2 1653/708/2
f 1737/709/2 1653/708/2 1654/710/2
f 1737/709/2 1654/710/2 1655/711/2
f 1737/709/2 1655/711/2 1656/712/2
f 1736/713/2 1737/709/2 1656/712/2
f 1736/713/2 1656/712/2 1657/714/2
f 1736/713/2 1657/714/2 1658/616/2
f 1736/713/2 1658/616/2 1659/715/2
f 1735/716/2 1736/713/2 1659/715/2
f 1735/716/2 1659/715/2 1660/717/2
f 1735/716/2 1660/717/2 1661/718/2
f 1734/719/2 1735/716/2 1661/718/2
f 1734/719/2 1661/718/2 1662/720/2
f 1733/721/2 1734/719/2 1662/720/2
f 1733/721/2 1662/720/2 1663/722/2
f 1733/721/2 1663/722/2 1664/723/2
f 1732/724/2 1733/721/2 1664/723/2
f 1732/724/2 1664/723/2 1665/725/2
f 1731/726/2 1732/724/2 1665/725/2
f 1731/726/2 1665/725/2 1666/727/2
f 1731/726/2 1666/727/2 1667/728/2
f 1730/637/2 1731/726/2 1667/728/2
f 1730/637/2 1667/728/2 1668/729/2
f 1729/730/2 1730/637/2 1668/729/2
f 1729/730/2 1668/729/2 1669/731/2
f 1729/730/2 1669/731/2 1670/180/2
f 1728/732/2 1729/730/2 1670/180/2
f 1728/732/2 1670/180/2 1671/733/2
f 1727/734/2 1728/732/2 1671/733/2
f 1727/734/2 1671/733/2 1672/735/2
f 1726/736/2 1727/734/2 1672/735/2
f 1726/736/2 1672/735/2 1673/737/2
f 1699/738/2 1700/740/2 1701/739/2
f 1726/736/2 1673/737/2 1674/741/2
f 1725/742/2 1726/736/2 1674/741/2
f 1699/738/2 1701/739/2 1702/743/2
f 1724/744/2 1725/742/2 1674/741/2
f 1699/738/2 1702/743/2 1703/745/2
f 1723/746/2 1724/744/2 1674/741/2
f 1723/746/2 1674/741/2 1675/747/2
f 1699/738/2 1703/745/2 1704/748/2
f 1722/749/2 1723/746/2 1675/747/2
f 1699/738/2 1704/748/2 1705/750/2
f 1721/751/2 1722/749/2 1675/747/2
f 1699/738/2 1705/750/2 1706/646/2
f 1720/752/2 1721/751/2 1675/747/2
f 1720/752/2 1675/747/2 1676/753/2
f 1699/738/2 1706/646/2 1707/754/2
f 1719/755/2 1720/752/2 1676/753/2
f 1718/194/2 1719/755/2 1676/753/2
f 1699/738/2 1707/754/2 1708/756/2
f 1717/757/2 1718/194/2 1676/753/2
f 1699/738/2 1708/756/2 1709/758/2
f 1716/759/2 1717/757/2 1676/753/2
f 1699/738/2 1709/758/2 1710/760/2
f 1716/759/2 1676/753/2 1677/761/2
f 1715/762/2 1716/759/2 1677/761/2
f 1699/738/2 1710/760/2 1711/763/2
f 1714/764/2 1715/762/2 1677/761/2
f 1699/738/2 1711/763/2 1712/765/2
f 1713/766/2 1714/764/2 1677/761/2
f 1699/738/2 1712/765/2 1713/766/2
f 1699/738/2 1713/766/2 1677/761/2
f 1699/738/2 1677/761/2 1678/767/2
f 1699/738/2 1678/767/2 1679/768/2
f 1699/738/2 1679/768/2 1680/769/2
f 1698/770/2 1699/738/2 1680/769/2
f 1697/771/2 1698/770/2 1680/769/2
f 1697/771/2 1680/769/2 1681/772/2
f 1696/773/2 1697/771/2 1681/772/2
f 1695/774/2 1696/773/2 1681/772/2
f 1695/774/2 1681/772/2 1682/649/2
f 1694/57/2 1695/774/2 1682/649/2
f 1693/775/2 1694/57/2 1682/649/2
f 1693/775/2 1682/649/2 1683/776/2
f 1692/777/2 1693/775/2 1683/776/2
f 1692/777/2 1683/776/2 1684/778/2
f 1691/779/2 1692/777/2 1684/778/2
f 1690/780/2 1691/779/2 1684/778/2
f 1690/780/2 1684/778/2 1685/781/2
f 1689/782/2 1690/780/2 1685/781/2
f 1688/783/2 1689/782/2 1685/781/2
f 1688/783/2 1685/781/2 1686/784/2
f 1687/785/2 1688/783/2 1686/784/2
f 1793/786/2 1794/788/2 1795/787/2
f 1793/786/2 1795/787/2 1796/789/2
f 1822/790/2 1823/792/2 1824/791/2
f 1822/790/2 1824/791/2 1825/793/2
f 1792/794/2 1793/786/2 1796/789/2
f 1792/794/2 1796/789/2 1797/795/2
f 1792/794/2 1797/795/2 1798/796/2
f 1791/797/2 1792/794/2 1798/796/2
f 1791/797/2 1798/796/2 1799/798/2
f 1821/799/2 1822/790/2 1825/793/2
f 1791/797/2 1799/798/2 1800/800/2
f 1790/801/2 1791/797/2 1800/800/2
f 1820/802/2 1821/799/2 1825/793/2
f 1790/801/2 1800/800/2 1801/803/2
f 1819/804/2 1820/802/2 1825/793/2
f 1790/801/2 1801/803/2 1802/805/2
f 1818/806/2 1819/804/2 1825/793/2
f 1789/807/2 1790/801/2 1802/805/2
f 1817/808/2 1818/806/2 1825/793/2
f 1789/807/2 1802/805/2 1803/809/2
f 1816/810/2 1817/808/2 1767/91/2
f 1767/91/2 1817/808/2 1825/793/2
f 1789/807/2 1803/809/2 1804/811/2
f 1815/812/2 1816/810/2 1767/91/2
f 1789/807/2 1804/811/2 1805/813/2
f 1788/814/2 1789/807/2 1805/813/2
f 1814/815/2 1815/812/2 1767/91/2
f 1788/814/2 1805/813/2 1806/816/2
f 1813/817/2 1814/815/2 1767/91/2
f 1812/818/2 1813/817/2 1767/91/2
f 1788/814/2 1806/816/2 1807/819/2
f 1811/820/2 1812/818/2 1767/91/2
f 1788/814/2 1807/819/2 1808/821/2
f 1810/822/2 1811/820/2 1767/91/2
f 1788/814/2 1808/821/2 1809/823/2
f 1809/823/2 1810/822/2 1767/91/2
f 1788/814/2 1809/823/2 1767/91/2
f 1787/824/2 1788/814/2 1767/91/2
f 1787/824/2 1767/91/2 1768/825/2
f 1826/51/2 1767/91/2 1825/793/2
f 1787/824/2 1768/825/2 1769/826/2
f 1786/827/2 1787/824/2 1769/826/2
f 1786/827/2 1769/826/2 1770/828/2
f 1786/827/2 1770/828/2 1771/829/2
f 1785/830/2 1786/827/2 1771/829/2
f 1785/830/2 1771/829/2 1772/831/2
f 1784/832/2 1785/830/2 1772/831/2
f 1784/832/2 1772/831/2 1773/833/2
f 1784/832/2 1773/833/2 1774/834/2
f 1783/835/2 1784/832/2 1774/834/2
f 1783/835/2 1774/834/2 1775/836/2
f 1783/835/2 1775/836/2 1776/837/2
f 1782/838/2 1783/835/2 1776/837/2
f 1782/838/2 1776/837/2 1777/839/2
f 1781/840/2 1782/838/2 1777/839/2
f 1781/840/2 1777/839/2 1778/841/2
f 1781/840/2 1778/841/2 1779/842/2
f 1780/843/2 1781/840/2 1779/842/2
f 1855/787/2 1856/789/2 1885/793/2
f 1885/793/2 1856/789/2 1857/795/2
f 1885/793/2 1857/795/2 1827/91/2
f 1885/793/2 1827/91/2 1828/825/2
f 1885/793/2 1828/825/2 1829/826/2
f 1885/793/2 1829/826/2 1830/828/2
f 1885/793/2 1830/828/2 1831/829/2
f 1885/793/2 1831/829/2 1832/831/2
f 1885/793/2 1832/831/2 1833/833/2
f 1885/793/2 1833/833/2 1834/834/2
f 1885/793/2 1834/834/2 1884/791/2
f 1884/791/2 1834/834/2 1883/792/2
f 1883/792/2 1834/834/2 1835/836/2
f 1855/787/2 1885/793/2 1886/51/2
f 1882/790/2 1883/792/2 1835/836/2
f 1881/799/2 1882/790/2 1835/836/2
f 1880/802/2 1881/799/2 1835/836/2
f 1879/804/2 1880/802/2 1835/836/2
f 1879/804/2 1835/836/2 1836/837/2
f 1878/806/2 1879/804/2 1836/837/2
f 1877/808/2 1878/806/2 1836/837/2
f 1877/808/2 1836/837/2 1837/839/2
f 1876/810/2 1877/808/2 1837/839/2
f 1875/812/2 1876/810/2 1837/839/2
f 1874/815/2 1875/812/2 1837/839/2
f 1874/815/2 1837/839/2 1838/841/2
f 1873/817/2 1874/815/2 1838/841/2
f 1872/818/2 1873/817/2 1838/841/2
f 1872/818/2 1838/841/2 1839/842/2
f 1871/820/2 1872/818/2 1839/842/2
f 1870/822/2 1871/820/2 1839/842/2
f 1870/822/2 1839/842/2 1840/843/2
f 1869/823/2 1870/822/2 1840/843/2
f 1869/823/2 1840/843/2 1841/840/2
f 1868/821/2 1869/823/2 1841/840/2
f 1867/819/2 1868/821/2 1841/840/2
f 1867/819/2 1841/840/2 1842/838/2
f 1866/816/2 1867/819/2 1842/838/2
f 1865/813/2 1866/816/2 1842/838/2
f 1865/813/2 1842/838/2 1843/835/2
f 1864/811/2 1865/813/2 1843/835/2
f 1863/809/2 1864/811/2 1843/835/2
f 1862/805/2 1863/809/2 1843/835/2
f 1862/805/2 1843/835/2 1844/832/2
f 1861/803/2 1862/805/2 1844/832/2
f 1860/800/2 1861/803/2 1844/832/2
f 1859/798/2 1860/800/2 1844/832/2
f 1858/796/2 1859/798/2 1844/832/2
f 1855/787/2 1886/51/2 1853/786/2
f 1853/786/2 1886/51/2 1858/796/2
f 1853/786/2 1858/796/2 1844/832/2
f 1853/786/2 1844/832/2 1845/830/2
f 1853/786/2 1845/830/2 1846/827/2
f 1853/786/2 1846/827/2 1847/824/2
f 1853/786/2 1847/824/2 1848/814/2
f 1853/786/2 1848/814/2 1849/807/2
f 1853/786/2 1849/807/2 1850/801/2
f 1853/786/2 1850/801/2 1851/797/2
f 1853/786/2 1851/797/2 1852/794/2
f 1855/787/2 1853/786/2 1854/788/2
s 1
f 1888/844/3 1890/845/4 1889/846/4 1887/91/3
f 1890/845/4 1892/847/5 1891/848/5 1889/846/4
f 1892/847/5 1894/849/6 1893/850/6 1891/848/5
f 1894/849/6 1896/851/7 1895/852/7 1893/850/6
f 1896/851/7 1898/853/8 1897/854/8 1895/852/7
f 1898/853/8 1900/855/9 1899/856/9 1897/854/8
f 1900/855/9 1902/857/10 1901/858/10 1899/856/9
f 1902/857/10 1904/859/11 1903/860/11 1901/858/10
f 1904/859/11 1906/861/12 1905/862/12 1903/860/11
f 1906/861/12 1908/863/13 1907/864/13 1905/862/12
f 1908/863/13 1910/865/14 1909/866/14 1907/864/13
f 1910/865/14 1912/867/15 1911/868/15 1909/866/14
f 1912/867/15 1914/869/16 1913/870/16 1911/868/15
f 1914/869/16 1916/871/17 1915/872/17 1913/870/16
f 1916/871/17 1918/873/18 1917/874/18 1915/872/17
f 1918/873/18 1920/875/19 1919/876/19 1917/874/18
f 1920/875/19 1922/877/20 1921/878/20 1919/876/19
f 1922/877/20 1924/879/21 1923/880/21 1921/878/20
f 1924/879/21 1926/881/22 1925/882/22 1923/880/21
f 1926/881/22 1928/883/23 1927/884/23 1925/882/22
f 1928/883/23 1930/885/24 1929/886/24 1927/884/23
f 1930/885/24 1932/887/25 1931/888/25 1929/886/24
f 1932/887/25 1934/889/26 1933/890/26 1931/888/25
f 1934/889/26 1936/891/27 1935/892/27 1933/890/26
f 1936/891/27 1938/893/28 1937/894/28 1935/892/27
f 1938/893/28 1940/895/29 1939/896/29 1937/894/28
f 1940/895/29 1942/897/29 1941/898/29 1939/896/29
f 1942/897/29 1944/899/30 1943/900/30 1941/898/29
f 1944/899/30 1946/901/31 1945/902/31 1943/900/30
f 1946/901/31 1948/903/32 1947/904/32 1945/902/31
f 1948/903/32 1888/905/3 1887/51/3 1947/904/32
f 1950/844/33 1952/906/34 1951/907/34 1949/91/33
f 1952/906/34 1954/908/35 1953/909/35 1951/907/34
f 1954/908/35 1956/910/36 1955/911/36 1953/909/35
f 1956/910/36 1958/912/37 1957/913/37 1955/911/36
f 1958/912/37 1960/914/38 1959/915/38 1957/913/37
f 1960/914/38 1962/916/39 1961/917/39 1959/915/38
f 1962/916/39 1964/918/40 1963/919/40 1961/917/39
f 1964/918/40 1966/920/41 1965/921/41 1963/919/40
f 1966/920/41 1968/922/42 1967/923/42 1965/921/41
f 1968/922/42 1970/924/43 1969/925/43 1967/923/42
f 1970/924/43 1972/926/44 1971/927/44 1969/925/43
f 1972/926/44 1974/928/45 1973/929/45 1971/927/44
f 1974/928/45 1976/930/46 1975/931/46 1973/929/45
f 1976/930/46 1978/932/47 1977/933/47 1975/931/46
f 1978/932/47 1980/934/48 1979/935/48 1977/933/47
f 1980/934/48 1982/936/49 1981/937/49 1979/935/48
f 1982/936/49 1984/938/50 1983/939/50 1981/937/49
f 1984/938/50 1986/940/51 1985/941/51 1983/939/50
f 1986/940/51 1988/942/52 1987/943/52 1985/941/51
f 1988/942/52 1990/944/53 1989/945/53 1987/943/52
f 1990/944/53 1992/946/54 1991/947/54 1989/945/53
f 1992/946/54 1994/948/55 1993/949/55 1991/947/54
f 1994/948/55 1996/950/56 1995/951/56 1993/949/55
f 1996/950/56 1998/952/57 1997/953/57 1995/951/56
f 1998/952/57 2000/954/58 1999/955/58 1997/953/57
f 2000/954/58 2002/956/59 2001/957/59 1999/955/58
f 2002/956/59 2004/958/29 2003/959/29 2001/957/59
f 2004/958/29 2006/960/60 2005/961/60 2003/959/29
f 2006/960/60 1950/905/33 1949/51/33 2005/961/60
f 2008/844/61 2010/962/62 2009/627/62 2007/91/61
f 2010/962/62 2012/963/63 2011/626/63 2009/627/62
f 2012/963/63 2014/964/64 2013/625/64 2011/626/63
f 2014/964/64 2016/965/65 2015/127/65 2013/625/64
f 2016/965/65 2018/966/66 2017/623/66 2015/127/65
f 2018/966/66 2020/967/67 2019/621/67 2017/623/66
f 2020/967/67 2022/968/68 2021/620/68 2019/621/67
f 2022/968/68 2024/969/69 2023/143/69 2021/620/68
f 2024/969/69 2026/970/70 2025/618/70 2023/143/69
f 2026/970/70 2028/971/71 2027/617/71 2025/618/70
f 2028/971/71 2030/972/72 2029/615/72 2027/617/71
f 2030/972/72 2032/973/73 2031/152/73 2029/615/72
f 2032/973/73 2034/974/74 2033/614/74 2031/152/73
f 2034/974/74 2036/975/75 2035/613/75 2033/614/74
f 2036/975/75 2038/976/76 2037/616/76 2035/613/75
f 2038/976/76 2040/977/77 2039/164/77 2037/616/76
f 2040/977/77 2042/978/78 2041/619/78 2039/164/77
f 2042/978/78 2044/979/79 2043/622/79 2041/619/78
f 2044/979/79 2046/980/80 2045/624/80 2043/622/79
f 2046/980/80 2048/981/81 2047/180/81 2045/624/80
f 2048/981/81 2050/982/82 2049/628/82 2047/180/81
f 2050/982/82 2052/983/83 2051/641/83 2049/628/82
f 2052/983/83 2054/984/84 2053/645/84 2051/641/83
f 2054/984/84 2056/985/85 2055/187/85 2053/645/84
f 2056/985/85 2058/986/86 2057/649/86 2055/187/85
f 2058/986/86 2060/987/87 2059/651/87 2057/649/86
f 2060/987/87 2062/988/31 2061/653/31 2059/651/87
f 2062/988/31 2064/989/60 2063/176/60 2061/653/31
f 2064/989/60 2066/990/88 2065/652/88 2063/176/60
f 2066/990/88 2068/991/89 2067/57/89 2065/652/88
f 2068/991/89 2070/992/90 2069/650/90 2067/57/89
f 2070/992/90 2072/993/91 2071/200/91 2069/650/90
f 2072/993/91 2074/994/92 2073/648/92 2071/200/91
f 2074/994/92 2076/995/93 2075/647/93 2073/648/92
f 2076/995/93 2078/996/94 2077/646/94 2075/647/93
f 2078/996/94 2080/997/95 2079/209/95 2077/646/94
f 2080/997/95 2082/998/96 2081/644/96 2079/209/95
f 2082/998/96 2084/999/97 2083/643/97 2081/644/96
f 2084/999/97 2086/1000/98 2085/642/98 2083/643/97
f 2086/1000/98 2088/1001/99 2087/194/99 2085/642/98
f 2088/1001/99 2090/1002/100 2089/640/100 2087/194/99
f 2090/1002/100 2092/1003/101 2091/639/101 2089/640/100
f 2092/1003/101 2094/1004/102 2093/638/102 2091/639/101
f 2094/1004/102 2096/1005/103 2095/161/103 2093/638/102
f 2096/1005/103 2098/1006/104 2097/637/104 2095/161/103
f 2098/1006/104 2100/1007/105 2099/636/105 2097/637/104
f 2100/1007/105 2102/1008/106 2101/635/106 2099/636/105
f 2102/1008/106 2104/1009/107 2103/137/107 2101/635/106
f 2104/1009/107 2106/1010/108 2105/634/108 2103/137/107
f 2106/1010/108 2108/1011/109 2107/633/109 2105/634/108
f 2108/1011/109 2110/1012/110 2109/632/110 2107/633/109
f 2110/1012/110 2112/1013/111 2111/110/111 2109/632/110
f 2112/1013/111 2114/1014/112 2113/631/112 2111/110/111
f 2114/1014/112 2116/1015/113 2115/630/113 2113/631/112
f 2116/1015/113 2118/1016/114 2117/629/114 2115/630/113
f 2118/1016/114 2120/1017/31 2119/118/31 2117/629/114
f 2120/1017/31 2122/1018/60 2121/610/60 2119/118/31
f 2122/1018/60 2124/1019/29 2123/612/29 2121/610/60
f 2124/1019/29 2126/1020/30 2125/611/30 2123/612/29
f 2126/1020/30 2008/905/61 2007/51/61 2125/611/30
f 2128/844/115 2130/1021/116 2129/1022/116 2127/91/115
f 2130/1021/116 2132/1023/117 2131/1024/117 2129/1022/116
f 2132/1023/117 2134/1025/118 2133/1026/118 2131/1024/117
f 2134/1025/118 2136/1027/119 2135/1028/119 2133/1026/118
f 2136/1027/119 2138/906/120 2137/907/120 2135/1028/119
f 2138/906/120 2140/1029/121 2139/1030/121 2137/907/120
f 2140/1029/121 2142/1031/122 2141/1032/122 2139/1030/121
f 2142/1031/122 2144/1033/123 2143/1034/123 2141/1032/122
f 2144/1033/123 2146/1035/124 2145/1036/124 2143/1034/123
f 2146/1035/124 2148/908/125 2147/909/125 2145/1036/124
f 2148/908/125 2150/1037/126 2149/1038/126 2147/909/125
f 2150/1037/126 2152/1039/127 2151/1040/127 2149/1038/126
f 2152/1039/127 2154/1041/128 2153/1042/128 2151/1040/127
f 2154/1041/128 2156/1043/129 2155/1044/129 2153/1042/128
f 2156/1043/129 2158/910/130 2157/911/130 2155/1044/129
f 2158/910/130 2160/1045/131 2159/1046/131 2157/911/130
f 2160/1045/131 2162/1047/132 2161/1048/132 2159/1046/131
f 2162/1047/132 2164/1049/133 2163/1050/133 2161/1048/132
f 2164/1049/133 2166/1051/134 2165/1052/134 2163/1050/133
f 2166/1051/134 2168/912/135 2167/913/135 2165/1052/134
f 2168/912/135 2170/1053/136 2169/1054/136 2167/913/135
f 2170/1053/136 2172/1055/137 2171/1056/137 2169/1054/136
f 2172/1055/137 2174/1057/138 2173/1058/138 2171/1056/137
f 2174/1057/138 2176/1059/139 2175/1060/139 2173/1058/138
f 2176/1059/139 2178/914/140 2177/915/140 2175/1060/139
f 2178/914/140 2180/1061/141 2179/1062/141 2177/915/140
f 2180/1061/141 2182/1063/142 2181/1064/142 2179/1062/141
f 2182/1063/142 2184/1065/143 2183/1066/143 2181/1064/142
f 2184/1065/143 2186/973/144 2185/152/144 2183/1066/143
f 2186/973/144 2188/916/145 2187/917/145 2185/152/144
f 2188/916/145 2190/1067/146 2189/1068/146 2187/917/145
f 2190/1067/146 2192/1069/147 2191/1070/147 2189/1068/146
f 2192/1069/147 2194/1071/148 2193/1072/148 2191/1070/147
f 2194/1071/148 2196/1073/149 2195/1074/149 2193/1072/148
f 2196/1073/149 2198/918/150 2197/919/150 2195/1074/149
f 2198/918/150 2200/1075/151 2199/1076/151 2197/919/150
f 2200/1075/151 2202/1077/152 2201/1078/152 2199/1076/151
f 2202/1077/152 2204/1079/153 2203/1080/153 2201/1078/152
f 2204/1079/153 2206/1081/154 2205/1082/154 2203/1080/153
f 2206/1081/154 2208/920/155 2207/921/155 2205/1082/154
f 2208/920/155 2210/1083/156 2209/1084/156 2207/921/155
f 2210/1083/156 2212/1085/157 2211/1086/157 2209/1084/156
f 2212/1085/157 2214/1087/158 2213/1088/158 2211/1086/157
f 2214/1087/158 2216/1089/159 2215/1090/159 2213/1088/158
f 2216/1089/159 2218/922/160 2217/923/160 2215/1090/159
f 2218/922/160 2220/1091/161 2219/1092/161 2217/923/160
f 2220/1091/161 2222/1093/162 2221/1094/162 2219/1092/161
f 2222/1093/162 2224/1095/163 2223/1096/163 2221/1094/162
f 2224/1095/163 2226/1097/164 2225/1098/164 2223/1096/163
f 2226/1097/164 2228/924/165 2227/925/165 2225/1098/164
f 2228/924/165 2230/1099/166 2229/1100/166 2227/925/165
f 2230/1099/166 2232/1101/167 2231/1102/167 2229/1100/166
f 2232/1101/167 2234/1103/168 2233/1104/168 2231/1102/167
f 2234/1103/168 2236/1105/169 2235/1106/169 2233/1104/168
f 2236/1105/169 2238/926/170 2237/927/170 2235/1106/169
f 2238/926/170 2240/1107/171 2239/1108/171 2237/927/170
f 2240/1107/171 2242/1109/172 2241/1110/172 2239/1108/171
f 2242/1109/172 2244/985/173 2243/187/173 2241/1110/172
f 2244/985/173 2246/1111/174 2245/1112/174 2243/187/173
f 2246/1111/174 2248/928/175 2247/929/175 2245/1112/174
f 2248/928/175 2250/1113/176 2249/1114/176 2247/929/175
f 2250/1113/176 2252/1115/177 2251/1116/177 2249/1114/176
f 2252/1115/177 2254/1117/178 2253/1118/178 2251/1116/177
f 2254/1117/178 2256/1119/179 2255/1120/179 2253/1118/178
f 2256/1119/179 2258/930/180 2257/931/180 2255/1120/179
f 2258/930/180 2260/1121/181 2259/1122/181 2257/931/180
f 2260/1121/181 2262/1123/182 2261/1124/182 2259/1122/181
f 2262/1123/182 2264/1125/183 2263/1126/183 2261/1124/182
f 2264/1125/183 2266/1127/184 2265/1128/184 2263/1126/183
f 2266/1127/184 2268/932/185 2267/933/185 2265/1128/184
f 2268/932/185 2270/1129/186 2269/1130/186 2267/933/185
f 2270/1129/186 2272/1131/187 2271/1132/187 2269/1130/186
f 2272/1131/187 2274/1133/188 2273/1134/188 2271/1132/187
f 2274/1133/188 2276/1135/189 2275/1136/189 2273/1134/188
f 2276/1135/189 2278/934/190 2277/935/190 2275/1136/189
f 2278/934/190 2280/1137/191 2279/1138/191 2277/935/190
f 2280/1137/191 2282/1139/192 2281/1140/192 2279/1138/191
f 2282/1139/192 2284/1141/193 2283/1142/193 2281/1140/192
f 2284/1141/193 2286/1143/194 2285/1144/194 2283/1142/193
f 2286/1143/194 2288/936/195 2287/937/195 2285/1144/194
f 2288/936/195 2290/1145/196 2289/1146/196 2287/937/195
f 2290/1145/196 2292/1147/197 2291/1148/197 2289/1146/196
f 2292/1147/197 2294/1149/198 2293/1150/198 2291/1148/197
f 2294/1149/198 2296/1151/199 2295/1152/199 2293/1150/198
f 2296/1151/199 2298/938/200 2297/939/200 2295/1152/199
f 2298/938/200 2300/1153/201 2299/1154/201 2297/939/200
f 2300/1153/201 2302/997/202 2301/209/202 2299/1154/201
f 2302/997/202 2304/1155/203 2303/1156/203 2301/209/202
f 2304/1155/203 2306/1157/204 2305/1158/204 2303/1156/203
f 2306/1157/204 2308/940/205 2307/941/205 2305/1158/204
f 2308/940/205 2310/1159/206 2309/1160/206 2307/941/205
f 2310/1159/206 2312/1161/207 2311/1162/207 2309/1160/206
f 2312/1161/207 2314/1163/208 2313/1164/208 2311/1162/207
f 2314/1163/208 2316/1165/209 2315/1166/209 2313/1164/208
f 2316/1165/209 2318/942/210 2317/943/210 2315/1166/209
f 2318/942/210 2320/1167/211 2319/1168/211 2317/943/210
f 2320/1167/211 2322/1169/212 2321/1170/212 2319/1168/211
f 2322/1169/212 2324/1171/213 2323/1172/213 2321/1170/212
f 2324/1171/213 2326/1173/214 2325/1174/214 2323/1172/213
f 2326/1173/214 2328/944/215 2327/945/215 2325/1174/214
f 2328/944/215 2330/1175/216 2329/1176/216 2327/945/215
f 2330/1175/216 2332/1177/217 2331/1178/217 2329/1176/216
f 2332/1177/217 2334/1179/218 2333/1180/218 2331/1178/217
f 2334/1179/218 2336/1181/219 2335/1182/219 2333/1180/218
f 2336/1181/219 2338/946/220 2337/947/220 2335/1182/219
f 2338/946/220 2340/1183/221 2339/1184/221 2337/947/220
f 2340/1183/221 2342/1185/222 2341/1186/222 2339/1184/221
f 2342/1185/222 2344/1187/223 2343/1188/223 2341/1186/222
f 2344/1187/223 2346/1189/224 2345/1190/224 2343/1188/223
f 2346/1189/224 2348/948/225 2347/949/225 2345/1190/224
f 2348/948/225 2350/1191/226 2349/1192/226 2347/949/225
f 2350/1191/226 2352/1193/227 2351/1194/227 2349/1192/226
f 2352/1193/227 2354/1195/228 2353/1196/228 2351/1194/227
f 2354/1195/228 2356/1197/229 2355/1198/229 2353/1196/228
f 2356/1197/229 2358/950/230 2357/951/230 2355/1198/229
f 2358/950/230 2360/1009/231 2359/137/231 2357/951/230
f 2360/1009/231 2362/1199/232 2361/1200/232 2359/137/231
f 2362/1199/232 2364/1201/233 2363/1202/233 2361/1200/232
f 2364/1201/233 2366/1203/234 2365/1204/234 2363/1202/233
f 2366/1203/234 2368/952/235 2367/953/235 2365/1204/234
f 2368/952/235 2370/1205/236 2369/1206/236 2367/953/235
f 2370/1205/236 2372/1207/237 2371/1208/237 2369/1206/236
f 2372/1207/237 2374/1209/238 2373/1210/238 2371/1208/237
f 2374/1209/238 2376/1211/239 2375/1212/239 2373/1210/238
f 2376/1211/239 2378/954/240 2377/955/240 2375/1212/239
f 2378/954/240 2380/1213/241 2379/1214/241 2377/955/240
f 2380/1213/241 2382/1215/242 2381/1216/242 2379/1214/241
f 2382/1215/242 2384/1217/243 2383/1218/243 2381/1216/242
f 2384/1217/243 2386/1219/244 2385/1220/244 2383/1218/243
f 2386/1219/244 2388/956/245 2387/957/245 2385/1220/244
f 2388/956/245 2390/1221/246 2389/1222/246 2387/957/245
f 2390/1221/246 2392/1223/247 2391/1224/247 2389/1222/246
f 2392/1223/247 2394/1225/248 2393/1226/248 2391/1224/247
f 2394/1225/248 2396/1227/249 2395/1228/249 2393/1226/248
f 2396/1227/249 2398/958/250 2397/959/250 2395/1228/249
f 2398/958/250 2400/1229/251 2399/1230/251 2397/959/250
f 2400/1229/251 2402/1231/252 2401/1232/252 2399/1230/251
f 2402/1231/252 2404/1233/253 2403/1234/253 2401/1232/252
f 2404/1233/253 2406/1235/254 2405/1236/254 2403/1234/253
f 2406/1235/254 2408/960/255 2407/961/255 2405/1236/254
f 2408/960/255 2410/1237/256 2409/1238/256 2407/961/255
f 2410/1237/256 2412/1239/257 2411/1240/257 2409/1238/256
f 2412/1239/257 2414/1241/258 2413/1242/258 2411/1240/257
f 2414/1241/258 2416/1243/259 2415/1244/259 2413/1242/258
f 2416/1243/259 2128/905/115 2127/51/115 2415/1244/259
f 2418/844/260 2420/1245/261 2419/1246/261 2417/91/260
f 2420/1245/261 2422/1247/262 2421/1248/262 2419/1246/261
f 2422/1247/262 2424/1249/263 2423/1250/263 2421/1248/262
f 2424/1249/263 2426/1251/264 2425/1252/264 2423/1250/263
f 2426/1251/264 2428/1253/265 2427/1254/265 2425/1252/264
f 2428/1253/265 2430/1255/266 2429/1256/266 2427/1254/265
f 2430/1255/266 2432/1257/267 2431/1258/267 2429/1256/266
f 2432/1257/267 2434/1259/268 2433/1260/268 2431/1258/267
f 2434/1259/268 2436/1261/269 2435/1262/269 2433/1260/268
f 2436/1261/269 2438/1263/270 2437/1264/270 2435/1262/269
f 2438/1263/270 2440/1265/271 2439/1266/271 2437/1264/270
f 2440/1265/271 2442/1267/272 2441/1268/272 2439/1266/271
f 2442/1267/272 2444/1269/273 2443/1270/273 2441/1268/272
f 2444/1269/273 2446/1271/274 2445/1272/274 2443/1270/273
f 2446/1271/274 2448/1273/275 2447/1274/275 2445/1272/274
f 2448/1273/275 2450/1275/276 2449/1276/276 2447/1274/275
f 2450/1275/276 2452/1277/277 2451/1278/277 2449/1276/276
f 2452/1277/277 2454/1279/278 2453/1280/278 2451/1278/277
f 2454/1279/278 2456/1281/279 2455/1282/279 2453/1280/278
f 2456/1281/279 2458/1283/280 2457/1284/280 2455/1282/279
f 2458/1283/280 2460/1285/281 2459/1286/281 2457/1284/280
f 2460/1285/281 2462/1287/282 2461/1288/282 2459/1286/281
f 2462/1287/282 2464/1289/283 2463/1290/283 2461/1288/282
f 2464/1289/283 2466/1291/284 2465/1292/284 2463/1290/283
f 2466/1291/284 2468/1293/285 2467/1294/285 2465/1292/284
f 2468/1293/285 2470/1295/286 2469/1296/286 2467/1294/285
f 2470/1295/286 2472/1297/29 2471/1298/29 2469/1296/286
f 2472/1297/29 2474/1299/30 2473/1300/30 2471/1298/29
f 2474/1299/30 2476/1301/287 2475/1302/287 2473/1300/30
f 2476/1301/287 2478/1303/288 2477/1304/288 2475/1302/287
f 2478/1303/288 2480/1305/289 2479/1306/289 2477/1304/288
f 2480/1305/289 2482/1307/290 2481/1308/290 2479/1306/289
f 2482/1307/290 2484/1309/291 2483/1310/291 2481/1308/290
f 2484/1309/291 2486/1311/292 2485/1312/292 2483/1310/291
f 2486/1311/292 2488/1313/293 2487/1314/293 2485/1312/292
f 2488/1313/293 2490/1315/294 2489/1316/294 2487/1314/293
f 2490/1315/294 2492/1317/295 2491/1318/295 2489/1316/294
f 2492/1317/295 2494/1319/296 2493/1320/296 2491/1318/295
f 2494/1319/296 2496/1321/297 2495/1322/297 2493/1320/296
f 2496/1321/297 2498/1323/298 2497/1324/298 2495/1322/297
f 2498/1323/298 2500/1325/299 2499/1326/299 2497/1324/298
f 2500/1325/299 2502/1327/300 2501/1328/300 2499/1326/299
f 2502/1327/300 2504/1329/301 2503/1330/301 2501/1328/300
f 2504/1329/301 2506/1331/302 2505/1332/302 2503/1330/301
f 2506/1331/302 2508/1333/303 2507/1334/303 2505/1332/302
f 2508/1333/303 2510/1335/304 2509/1336/304 2507/1334/303
f 2510/1335/304 2512/1337/305 2511/1338/305 2509/1336/304
f 2512/1337/305 2514/1339/306 2513/1340/306 2511/1338/305
f 2514/1339/306 2516/1341/307 2515/1342/307 2513/1340/306
f 2516/1341/307 2518/1343/308 2517/1344/308 2515/1342/307
f 2518/1343/308 2520/1345/309 2519/1346/309 2517/1344/308
f 2520/1345/309 2522/1347/310 2521/1348/310 2519/1346/309
f 2522/1347/310 2524/1349/311 2523/1350/311 2521/1348/310
f 2524/1349/311 2526/1351/312 2525/1352/312 2523/1350/311
f 2526/1351/312 2528/1353/313 2527/1354/313 2525/1352/312
f 2528/1353/313 2530/1355/29 2529/1356/29 2527/1354/313
f 2530/1355/29 2532/1357/30 2531/1358/30 2529/1356/29
f 2532/1357/30 2534/1359/31 2533/1360/31 2531/1358/30
f 2534/1359/31 2536/1361/60 2535/1362/60 2533/1360/31
f 2536/1361/60 2538/1363/60 2537/1364/60 2535/1362/60
f 2538/1363/60 2418/905/260 2417/51/260 2537/1364/60
f 2540/844/314 2542/1365/315 2541/1366/315 2539/91/314
f 2542/1365/315 2544/1367/316 2543/1368/316 2541/1366/315
f 2544/1367/316 2546/1369/317 2545/1370/317 2543/1368/316
f 2546/1369/317 2548/1371/318 2547/1372/318 2545/1370/317
f 2548/1371/318 2550/1373/319 2549/1374/319 2547/1372/318
f 2550/1373/319 2552/1375/320 2551/1376/320 2549/1374/319
f 2552/1375/320 2554/1377/321 2553/1378/321 2551/1376/320
f 2554/1377/321 2556/1379/322 2555/1380/322 2553/1378/321
f 2556/1379/322 2558/1381/323 2557/1382/323 2555/1380/322
f 2558/1381/323 2560/1383/324 2559/1384/324 2557/1382/323
f 2560/1383/324 2562/966/325 2561/623/325 2559/1384/324
f 2562/966/325 2564/1385/326 2563/379/326 2561/623/325
f 2564/1385/326 2566/1386/327 2565/1387/327 2563/379/326
f 2566/1386/327 2568/1388/328 2567/1389/328 2565/1387/327
f 2568/1388/328 2570/1390/329 2569/1391/329 2567/1389/328
f 2570/1390/329 2572/1392/330 2571/1393/330 2569/1391/329
f 2572/1392/330 2574/1394/331 2573/1395/331 2571/1393/330
f 2574/1394/331 2576/1396/332 2575/1397/332 2573/1395/331
f 2576/1396/332 2578/1398/333 2577/1399/333 2575/1397/332
f 2578/1398/333 2580/1400/334 2579/1401/334 2577/1399/333
f 2580/1400/334 2582/1402/335 2581/1403/335 2579/1401/334
f 2582/1402/335 2584/971/336 2583/617/336 2581/1403/335
f 2584/971/336 2586/1404/337 2585/1405/337 2583/617/336
f 2586/1404/337 2588/1406/338 2587/382/338 2585/1405/337
f 2588/1406/338 2590/1407/339 2589/1408/339 2587/382/338
f 2590/1407/339 2592/1409/340 2591/1410/340 2589/1408/339
f 2592/1409/340 2594/1411/341 2593/1412/341 2591/1410/340
f 2594/1411/341 2596/1413/8 2595/1414/8 2593/1412/341
f 2596/1413/8 2598/1415/342 2597/1416/342 2595/1414/8
f 2598/1415/342 2600/1417/343 2599/1418/343 2597/1416/342
f 2600/1417/343 2602/1419/344 2601/1420/344 2599/1418/343
f 2602/1419/344 2604/1421/345 2603/1422/345 2601/1420/344
f 2604/1421/345 2606/976/346 2605/616/346 2603/1422/345
f 2606/976/346 2608/1423/347 2607/1424/347 2605/616/346
f 2608/1423/347 2610/1425/348 2609/1426/348 2607/1424/347
f 2610/1425/348 2612/1427/349 2611/295/349 2609/1426/348
f 2612/1427/349 2614/1428/350 2613/1429/350 2611/295/349
f 2614/1428/350 2616/1430/351 2615/1431/351 2613/1429/350
f 2616/1430/351 2618/1432/352 2617/1433/352 2615/1431/351
f 2618/1432/352 2620/1434/353 2619/1435/353 2617/1433/352
f 2620/1434/353 2622/1436/354 2621/1437/354 2619/1435/353
f 2622/1436/354 2624/1438/355 2623/1439/355 2621/1437/354
f 2624/1438/355 2626/1440/356 2625/1441/356 2623/1439/355
f 2626/1440/356 2628/981/357 2627/180/357 2625/1441/356
f 2628/981/357 2630/1442/358 2629/1443/358 2627/180/357
f 2630/1442/358 2632/1444/359 2631/1445/359 2629/1443/358
f 2632/1444/359 2634/1446/360 2633/1447/360 2631/1445/359
f 2634/1446/360 2636/1448/361 2635/263/361 2633/1447/360
f 2636/1448/361 2638/1449/362 2637/1450/362 2635/263/361
f 2638/1449/362 2640/1451/363 2639/1452/363 2637/1450/362
f 2640/1451/363 2642/1453/364 2641/1454/364 2639/1452/363
f 2642/1453/364 2644/1455/365 2643/1456/365 2641/1454/364
f 2644/1455/365 2646/1457/366 2645/1458/366 2643/1456/365
f 2646/1457/366 2648/1459/367 2647/1460/367 2645/1458/366
f 2648/1459/367 2650/986/368 2649/649/368 2647/1460/367
f 2650/986/368 2652/1461/369 2651/1462/369 2649/649/368
f 2652/1461/369 2654/1463/370 2653/1464/370 2651/1462/369
f 2654/1463/370 2656/1465/371 2655/1466/371 2653/1464/370
f 2656/1465/371 2658/1467/372 2657/1468/372 2655/1466/371
f 2658/1467/372 2660/1469/373 2659/242/373 2657/1468/372
f 2660/1469/373 2662/1470/374 2661/1471/374 2659/242/373
f 2662/1470/374 2664/1472/375 2663/1473/375 2661/1471/374
f 2664/1472/375 2666/1474/376 2665/1475/376 2663/1473/375
f 2666/1474/376 2668/1476/377 2667/1477/377 2665/1475/376
f 2668/1476/377 2670/1478/378 2669/1479/378 2667/1477/377
f 2670/1478/378 2672/991/379 2671/57/379 2669/1479/378
f 2672/991/379 2674/1480/380 2673/1481/380 2671/57/379
f 2674/1480/380 2676/1482/381 2675/1483/381 2673/1481/380
f 2676/1482/381 2678/1484/382 2677/1485/382 2675/1483/381
f 2678/1484/382 2680/1486/383 2679/1487/383 2677/1485/382
f 2680/1486/383 2682/1488/384 2681/1489/384 2679/1487/383
f 2682/1488/384 2684/1490/385 2683/218/385 2681/1489/384
f 2684/1490/385 2686/1491/386 2685/1492/386 2683/218/385
f 2686/1491/386 2688/1493/387 2687/1494/387 2685/1492/386
f 2688/1493/387 2690/1495/388 2689/1496/388 2687/1494/387
f 2690/1495/388 2692/1497/389 2691/1498/389 2689/1496/388
f 2692/1497/389 2694/996/390 2693/646/390 2691/1498/389
f 2694/996/390 2696/1499/391 2695/1500/391 2693/646/390
f 2696/1499/391 2698/1501/392 2697/1502/392 2695/1500/391
f 2698/1501/392 2700/1503/393 2699/1504/393 2697/1502/392
f 2700/1503/393 2702/1505/394 2701/1506/394 2699/1504/393
f 2702/1505/394 2704/1507/395 2703/1508/395 2701/1506/394
f 2704/1507/395 2706/1509/396 2705/1510/396 2703/1508/395
f 2706/1509/396 2708/1511/397 2707/262/397 2705/1510/396
f 2708/1511/397 2710/1512/398 2709/1513/398 2707/262/397
f 2710/1512/398 2712/1514/399 2711/1515/399 2709/1513/398
f 2712/1514/399 2714/1516/400 2713/1517/400 2711/1515/399
f 2714/1516/400 2716/1001/401 2715/194/401 2713/1517/400
f 2716/1001/401 2718/1518/402 2717/1519/402 2715/194/401
f 2718/1518/402 2720/1520/403 2719/1521/403 2717/1519/402
f 2720/1520/403 2722/1522/404 2721/1523/404 2719/1521/403
f 2722/1522/404 2724/1524/405 2723/1525/405 2721/1523/404
f 2724/1524/405 2726/1526/406 2725/1527/406 2723/1525/405
f 2726/1526/406 2728/1528/407 2727/1529/407 2725/1527/406
f 2728/1528/407 2730/1530/408 2729/1531/408 2727/1529/407
f 2730/1530/408 2732/1532/409 2731/339/409 2729/1531/408
f 2732/1532/409 2734/1533/410 2733/1534/410 2731/339/409
f 2734/1533/410 2736/1535/411 2735/1536/411 2733/1534/410
f 2736/1535/411 2738/1006/412 2737/637/412 2735/1536/411
f 2738/1006/412 2740/1537/413 2739/1538/413 2737/637/412
f 2740/1537/413 2742/1539/414 2741/1540/414 2739/1538/413
f 2742/1539/414 2744/1541/415 2743/1542/415 2741/1540/414
f 2744/1541/415 2746/1543/416 2745/1544/416 2743/1542/415
f 2746/1543/416 2748/1545/417 2747/1546/417 2745/1544/416
f 2748/1545/417 2750/1547/418 2749/1548/418 2747/1546/417
f 2750/1547/418 2752/1549/419 2751/1550/419 2749/1548/418
f 2752/1549/419 2754/1551/420 2753/1552/420 2751/1550/419
f 2754/1551/420 2756/1553/421 2755/283/421 2753/1552/420
f 2756/1553/421 2758/1554/422 2757/1555/422 2755/283/421
f 2758/1554/422 2760/1011/423 2759/633/423 2757/1555/422
f 2760/1011/423 2762/1556/424 2761/1557/424 2759/633/423
f 2762/1556/424 2764/1558/425 2763/1559/425 2761/1557/424
f 2764/1558/425 2766/1560/426 2765/1561/426 2763/1559/425
f 2766/1560/426 2768/1562/427 2767/1563/427 2765/1561/426
f 2768/1562/427 2770/1564/428 2769/1565/428 2767/1563/427
f 2770/1564/428 2772/1566/429 2771/1567/429 2769/1565/428
f 2772/1566/429 2774/1568/430 2773/1569/430 2771/1567/429
f 2774/1568/430 2776/1570/431 2775/1571/431 2773/1569/430
f 2776/1570/431 2778/1572/432 2777/1573/432 2775/1571/431
f 2778/1572/432 2780/1574/433 2779/334/433 2777/1573/432
f 2780/1574/433 2782/1016/434 2781/629/434 2779/334/433
f 2782/1016/434 2784/1575/435 2783/1576/435 2781/629/434
f 2784/1575/435 2786/1577/436 2785/1578/436 2783/1576/435
f 2786/1577/436 2788/1579/437 2787/1580/437 2785/1578/436
f 2788/1579/437 2790/1581/438 2789/1582/438 2787/1580/437
f 2790/1581/438 2792/1583/439 2791/1584/439 2789/1582/438
f 2792/1583/439 2794/1585/440 2793/1586/440 2791/1584/439
f 2794/1585/440 2796/1587/441 2795/1588/441 2793/1586/440
f 2796/1587/441 2798/1589/442 2797/1590/442 2795/1588/441
f 2798/1589/442 2800/1591/443 2799/1592/443 2797/1590/442
f 2800/1591/443 2802/1593/175 2801/1594/175 2799/1592/443
f 2802/1593/175 2540/905/314 2539/51/314 2801/1594/175
f 2804/844/30 2806/1595/31 2805/1596/31 2803/91/30
f 2806/1595/31 2808/1597/444 2807/1598/444 2805/1596/31
f 2808/1597/444 2810/1599/445 2809/1600/445 2807/1598/444
f 2810/1599/445 2812/1601/446 2811/1602/446 2809/1600/445
f 2812/1601/446 2814/1603/447 2813/1604/447 2811/1602/446
f 2814/1603/447 2816/1605/448 2815/1606/448 2813/1604/447
f 2816/1605/448 2818/1607/449 2817/1608/449 2815/1606/448
f 2818/1607/449 2820/1609/450 2819/1610/450 2817/1608/449
f 2820/1609/450 2822/1611/451 2821/1612/451 2819/1610/450
f 2822/1611/451 2824/1613/452 2823/1614/452 2821/1612/451
f 2824/1613/452 2826/1615/453 2825/1616/453 2823/1614/452
f 2826/1615/453 2828/1617/454 2827/1618/454 2825/1616/453
f 2828/1617/454 2830/1619/455 2829/1620/455 2827/1618/454
f 2830/1619/455 2832/1621/456 2831/1622/456 2829/1620/455
f 2832/1621/456 2834/1623/457 2833/1624/457 2831/1622/456
f 2834/1623/457 2836/1625/458 2835/1626/458 2833/1624/457
f 2836/1625/458 2838/1627/459 2837/1628/459 2835/1626/458
f 2838/1627/459 2840/1629/460 2839/1630/460 2837/1628/459
f 2840/1629/460 2842/1631/461 2841/1632/461 2839/1630/460
f 2842/1631/461 2844/1633/462 2843/1634/462 2841/1632/461
f 2844/1633/462 2846/1635/463 2845/1636/463 2843/1634/462
f 2846/1635/463 2848/1637/464 2847/1638/464 2845/1636/463
f 2848/1637/464 2850/1639/465 2849/1640/465 2847/1638/464
f 2850/1639/465 2852/1641/466 2851/1642/466 2849/1640/465
f 2852/1641/466 2854/1643/467 2853/1644/467 2851/1642/466
f 2854/1643/467 2856/1645/468 2855/1646/468 2853/1644/467
f 2856/1645/468 2858/1647/469 2857/1648/469 2855/1646/468
f 2858/1647/469 2860/1649/470 2859/1650/470 2857/1648/469
f 2860/1649/470 2862/1651/471 2861/1652/471 2859/1650/470
f 2862/1651/471 2864/1653/472 2863/1654/472 2861/1652/471
f 2864/1653/472 2866/1655/473 2865/1656/473 2863/1654/472
f 2866/1655/473 2868/1657/474 2867/1658/474 2865/1656/473
f 2868/1657/474 2870/1659/475 2869/1660/475 2867/1658/474
f 2870/1659/475 2872/1661/476 2871/1662/476 2869/1660/475
f 2872/1661/476 2874/1663/477 2873/1664/477 2871/1662/476
f 2874/1663/477 2876/1665/478 2875/1666/478 2873/1664/477
f 2876/1665/478 2878/1667/479 2877/1668/479 2875/1666/478
f 2878/1667/479 2880/1669/480 2879/1670/480 2877/1668/479
f 2880/1669/480 2882/1671/481 2881/1672/481 2879/1670/480
f 2882/1671/481 2884/1673/482 2883/1674/482 2881/1672/481
f 2884/1673/482 2886/1675/483 2885/1676/483 2883/1674/482
f 2886/1675/483 2888/1677/29 2887/1678/29 2885/1676/483
f 2888/1677/29 2804/905/30 2803/51/30 2887/1678/29
f 2890/844/439 2892/1679/484 2891/1680/484 2889/91/439
f 2892/1679/484 2894/1681/485 2893/1682/485 2891/1680/484
f 2894/1681/485 2896/1683/486 2895/1684/486 2893/1682/485
f 2896/1683/486 2898/1685/487 2897/1686/487 2895/1684/486
f 2898/1685/487 2900/1687/488 2899/1688/488 2897/1686/487
f 2900/1687/488 2902/1689/489 2901/1690/489 2899/1688/488
f 2902/1689/489 2904/1691/490 2903/1692/490 2901/1690/489
f 2904/1691/490 2906/1693/491 2905/1694/491 2903/1692/490
f 2906/1693/491 2908/1695/492 2907/1696/492 2905/1694/491
f 2908/1695/492 2910/1697/493 2909/1698/493 2907/1696/492
f 2910/1697/493 2912/1699/494 2911/1700/494 2909/1698/493
f 2912/1699/494 2914/1701/495 2913/1702/495 2911/1700/494
f 2914/1701/495 2916/1703/496 2915/1704/496 2913/1702/495
f 2916/1703/496 2918/1705/497 2917/1706/497 2915/1704/496
f 2918/1705/497 2920/1707/498 2919/1708/498 2917/1706/497
f 2920/1707/498 2922/1709/499 2921/1710/499 2919/1708/498
f 2922/1709/499 2924/1711/500 2923/1712/500 2921/1710/499
f 2924/1711/500 2926/1713/501 2925/1714/501 2923/1712/500
f 2926/1713/501 2928/1715/502 2927/1716/502 2925/1714/501
f 2928/1715/502 2930/1717/503 2929/1718/503 2927/1716/502
f 2930/1717/503 2932/1719/504 2931/1720/504 2929/1718/503
f 2932/1719/504 2934/1721/505 2933/1722/505 2931/1720/504
f 2934/1721/505 2936/1723/506 2935/1724/506 2933/1722/505
f 2936/1723/506 2938/1725/507 2937/1726/507 2935/1724/506
f 2938/1725/507 2940/1727/508 2939/1728/508 2937/1726/507
f 2940/1727/508 2942/1729/47 2941/1730/47 2939/1728/508
f 2942/1729/47 2944/1731/509 2943/1732/509 2941/1730/47
f 2944/1731/509 2946/1733/510 2945/1734/510 2943/1732/509
f 2946/1733/510 2948/1735/511 2947/1736/511 2945/1734/510
f 2948/1735/511 2950/1737/512 2949/1738/512 2947/1736/511
f 2950/1737/512 2952/1739/513 2951/1740/513 2949/1738/512
f 2952/1739/513 2954/1741/514 2953/1742/514 2951/1740/513
f 2954/1741/514 2956/1743/515 2955/1744/515 2953/1742/514
f 2956/1743/515 2958/1745/516 2957/1746/516 2955/1744/515
f 2958/1745/516 2960/1747/517 2959/1748/517 2957/1746/516
f 2960/1747/517 2962/1749/518 2961/1750/518 2959/1748/517
f 2962/1749/518 2964/1751/519 2963/1752/519 2961/1750/518
f 2964/1751/519 2966/1753/520 2965/1754/520 2963/1752/519
f 2966/1753/520 2968/1755/29 2967/1756/29 2965/1754/520
f 2968/1755/29 2970/1757/521 2969/1758/521 2967/1756/29
f 2970/1757/521 2890/905/439 2889/51/439 2969/1758/521
f 2972/844/522 2974/1759/523 2973/1760/523 2971/91/522
f 2974/1759/523 2976/1761/524 2975/1762/524 2973/1760/523
f 2976/1761/524 2978/1763/525 2977/1764/525 2975/1762/524
f 2978/1763/525 2980/1765/526 2979/1766/526 2977/1764/525
f 2980/1765/526 2982/1767/527 2981/1768/527 2979/1766/526
f 2982/1767/527 2984/1769/528 2983/1770/528 2981/1768/527
f 2984/1769/528 2986/1771/529 2985/1772/529 2983/1770/528
f 2986/1771/529 2988/1773/530 2987/1774/530 2985/1772/529
f 2988/1773/530 2990/1775/531 2989/1776/531 2987/1774/530
f 2990/1775/531 2992/1777/532 2991/1778/532 2989/1776/531
f 2992/1777/532 2994/1779/533 2993/1780/533 2991/1778/532
f 2994/1779/533 2996/1781/534 2995/1782/534 2993/1780/533
f 2996/1781/534 2998/1783/535 2997/1784/535 2995/1782/534
f 2998/1783/535 3000/1785/536 2999/1786/536 2997/1784/535
f 3000/1785/536 3002/1787/537 3001/1788/537 2999/1786/536
f 3002/1787/537 3004/1789/538 3003/1790/538 3001/1788/537
f 3004/1789/538 3006/1791/539 3005/1792/539 3003/1790/538
f 3006/1791/539 3008/1793/540 3007/1794/540 3005/1792/539
f 3008/1793/540 3010/1795/541 3009/1796/541 3007/1794/540
f 3010/1795/541 3012/1797/542 3011/1798/542 3009/1796/541
f 3012/1797/542 3014/1799/543 3013/1800/543 3011/1798/542
f 3014/1799/543 3016/1801/544 3015/1802/544 3013/1800/543
f 3016/1801/544 3018/1803/545 3017/1804/545 3015/1802/544
f 3018/1803/545 3020/1805/546 3019/1806/546 3017/1804/545
f 3020/1805/546 3022/1807/547 3021/1808/547 3019/1806/546
f 3022/1807/547 3024/1809/548 3023/1810/548 3021/1808/547
f 3024/1809/548 3026/1811/549 3025/1812/549 3023/1810/548
f 3026/1811/549 3028/1813/550 3027/1814/550 3025/1812/549
f 3028/1813/550 3030/1815/551 3029/1816/551 3027/1814/550
f 3030/1815/551 3032/1817/552 3031/1818/552 3029/1816/551
f 3032/1817/552 3034/1819/553 3033/1820/553 3031/1818/552
f 3034/1819/553 3036/1821/554 3035/1822/554 3033/1820/553
f 3036/1821/554 3038/1823/555 3037/1824/555 3035/1822/554
f 3038/1823/555 3040/1825/556 3039/1826/556 3037/1824/555
f 3040/1825/556 3042/1827/557 3041/1828/557 3039/1826/556
f 3042/1827/557 3044/1829/558 3043/1830/558 3041/1828/557
f 3044/1829/558 3046/976/559 3045/616/559 3043/1830/558
f 3046/976/559 3048/1831/560 3047/1832/560 3045/616/559
f 3048/1831/560 3050/1833/561 3049/1834/561 3047/1832/560
f 3050/1833/561 3052/1835/562 3051/1836/562 3049/1834/561
f 3052/1835/562 3054/1837/563 3053/1838/563 3051/1836/562
f 3054/1837/563 3056/1839/564 3055/1840/564 3053/1838/563
f 3056/1839/564 3058/1841/565 3057/1842/565 3055/1840/564
f 3058/1841/565 3060/1843/566 3059/1844/566 3057/1842/565
f 3060/1843/566 3062/1845/567 3061/1846/567 3059/1844/566
f 3062/1845/567 3064/1847/568 3063/1848/568 3061/1846/567
f 3064/1847/568 3066/1849/569 3065/1850/569 3063/1848/568
f 3066/1849/569 3068/1851/570 3067/1852/570 3065/1850/569
f 3068/1851/570 3070/1853/571 3069/1854/571 3067/1852/570
f 3070/1853/571 3072/1855/572 3071/1856/572 3069/1854/571
f 3072/1855/572 3074/1857/573 3073/1858/573 3071/1856/572
f 3074/1857/573 3076/1859/574 3075/1860/574 3073/1858/573
f 3076/1859/574 3078/1861/575 3077/1862/575 3075/1860/574
f 3078/1861/575 3080/1863/576 3079/1864/576 3077/1862/575
f 3080/1863/576 3082/1865/577 3081/1866/577 3079/1864/576
f 3082/1865/577 3084/1867/578 3083/1868/578 3081/1866/577
f 3084/1867/578 3086/1869/579 3085/1870/579 3083/1868/578
f 3086/1869/579 3088/1871/580 3087/1872/580 3085/1870/579
f 3088/1871/580 3090/1873/581 3089/1874/581 3087/1872/580
f 3090/1873/581 3092/1875/582 3091/1876/582 3089/1874/581
f 3092/1875/582 3094/1877/583 3093/1878/583 3091/1876/582
f 3094/1877/583 3096/1879/584 3095/1880/584 3093/1878/583
f 3096/1879/584 3098/1881/585 3097/1882/585 3095/1880/584
f 3098/1881/585 3100/1883/586 3099/1884/586 3097/1882/585
f 3100/1883/586 3102/1885/587 3101/1886/587 3099/1884/586
f 3102/1885/587 3104/1887/588 3103/1888/588 3101/1886/587
f 3104/1887/588 3106/1889/589 3105/1890/589 3103/1888/588
f 3106/1889/589 3108/1891/590 3107/1892/590 3105/1890/589
f 3108/1891/590 3110/1893/591 3109/1894/591 3107/1892/590
f 3110/1893/591 3112/1895/592 3111/1896/592 3109/1894/591
f 3112/1895/592 3114/1897/593 3113/1898/593 3111/1896/592
f 3114/1897/593 3116/1899/594 3115/1900/594 3113/1898/593
f 3116/1899/594 3118/1901/595 3117/1902/595 3115/1900/594
f 3118/1901/595 3120/991/596 3119/57/596 3117/1902/595
f 3120/991/596 3122/1903/597 3121/1904/597 3119/57/596
f 3122/1903/597 3124/1905/598 3123/1906/598 3121/1904/597
f 3124/1905/598 3126/1907/599 3125/1908/599 3123/1906/598
f 3126/1907/599 3128/1909/600 3127/1910/600 3125/1908/599
f 3128/1909/600 3130/1911/601 3129/1912/601 3127/1910/600
f 3130/1911/601 3132/1913/602 3131/1914/602 3129/1912/601
f 3132/1913/602 3134/1915/603 3133/1916/603 3131/1914/602
f 3134/1915/603 3136/1917/604 3135/1918/604 3133/1916/603
f 3136/1917/604 3138/1919/605 3137/1920/605 3135/1918/604
f 3138/1919/605 3140/1921/606 3139/1922/606 3137/1920/605
f 3140/1921/606 3142/1923/607 3141/1924/607 3139/1922/606
f 3142/1923/607 3144/1925/608 3143/1926/608 3141/1924/607
f 3144/1925/608 3146/1927/609 3145/1928/609 3143/1926/608
f 3146/1927/609 3148/1929/610 3147/1930/610 3145/1928/609
f 3148/1929/610 3150/1931/611 3149/1932/611 3147/1930/610
f 3150/1931/611 3152/1933/612 3151/1934/612 3149/1932/611
f 3152/1933/612 3154/1935/613 3153/1936/613 3151/1934/612
f 3154/1935/613 3156/1937/614 3155/1938/614 3153/1936/613
f 3156/1937/614 3158/1939/615 3157/1940/615 3155/1938/614
f 3158/1939/615 3160/1941/616 3159/1942/616 3157/1940/615
f 3160/1941/616 3162/1943/617 3161/1944/617 3159/1942/616
f 3162/1943/617 3164/1945/618 3163/1946/618 3161/1944/617
f 3164/1945/618 3166/1947/619 3165/1948/619 3163/1946/618
f 3166/1947/619 3168/1949/620 3167/1950/620 3165/1948/619
f 3168/1949/620 3170/1951/621 3169/1952/621 3167/1950/620
f 3170/1951/621 3172/1953/622 3171/1954/622 3169/1952/621
f 3172/1953/622 3174/1955/623 3173/1956/623 3171/1954/622
f 3174/1955/623 3176/1957/624 3175/1958/624 3173/1956/623
f 3176/1957/624 3178/1959/625 3177/1960/625 3175/1958/624
f 3178/1959/625 3180/1961/626 3179/1962/626 3177/1960/625
f 3180/1961/626 3182/1963/627 3181/1964/627 3179/1962/626
f 3182/1963/627 3184/1965/628 3183/1966/628 3181/1964/627
f 3184/1965/628 3186/1967/629 3185/1968/629 3183/1966/628
f 3186/1967/629 3188/1969/630 3187/1970/630 3185/1968/629
f 3188/1969/630 3190/1971/631 3189/1972/631 3187/1970/630
f 3190/1971/631 3192/1973/632 3191/1974/632 3189/1972/631
f 3192/1973/632 3194/1006/633 3193/637/633 3191/1974/632
f 3194/1006/633 3196/1975/634 3195/1976/634 3193/637/633
f 3196/1975/634 3198/1977/635 3197/1978/635 3195/1976/634
f 3198/1977/635 3200/1979/636 3199/1980/636 3197/1978/635
f 3200/1979/636 3202/1981/637 3201/1982/637 3199/1980/636
f 3202/1981/637 3204/1983/638 3203/1984/638 3201/1982/637
f 3204/1983/638 3206/1985/639 3205/1986/639 3203/1984/638
f 3206/1985/639 3208/1987/640 3207/1988/640 3205/1986/639
f 3208/1987/640 3210/1989/641 3209/1990/641 3207/1988/640
f 3210/1989/641 3212/1991/642 3211/1992/642 3209/1990/641
f 3212/1991/642 3214/1993/643 3213/1994/643 3211/1992/642
f 3214/1993/643 3216/1995/644 3215/1996/644 3213/1994/643
f 3216/1995/644 3218/1997/645 3217/1998/645 3215/1996/644
f 3218/1997/645 3220/1999/646 3219/2000/646 3217/1998/645
f 3220/1999/646 3222/2001/647 3221/2002/647 3219/2000/646
f 3222/2001/647 3224/2003/648 3223/2004/648 3221/2002/647
f 3224/2003/648 3226/2005/649 3225/2006/649 3223/2004/648
f 3226/2005/649 3228/2007/650 3227/2008/650 3225/2006/649
f 3228/2007/650 3230/2009/651 3229/2010/651 3227/2008/650
f 3230/2009/651 3232/2011/652 3231/2012/652 3229/2010/651
f 3232/2011/652 3234/2013/653 3233/2014/653 3231/2012/652
f 3234/2013/653 3236/2015/654 3235/2016/654 3233/2014/653
f 3236/2015/654 3238/2017/655 3237/2018/655 3235/2016/654
f 3238/2017/655 3240/2019/656 3239/2020/656 3237/2018/655
f 3240/2019/656 3242/2021/657 3241/2022/657 3239/2020/656
f 3242/2021/657 3244/2023/658 3243/2024/658 3241/2022/657
f 3244/2023/658 3246/2025/659 3245/2026/659 3243/2024/658
f 3246/2025/659 3248/2027/660 3247/2028/660 3245/2026/659
f 3248/2027/660 3250/2029/661 3249/2030/661 3247/2028/660
f 3250/2029/661 3252/2031/662 3251/2032/662 3249/2030/661
f 3252/2031/662 3254/2033/663 3253/2034/663 3251/2032/662
f 3254/2033/663 3256/2035/664 3255/2036/664 3253/2034/663
f 3256/2035/664 3258/2037/665 3257/2038/665 3255/2036/664
f 3258/2037/665 3260/2039/666 3259/2040/666 3257/2038/665
f 3260/2039/666 3262/2041/667 3261/2042/667 3259/2040/666
f 3262/2041/667 3264/2043/668 3263/2044/668 3261/2042/667
f 3264/2043/668 3266/2045/669 3265/2046/669 3263/2044/668
f 3266/2045/669 2972/905/522 2971/51/522 3265/2046/669
f 3268/844/670 3270/2047/671 3269/2048/671 3267/91/670
f 3270/2047/671 3272/964/672 3271/625/672 3269/2048/671
f 3272/964/672 3274/2049/673 3273/2050/673 3271/625/672
f 3274/2049/673 3276/967/674 3275/621/674 3273/2050/673
f 3276/967/674 3278/2051/675 3277/693/675 3275/621/674
f 3278/2051/675 3280/970/676 3279/618/676 3277/693/675
f 3280/970/676 3282/2052/677 3281/2053/677 3279/618/676
f 3282/2052/677 3284/973/678 3283/152/678 3281/2053/677
f 3284/973/678 3286/2054/679 3285/2055/679 3283/152/678
f 3286/2054/679 3288/976/680 3287/616/680 3285/2055/679
f 3288/976/680 3290/2056/681 3289/2057/681 3287/616/680
f 3290/2056/681 3292/979/682 3291/622/682 3289/2057/681
f 3292/979/682 3294/2058/683 3293/2059/683 3291/622/682
f 3294/2058/683 3296/982/684 3295/628/684 3293/2059/683
f 3296/982/684 3298/2060/685 3297/753/685 3295/628/684
f 3298/2060/685 3300/985/686 3299/187/686 3297/753/685
f 3300/985/686 3302/2061/687 3301/2062/687 3299/187/686
f 3302/2061/687 3304/988/688 3303/653/688 3301/2062/687
f 3304/988/688 3306/2063/689 3305/2064/689 3303/653/688
f 3306/2063/689 3308/991/690 3307/57/690 3305/2064/689
f 3308/991/690 3310/2065/691 3309/2066/691 3307/57/690
f 3310/2065/691 3312/994/692 3311/648/692 3309/2066/691
f 3312/994/692 3314/2067/693 3313/2068/693 3311/648/692
f 3314/2067/693 3316/997/694 3315/209/694 3313/2068/693
f 3316/997/694 3318/2069/695 3317/765/695 3315/209/694
f 3318/2069/695 3320/1000/696 3319/642/696 3317/765/695
f 3320/1000/696 3322/2070/697 3321/2071/697 3319/642/696
f 3322/2070/697 3324/1003/698 3323/639/698 3321/2071/697
f 3324/1003/698 3326/2072/699 3325/2073/699 3323/639/698
f 3326/2072/699 3328/1006/700 3327/637/700 3325/2073/699
f 3328/1006/700 3330/2074/701 3329/2075/701 3327/637/700
f 3330/2074/701 3332/1009/702 3331/137/702 3329/2075/701
f 3332/1009/702 3334/2076/703 3333/2077/703 3331/137/702
f 3334/2076/703 3336/1012/704 3335/632/704 3333/2077/703
f 3336/1012/704 3338/2078/705 3337/663/705 3335/632/704
f 3338/2078/705 3340/1015/706 3339/630/706 3337/663/705
f 3340/1015/706 3342/2079/707 3341/2080/707 3339/630/706
f 3342/2079/707 3344/1018/708 3343/610/708 3341/2080/707
f 3344/1018/708 3346/2081/709 3345/2082/709 3343/610/708
f 3346/2081/709 3268/905/670 3267/51/670 3345/2082/709
f 3348/844/710 3350/2083/711 3349/92/711 3347/91/710
f 3350/2083/711 3352/2084/712 3351/94/712 3349/92/711
f 3352/2084/712 3354/2085/713 3353/95/713 3351/94/712
f 3354/2085/713 3356/2086/714 3355/97/714 3353/95/713
f 3356/2086/714 3358/2087/715 3357/98/715 3355/97/714
f 3358/2087/715 3360/2088/716 3359/100/716 3357/98/715
f 3360/2088/716 3362/2089/717 3361/101/717 3359/100/716
f 3362/2089/717 3364/2090/718 3363/103/718 3361/101/717
f 3364/2090/718 3366/2091/719 3365/104/719 3363/103/718
f 3366/2091/719 3368/2092/720 3367/105/720 3365/104/719
f 3368/2092/720 3370/2093/721 3369/107/721 3367/105/720
f 3370/2093/721 3372/2094/722 3371/106/722 3369/107/721
f 3372/2094/722 3374/2095/723 3373/102/723 3371/106/722
f 3374/2095/723 3376/2096/724 3375/99/724 3373/102/723
f 3376/2096/724 3378/2097/725 3377/96/725 3375/99/724
f 3378/2097/725 3380/2098/726 3379/93/726 3377/96/725
f 3380/2098/726 3382/2099/727 3381/90/727 3379/93/726
f 3382/2099/727 3384/2100/728 3383/89/728 3381/90/727
f 3384/2100/728 3386/2101/729 3385/77/729 3383/89/728
f 3386/2101/729 3388/2102/730 3387/70/730 3385/77/729
f 3388/2102/730 3390/2103/731 3389/63/731 3387/70/730
f 3390/2103/731 3392/2104/732 3391/60/732 3389/63/731
f 3392/2104/732 3394/2105/733 3393/58/733 3391/60/732
f 3394/2105/733 3396/2106/734 3395/55/734 3393/58/733
f 3396/2106/734 3398/2107/735 3397/53/735 3395/55/734
f 3398/2107/735 3400/2108/736 3399/49/736 3397/53/735
f 3400/2108/736 3402/2109/737 3401/43/737 3399/49/736
f 3402/2109/737 3404/2110/738 3403/37/738 3401/43/737
f 3404/2110/738 3406/2111/739 3405/30/739 3403/37/738
f 3406/2111/739 3408/2112/740 3407/19/740 3405/30/739
f 3408/2112/740 3410/2113/741 3409/15/741 3407/19/740
f 3410/2113/741 3412/2114/742 3411/13/742 3409/15/741
f 3412/2114/742 3414/2115/743 3413/11/743 3411/13/742
f 3414/2115/743 3416/2116/744 3415/9/744 3413/11/743
f 3416/2116/744 3418/2117/387 3417/7/387 3415/9/744
f 3418/2117/387 3420/2118/745 3419/5/745 3417/7/387
f 3420/2118/745 3422/2119/746 3421/1/746 3419/5/745
f 3422/2119/746 3424/2120/747 3423/3/747 3421/1/746
f 3424/2120/747 3426/2121/748 3425/2/748 3423/3/747
f 3426/2121/748 3428/2122/749 3427/4/749 3425/2/748
f 3428/2122/749 3430/2123/750 3429/6/750 3427/4/749
f 3430/2123/750 3432/2124/751 3431/8/751 3429/6/750
f 3432/2124/751 3434/2125/752 3433/10/752 3431/8/751
f 3434/2125/752 3436/2126/753 3435/12/753 3433/10/752
f 3436/2126/753 3438/2127/754 3437/14/754 3435/12/753
f 3438/2127/754 3440/2128/755 3439/18/755 3437/14/754
f 3440/2128/755 3442/2129/756 3441/29/756 3439/18/755
f 3442/2129/756 3444/2130/757 3443/38/757 3441/29/756
f 3444/2130/757 3446/2131/758 3445/46/758 3443/38/757
f 3446/2131/758 3448/2132/759 3447/52/759 3445/46/758
f 3448/2132/759 3450/2133/760 3449/54/760 3447/52/759
f 3450/2133/760 3452/2134/761 3451/56/761 3449/54/760
f 3452/2134/761 3454/991/762 3453/57/762 3451/56/761
f 3454/991/762 3456/2135/763 3455/59/763 3453/57/762
f 3456/2135/763 3458/2136/764 3457/61/764 3455/59/763
f 3458/2136/764 3460/2137/765 3459/62/765 3457/61/764
f 3460/2137/765 3462/2138/766 3461/64/766 3459/62/765
f 3462/2138/766 3464/2139/767 3463/68/767 3461/64/766
f 3464/2139/767 3466/2140/768 3465/71/768 3463/68/767
f 3466/2140/768 3468/2141/302 3467/74/302 3465/71/768
f 3468/2141/302 3470/2142/769 3469/78/769 3467/74/302
f 3470/2142/769 3472/2143/770 3471/80/770 3469/78/769
f 3472/2143/770 3474/2144/771 3473/83/771 3471/80/770
f 3474/2144/771 3476/2145/772 3475/85/772 3473/83/771
f 3476/2145/772 3478/2146/773 3477/88/773 3475/85/772
f 3478/2146/773 3480/2147/774 3479/87/774 3477/88/773
f 3480/2147/774 3482/2148/775 3481/86/775 3479/87/774
f 3482/2148/775 3484/2149/776 3483/84/776 3481/86/775
f 3484/2149/776 3486/2150/777 3485/82/777 3483/84/776
f 3486/2150/777 3488/2151/778 3487/81/778 3485/82/777
f 3488/2151/778 3490/2152/779 3489/79/779 3487/81/778
f 3490/2152/779 3492/2153/780 3491/76/780 3489/79/779
f 3492/2153/780 3494/2154/781 3493/75/781 3491/76/780
f 3494/2154/781 3496/2155/782 3495/73/782 3493/75/781
f 3496/2155/782 3498/2156/783 3497/72/783 3495/73/782
f 3498/2156/783 3500/2157/784 3499/69/784 3497/72/783
f 3500/2157/784 3502/2158/785 3501/65/785 3499/69/784
f 3502/2158/785 3504/2159/786 3503/67/786 3501/65/785
f 3504/2159/786 3506/2160/787 3505/66/787 3503/67/786
f 3506/2160/787 3508/2161/788 3507/48/788 3505/66/787
f 3508/2161/788 3510/2162/789 3509/45/789 3507/48/788
f 3510/2162/789 3512/2163/790 3511/42/790 3509/45/789
f 3512/2163/790 3514/2164/791 3513/40/791 3511/42/790
f 3514/2164/791 3516/2165/792 3515/36/792 3513/40/791
f 3516/2165/792 3518/2166/793 3517/34/793 3515/36/792
f 3518/2166/793 3520/2167/794 3519/32/794 3517/34/793
f 3520/2167/794 3522/2168/795 3521/28/795 3519/32/794
f 3522/2168/795 3524/2169/796 3523/26/796 3521/28/795
f 3524/2169/796 3526/2170/797 3525/24/797 3523/26/796
f 3526/2170/797 3528/2171/798 3527/22/798 3525/24/797
f 3528/2171/798 3530/2172/799 3529/17/799 3527/22/798
f 3530/2172/799 3532/2173/800 3531/16/800 3529/17/799
f 3532/2173/800 3534/2174/801 3533/20/801 3531/16/800
f 3534/2174/801 3536/2175/802 3535/21/802 3533/20/801
f 3536/2175/802 3538/2176/803 3537/23/803 3535/21/802
f 3538/2176/803 3540/2177/804 3539/25/804 3537/23/803
f 3540/2177/804 3542/2178/805 3541/27/805 3539/25/804
f 3542/2178/805 3544/2179/806 3543/31/806 3541/27/805
f 3544/2179/806 3546/2180/807 3545/33/807 3543/31/806
f 3546/2180/807 3548/2181/808 3547/35/808 3545/33/807
f 3548/2181/808 3550/2182/809 3549/39/809 3547/35/808
f 3550/2182/809 3552/2183/810 3551/41/810 3549/39/809
f 3552/2183/810 3554/2184/811 3553/44/811 3551/41/810
f 3554/2184/811 3556/2185/812 3555/47/812 3553/44/811
f 3556/2185/812 3558/2186/813 3557/50/813 3555/47/812
f 3558/2186/813 3348/905/710 3347/51/710 3557/50/813
f 3560/844/814 3562/2187/815 3561/2188/815 3559/91/814
f 3562/2187/815 3564/2047/466 3563/2048/466 3561/2188/815
f 3564/2047/466 3566/2189/816 3565/2190/816 3563/2048/466
f 3566/2189/816 3568/964/817 3567/625/817 3565/2190/816
f 3568/964/817 3570/2191/818 3569/685/818 3567/625/817
f 3570/2191/818 3572/2049/819 3571/2050/819 3569/685/818
f 3572/2049/819 3574/2192/820 3573/2193/820 3571/2050/819
f 3574/2192/820 3576/967/821 3575/621/821 3573/2193/820
f 3576/967/821 3578/2194/822 3577/2195/822 3575/621/821
f 3578/2194/822 3580/2051/823 3579/693/823 3577/2195/822
f 3580/2051/823 3582/2196/824 3581/2197/824 3579/693/823
f 3582/2196/824 3584/970/825 3583/618/825 3581/2197/824
f 3584/970/825 3586/2198/826 3585/2199/826 3583/618/825
f 3586/2198/826 3588/2052/827 3587/2053/827 3585/2199/826
f 3588/2052/827 3590/2200/828 3589/704/828 3587/2053/827
f 3590/2200/828 3592/973/829 3591/152/829 3589/704/828
f 3592/973/829 3594/2201/830 3593/2202/830 3591/152/829
f 3594/2201/830 3596/2054/831 3595/2055/831 3593/2202/830
f 3596/2054/831 3598/2203/832 3597/2204/832 3595/2055/831
f 3598/2203/832 3600/976/833 3599/616/833 3597/2204/832
f 3600/976/833 3602/2205/834 3601/2206/834 3599/616/833
f 3602/2205/834 3604/2056/835 3603/2057/835 3601/2206/834
f 3604/2056/835 3606/2207/836 3605/2208/836 3603/2057/835
f 3606/2207/836 3608/979/837 3607/622/837 3605/2208/836
f 3608/979/837 3610/2209/838 3609/728/838 3607/622/837
f 3610/2209/838 3612/2058/839 3611/2059/839 3609/728/838
f 3612/2058/839 3614/2210/840 3613/2211/840 3611/2059/839
f 3614/2210/840 3616/982/841 3615/628/841 3613/2211/840
f 3616/982/841 3618/2212/842 3617/2213/842 3615/628/841
f 3618/2212/842 3620/2060/843 3619/753/843 3617/2213/842
f 3620/2060/843 3622/2214/844 3621/2215/844 3619/753/843
f 3622/2214/844 3624/985/845 3623/187/845 3621/2215/844
f 3624/985/845 3626/2216/846 3625/2217/846 3623/187/845
f 3626/2216/846 3628/2061/847 3627/2062/847 3625/2217/846
f 3628/2061/847 3630/2218/848 3629/781/848 3627/2062/847
f 3630/2218/848 3632/988/849 3631/653/849 3629/781/848
f 3632/988/849 3634/2219/850 3633/2220/850 3631/653/849
f 3634/2219/850 3636/2063/851 3635/2064/851 3633/2220/850
f 3636/2063/851 3638/2221/852 3637/2222/852 3635/2064/851
f 3638/2221/852 3640/991/853 3639/57/853 3637/2222/852
f 3640/991/853 3642/2223/854 3641/2224/854 3639/57/853
f 3642/2223/854 3644/2065/855 3643/2066/855 3641/2224/854
f 3644/2065/855 3646/2225/856 3645/2226/856 3643/2066/855
f 3646/2225/856 3648/994/857 3647/648/857 3645/2226/856
f 3648/994/857 3650/2227/858 3649/745/858 3647/648/857
f 3650/2227/858 3652/2067/859 3651/2068/859 3649/745/858
f 3652/2067/859 3654/2228/860 3653/2229/860 3651/2068/859
f 3654/2228/860 3656/997/861 3655/209/861 3653/2229/860
f 3656/997/861 3658/2230/862 3657/2231/862 3655/209/861
f 3658/2230/862 3660/2069/863 3659/765/863 3657/2231/862
f 3660/2069/863 3662/2232/864 3661/2233/864 3659/765/863
f 3662/2232/864 3664/1000/865 3663/642/865 3661/2233/864
f 3664/1000/865 3666/2234/866 3665/2235/866 3663/642/865
f 3666/2234/866 3668/2070/867 3667/2071/867 3665/2235/866
f 3668/2070/867 3670/2236/868 3669/751/868 3667/2071/867
f 3670/2236/868 3672/1003/869 3671/639/869 3669/751/868
f 3672/1003/869 3674/2237/870 3673/2238/870 3671/639/869
f 3674/2237/870 3676/2072/871 3675/2073/871 3673/2238/870
f 3676/2072/871 3678/2239/872 3677/2240/872 3675/2073/871
f 3678/2239/872 3680/1006/873 3679/637/873 3677/2240/872
f 3680/1006/873 3682/2241/874 3681/2242/874 3679/637/873
f 3682/2241/874 3684/2074/875 3683/2075/875 3681/2242/874
f 3684/2074/875 3686/2243/876 3685/2244/876 3683/2075/875
f 3686/2243/876 3688/1009/877 3687/137/877 3685/2244/876
f 3688/1009/877 3690/2245/878 3689/700/878 3687/137/877
f 3690/2245/878 3692/2076/879 3691/2077/879 3689/700/878
f 3692/2076/879 3694/2246/880 3693/2247/880 3691/2077/879
f 3694/2246/880 3696/1012/881 3695/632/881 3693/2247/880
f 3696/1012/881 3698/2248/882 3697/2249/882 3695/632/881
f 3698/2248/882 3700/2078/883 3699/663/883 3697/2249/882
f 3700/2078/883 3702/2250/884 3701/2251/884 3699/663/883
f 3702/2250/884 3704/1015/885 3703/630/885 3701/2251/884
f 3704/1015/885 3706/2252/886 3705/2253/886 3703/630/885
f 3706/2252/886 3708/2079/887 3707/2080/887 3705/2253/886
f 3708/2079/887 3710/2254/888 3709/661/888 3707/2080/887
f 3710/2254/888 3712/1018/889 3711/610/889 3709/661/888
f 3712/1018/889 3714/2255/890 3713/2256/890 3711/610/889
f 3714/2255/890 3716/2081/891 3715/2082/891 3713/2256/890
f 3716/2081/891 3718/2257/892 3717/2258/892 3715/2082/891
f 3718/2257/892 3560/905/814 3559/51/814 3717/2258/892
f 3720/844/893 3722/2259/894 3721/2260/894 3719/91/893
f 3722/2259/894 3724/2261/895 3723/2262/895 3721/2260/894
f 3724/2261/895 3726/2263/896 3725/691/896 3723/2262/895
f 3726/2263/896 3728/2264/897 3727/2265/897 3725/691/896
f 3728/2264/897 3730/2266/898 3729/2267/898 3727/2265/897
f 3730/2266/898 3732/2268/899 3731/710/899 3729/2267/898
f 3732/2268/899 3734/2269/900 3733/2270/900 3731/710/899
f 3734/2269/900 3736/2271/901 3735/2272/901 3733/2270/900
f 3736/2271/901 3738/981/902 3737/180/902 3735/2272/901
f 3738/981/902 3740/2273/903 3739/2274/903 3737/180/902
f 3740/2273/903 3742/2275/904 3741/2276/904 3739/2274/903
f 3742/2275/904 3744/2277/905 3743/784/905 3741/2276/904
f 3744/2277/905 3746/2278/906 3745/2279/906 3743/784/905
f 3746/2278/906 3748/2280/907 3747/2281/907 3745/2279/906
f 3748/2280/907 3750/2282/908 3749/743/908 3747/2281/907
f 3750/2282/908 3752/2283/909 3751/2284/909 3749/743/908
f 3752/2283/909 3754/2285/910 3753/2286/910 3751/2284/909
f 3754/2285/910 3756/1001/911 3755/194/911 3753/2286/910
f 3756/1001/911 3758/2287/912 3757/2288/912 3755/194/911
f 3758/2287/912 3760/2289/913 3759/2290/913 3757/2288/912
f 3760/2289/913 3762/2291/914 3761/719/914 3759/2290/913
f 3762/2291/914 3764/2292/915 3763/2293/915 3761/719/914
f 3764/2292/915 3766/2294/916 3765/2295/916 3763/2293/915
f 3766/2294/916 3768/2296/917 3767/657/917 3765/2295/916
f 3768/2296/917 3770/2297/918 3769/2298/918 3767/657/917
f 3770/2297/918 3772/2299/919 3771/2300/919 3769/2298/918
f 3772/2299/919 3720/905/893 3719/51/893 3771/2300/919
